Copyright 1986-2022 Xilinx, Inc. All Rights Reserved. Copyright 2022-2025 Advanced Micro Devices, Inc. All Rights Reserved.
------------------------------------------------------------------------------------------------------------------------------------------------------------------------------------------------------------------------------------
| Tool Version : Vivado v.2025.2 (win64) Build 6299465 Fri Nov 14 19:35:11 GMT 2025
| Date         : Mon Mar 16 19:50:21 2026
| Host         : DESKTOP-9LLI76O running 64-bit major release  (build 9200)
| Command      : report_timing_summary -max_paths 10 -routable_nets -report_unconstrained -file top_fpga_timing_summary_routed.rpt -pb top_fpga_timing_summary_routed.pb -rpx top_fpga_timing_summary_routed.rpx -warn_on_violation
| Design       : top_fpga
| Device       : 7a100t-csg324
| Speed File   : -1  PRODUCTION 1.23 2018-06-13
| Design State : Routed
------------------------------------------------------------------------------------------------------------------------------------------------------------------------------------------------------------------------------------

Timing Summary Report

------------------------------------------------------------------------------------------------
| Timer Settings
| --------------
------------------------------------------------------------------------------------------------

  Enable Multi Corner Analysis               :  Yes
  Enable Pessimism Removal                   :  Yes
  Pessimism Removal Resolution               :  Nearest Common Node
  Enable Input Delay Default Clock           :  No
  Enable Preset / Clear Arcs                 :  No
  Disable Flight Delays                      :  No
  Ignore I/O Paths                           :  No
  Timing Early Launch at Borrowing Latches   :  No
  Borrow Time for Max Delay Exceptions       :  Yes
  Merge Timing Exceptions                    :  Yes
  Inter-SLR Compensation                     :  Conservative

  Corner  Analyze    Analyze    
  Name    Max Paths  Min Paths  
  ------  ---------  ---------  
  Slow    Yes        Yes        
  Fast    Yes        Yes        


------------------------------------------------------------------------------------------------
| Report Methodology
| ------------------
------------------------------------------------------------------------------------------------

Rule       Severity          Description                    Violations  
---------  ----------------  -----------------------------  ----------  
TIMING-17  Critical Warning  Non-clocked sequential cell    15          
TIMING-18  Warning           Missing input or output delay  1           

Note: This report is based on the most recent report_methodology run and may not be up-to-date. Run report_methodology on the current design for the latest report.



check_timing report

Table of Contents
-----------------
1. checking no_clock (15)
2. checking constant_clock (0)
3. checking pulse_width_clock (0)
4. checking unconstrained_internal_endpoints (43)
5. checking no_input_delay (1)
6. checking no_output_delay (14)
7. checking multiple_clock (0)
8. checking generated_clocks (0)
9. checking loops (0)
10. checking partial_input_delay (0)
11. checking partial_output_delay (0)
12. checking latch_loops (0)

1. checking no_clock (15)
-------------------------
 There are 15 register/latch pins with no clock driven by root clock pin: slow_clk_reg/Q (HIGH)


2. checking constant_clock (0)
------------------------------
 There are 0 register/latch pins with constant_clock.


3. checking pulse_width_clock (0)
---------------------------------
 There are 0 register/latch pins which need pulse_width check


4. checking unconstrained_internal_endpoints (43)
-------------------------------------------------
 There are 43 pins that are not constrained for maximum delay. (HIGH)

 There are 0 pins that are not constrained for maximum delay due to constant clock.


5. checking no_input_delay (1)
------------------------------
 There is 1 input port with no input delay specified. (HIGH)

 There are 0 input ports with no input delay but user has a false path constraint.


6. checking no_output_delay (14)
--------------------------------
 There are 14 ports with no output delay specified. (HIGH)

 There are 0 ports with no output delay but user has a false path constraint

 There are 0 ports with no output delay but with a timing clock defined on it or propagating through it


7. checking multiple_clock (0)
------------------------------
 There are 0 register/latch pins with multiple clocks.


8. checking generated_clocks (0)
--------------------------------
 There are 0 generated clocks that are not connected to a clock source.


9. checking loops (0)
---------------------
 There are 0 combinational loops in the design.


10. checking partial_input_delay (0)
------------------------------------
 There are 0 input ports with partial input delay specified.


11. checking partial_output_delay (0)
-------------------------------------
 There are 0 ports with partial output delay specified.


12. checking latch_loops (0)
----------------------------
 There are 0 combinational latch loops in the design through latch input



------------------------------------------------------------------------------------------------
| Design Timing Summary
| ---------------------
------------------------------------------------------------------------------------------------

    WNS(ns)      TNS(ns)  TNS Failing Endpoints  TNS Total Endpoints      WHS(ns)      THS(ns)  THS Failing Endpoints  THS Total Endpoints     WPWS(ns)     TPWS(ns)  TPWS Failing Endpoints  TPWS Total Endpoints  
    -------      -------  ---------------------  -------------------      -------      -------  ---------------------  -------------------     --------     --------  ----------------------  --------------------  
      5.855        0.000                      0                   27        0.338        0.000                      0                   27        4.500        0.000                       0                    28  


All user specified timing constraints are met.


------------------------------------------------------------------------------------------------
| Clock Summary
| -------------
------------------------------------------------------------------------------------------------

Clock  Waveform(ns)       Period(ns)      Frequency(MHz)
-----  ------------       ----------      --------------
clk    {0.000 5.000}      10.000          100.000         


------------------------------------------------------------------------------------------------
| Intra Clock Table
| -----------------
------------------------------------------------------------------------------------------------

Clock             WNS(ns)      TNS(ns)  TNS Failing Endpoints  TNS Total Endpoints      WHS(ns)      THS(ns)  THS Failing Endpoints  THS Total Endpoints     WPWS(ns)     TPWS(ns)  TPWS Failing Endpoints  TPWS Total Endpoints  
-----             -------      -------  ---------------------  -------------------      -------      -------  ---------------------  -------------------     --------     --------  ----------------------  --------------------  
clk                 5.855        0.000                      0                   27        0.338        0.000                      0                   27        4.500        0.000                       0                    28  


------------------------------------------------------------------------------------------------
| Inter Clock Table
| -----------------
------------------------------------------------------------------------------------------------

From Clock    To Clock          WNS(ns)      TNS(ns)  TNS Failing Endpoints  TNS Total Endpoints      WHS(ns)      THS(ns)  THS Failing Endpoints  THS Total Endpoints  
----------    --------          -------      -------  ---------------------  -------------------      -------      -------  ---------------------  -------------------  


------------------------------------------------------------------------------------------------
| Other Path Groups Table
| -----------------------
------------------------------------------------------------------------------------------------

Path Group    From Clock    To Clock          WNS(ns)      TNS(ns)  TNS Failing Endpoints  TNS Total Endpoints      WHS(ns)      THS(ns)  THS Failing Endpoints  THS Total Endpoints  
----------    ----------    --------          -------      -------  ---------------------  -------------------      -------      -------  ---------------------  -------------------  


------------------------------------------------------------------------------------------------
| User Ignored Path Table
| -----------------------
------------------------------------------------------------------------------------------------

Path Group    From Clock    To Clock    
----------    ----------    --------    


------------------------------------------------------------------------------------------------
| Unconstrained Path Table
| ------------------------
------------------------------------------------------------------------------------------------

Path Group    From Clock    To Clock    
----------    ----------    --------    
(none)                                    
(none)                      clk           


------------------------------------------------------------------------------------------------
| Timing Details
| --------------
------------------------------------------------------------------------------------------------


---------------------------------------------------------------------------------------------------
From Clock:  clk
  To Clock:  clk

Setup :            0  Failing Endpoints,  Worst Slack        5.855ns,  Total Violation        0.000ns
Hold  :            0  Failing Endpoints,  Worst Slack        0.338ns,  Total Violation        0.000ns
PW    :            0  Failing Endpoints,  Worst Slack        4.500ns,  Total Violation        0.000ns
---------------------------------------------------------------------------------------------------


Max Delay Paths
--------------------------------------------------------------------------------------
Slack (MET) :             5.855ns  (required time - arrival time)
  Source:                 clk_cnt_reg[24]/C
                            (rising edge-triggered cell FDCE clocked by clk  {rise@0.000ns fall@5.000ns period=10.000ns})
  Destination:            clk_cnt_reg[2]/D
                            (rising edge-triggered cell FDCE clocked by clk  {rise@0.000ns fall@5.000ns period=10.000ns})
  Path Group:             clk
  Path Type:              Setup (Max at Slow Process Corner)
  Requirement:            10.000ns  (clk rise@10.000ns - clk rise@0.000ns)
  Data Path Delay:        4.123ns  (logic 0.963ns (23.357%)  route 3.160ns (76.643%))
  Logic Levels:           3  (LUT2=1 LUT6=2)
  Clock Path Skew:        -0.018ns (DCD - SCD + CPR)
    Destination Clock Delay (DCD):    5.021ns = ( 15.021 - 10.000 ) 
    Source Clock Delay      (SCD):    5.314ns
    Clock Pessimism Removal (CPR):    0.275ns
  Clock Uncertainty:      0.035ns  ((TSJ^2 + TIJ^2)^1/2 + DJ) / 2 + PE
    Total System Jitter     (TSJ):    0.071ns
    Total Input Jitter      (TIJ):    0.000ns
    Discrete Jitter          (DJ):    0.000ns
    Phase Error              (PE):    0.000ns

    Location             Delay type                Incr(ns)  Path(ns)    Netlist Resource(s)
  -------------------------------------------------------------------    -------------------
                         (clock clk rise edge)        0.000     0.000 r  
    E3                                                0.000     0.000 r  clk (IN)
                         net (fo=0)                   0.000     0.000    clk
    E3                   IBUF (Prop_ibuf_I_O)         1.482     1.482 r  clk_IBUF_inst/O
                         net (fo=1, routed)           2.025     3.506    clk_IBUF
    BUFGCTRL_X0Y16       BUFG (Prop_bufg_I_O)         0.096     3.602 r  clk_IBUF_BUFG_inst/O
                         net (fo=27, routed)          1.711     5.314    clk_IBUF_BUFG
    SLICE_X3Y71          FDCE                                         r  clk_cnt_reg[24]/C
  -------------------------------------------------------------------    -------------------
    SLICE_X3Y71          FDCE (Prop_fdce_C_Q)         0.419     5.733 r  clk_cnt_reg[24]/Q
                         net (fo=2, routed)           1.059     6.792    clk_cnt_reg_n_0_[24]
    SLICE_X3Y71          LUT6 (Prop_lut6_I0_O)        0.296     7.088 r  clk_cnt[25]_i_9/O
                         net (fo=1, routed)           0.867     7.955    clk_cnt[25]_i_9_n_0
    SLICE_X3Y68          LUT6 (Prop_lut6_I5_O)        0.124     8.079 r  clk_cnt[25]_i_2/O
                         net (fo=26, routed)          1.234     9.313    clk_cnt[25]_i_2_n_0
    SLICE_X3Y66          LUT2 (Prop_lut2_I0_O)        0.124     9.437 r  clk_cnt[2]_i_1/O
                         net (fo=1, routed)           0.000     9.437    clk_cnt[2]
    SLICE_X3Y66          FDCE                                         r  clk_cnt_reg[2]/D
  -------------------------------------------------------------------    -------------------

                         (clock clk rise edge)       10.000    10.000 r  
    E3                                                0.000    10.000 r  clk (IN)
                         net (fo=0)                   0.000    10.000    clk
    E3                   IBUF (Prop_ibuf_I_O)         1.411    11.411 r  clk_IBUF_inst/O
                         net (fo=1, routed)           1.920    13.331    clk_IBUF
    BUFGCTRL_X0Y16       BUFG (Prop_bufg_I_O)         0.091    13.422 r  clk_IBUF_BUFG_inst/O
                         net (fo=27, routed)          1.598    15.021    clk_IBUF_BUFG
    SLICE_X3Y66          FDCE                                         r  clk_cnt_reg[2]/C
                         clock pessimism              0.275    15.296    
                         clock uncertainty           -0.035    15.260    
    SLICE_X3Y66          FDCE (Setup_fdce_C_D)        0.031    15.291    clk_cnt_reg[2]
  -------------------------------------------------------------------
                         required time                         15.291    
                         arrival time                          -9.437    
  -------------------------------------------------------------------
                         slack                                  5.855    

Slack (MET) :             5.871ns  (required time - arrival time)
  Source:                 clk_cnt_reg[24]/C
                            (rising edge-triggered cell FDCE clocked by clk  {rise@0.000ns fall@5.000ns period=10.000ns})
  Destination:            clk_cnt_reg[3]/D
                            (rising edge-triggered cell FDCE clocked by clk  {rise@0.000ns fall@5.000ns period=10.000ns})
  Path Group:             clk
  Path Type:              Setup (Max at Slow Process Corner)
  Requirement:            10.000ns  (clk rise@10.000ns - clk rise@0.000ns)
  Data Path Delay:        4.151ns  (logic 0.991ns (23.874%)  route 3.160ns (76.126%))
  Logic Levels:           3  (LUT2=1 LUT6=2)
  Clock Path Skew:        -0.018ns (DCD - SCD + CPR)
    Destination Clock Delay (DCD):    5.021ns = ( 15.021 - 10.000 ) 
    Source Clock Delay      (SCD):    5.314ns
    Clock Pessimism Removal (CPR):    0.275ns
  Clock Uncertainty:      0.035ns  ((TSJ^2 + TIJ^2)^1/2 + DJ) / 2 + PE
    Total System Jitter     (TSJ):    0.071ns
    Total Input Jitter      (TIJ):    0.000ns
    Discrete Jitter          (DJ):    0.000ns
    Phase Error              (PE):    0.000ns

    Location             Delay type                Incr(ns)  Path(ns)    Netlist Resource(s)
  -------------------------------------------------------------------    -------------------
                         (clock clk rise edge)        0.000     0.000 r  
    E3                                                0.000     0.000 r  clk (IN)
                         net (fo=0)                   0.000     0.000    clk
    E3                   IBUF (Prop_ibuf_I_O)         1.482     1.482 r  clk_IBUF_inst/O
                         net (fo=1, routed)           2.025     3.506    clk_IBUF
    BUFGCTRL_X0Y16       BUFG (Prop_bufg_I_O)         0.096     3.602 r  clk_IBUF_BUFG_inst/O
                         net (fo=27, routed)          1.711     5.314    clk_IBUF_BUFG
    SLICE_X3Y71          FDCE                                         r  clk_cnt_reg[24]/C
  -------------------------------------------------------------------    -------------------
    SLICE_X3Y71          FDCE (Prop_fdce_C_Q)         0.419     5.733 r  clk_cnt_reg[24]/Q
                         net (fo=2, routed)           1.059     6.792    clk_cnt_reg_n_0_[24]
    SLICE_X3Y71          LUT6 (Prop_lut6_I0_O)        0.296     7.088 r  clk_cnt[25]_i_9/O
                         net (fo=1, routed)           0.867     7.955    clk_cnt[25]_i_9_n_0
    SLICE_X3Y68          LUT6 (Prop_lut6_I5_O)        0.124     8.079 r  clk_cnt[25]_i_2/O
                         net (fo=26, routed)          1.234     9.313    clk_cnt[25]_i_2_n_0
    SLICE_X3Y66          LUT2 (Prop_lut2_I0_O)        0.152     9.465 r  clk_cnt[3]_i_1/O
                         net (fo=1, routed)           0.000     9.465    clk_cnt[3]
    SLICE_X3Y66          FDCE                                         r  clk_cnt_reg[3]/D
  -------------------------------------------------------------------    -------------------

                         (clock clk rise edge)       10.000    10.000 r  
    E3                                                0.000    10.000 r  clk (IN)
                         net (fo=0)                   0.000    10.000    clk
    E3                   IBUF (Prop_ibuf_I_O)         1.411    11.411 r  clk_IBUF_inst/O
                         net (fo=1, routed)           1.920    13.331    clk_IBUF
    BUFGCTRL_X0Y16       BUFG (Prop_bufg_I_O)         0.091    13.422 r  clk_IBUF_BUFG_inst/O
                         net (fo=27, routed)          1.598    15.021    clk_IBUF_BUFG
    SLICE_X3Y66          FDCE                                         r  clk_cnt_reg[3]/C
                         clock pessimism              0.275    15.296    
                         clock uncertainty           -0.035    15.260    
    SLICE_X3Y66          FDCE (Setup_fdce_C_D)        0.075    15.335    clk_cnt_reg[3]
  -------------------------------------------------------------------
                         required time                         15.335    
                         arrival time                          -9.465    
  -------------------------------------------------------------------
                         slack                                  5.871    

Slack (MET) :             5.873ns  (required time - arrival time)
  Source:                 clk_cnt_reg[24]/C
                            (rising edge-triggered cell FDCE clocked by clk  {rise@0.000ns fall@5.000ns period=10.000ns})
  Destination:            clk_cnt_reg[22]/D
                            (rising edge-triggered cell FDCE clocked by clk  {rise@0.000ns fall@5.000ns period=10.000ns})
  Path Group:             clk
  Path Type:              Setup (Max at Slow Process Corner)
  Requirement:            10.000ns  (clk rise@10.000ns - clk rise@0.000ns)
  Data Path Delay:        4.121ns  (logic 0.963ns (23.368%)  route 3.158ns (76.632%))
  Logic Levels:           3  (LUT2=1 LUT6=2)
  Clock Path Skew:        0.000ns (DCD - SCD + CPR)
    Destination Clock Delay (DCD):    5.016ns = ( 15.016 - 10.000 ) 
    Source Clock Delay      (SCD):    5.314ns
    Clock Pessimism Removal (CPR):    0.298ns
  Clock Uncertainty:      0.035ns  ((TSJ^2 + TIJ^2)^1/2 + DJ) / 2 + PE
    Total System Jitter     (TSJ):    0.071ns
    Total Input Jitter      (TIJ):    0.000ns
    Discrete Jitter          (DJ):    0.000ns
    Phase Error              (PE):    0.000ns

    Location             Delay type                Incr(ns)  Path(ns)    Netlist Resource(s)
  -------------------------------------------------------------------    -------------------
                         (clock clk rise edge)        0.000     0.000 r  
    E3                                                0.000     0.000 r  clk (IN)
                         net (fo=0)                   0.000     0.000    clk
    E3                   IBUF (Prop_ibuf_I_O)         1.482     1.482 r  clk_IBUF_inst/O
                         net (fo=1, routed)           2.025     3.506    clk_IBUF
    BUFGCTRL_X0Y16       BUFG (Prop_bufg_I_O)         0.096     3.602 r  clk_IBUF_BUFG_inst/O
                         net (fo=27, routed)          1.711     5.314    clk_IBUF_BUFG
    SLICE_X3Y71          FDCE                                         r  clk_cnt_reg[24]/C
  -------------------------------------------------------------------    -------------------
    SLICE_X3Y71          FDCE (Prop_fdce_C_Q)         0.419     5.733 r  clk_cnt_reg[24]/Q
                         net (fo=2, routed)           1.059     6.792    clk_cnt_reg_n_0_[24]
    SLICE_X3Y71          LUT6 (Prop_lut6_I0_O)        0.296     7.088 r  clk_cnt[25]_i_9/O
                         net (fo=1, routed)           0.867     7.955    clk_cnt[25]_i_9_n_0
    SLICE_X3Y68          LUT6 (Prop_lut6_I5_O)        0.124     8.079 r  clk_cnt[25]_i_2/O
                         net (fo=26, routed)          1.232     9.311    clk_cnt[25]_i_2_n_0
    SLICE_X3Y71          LUT2 (Prop_lut2_I0_O)        0.124     9.435 r  clk_cnt[22]_i_1/O
                         net (fo=1, routed)           0.000     9.435    clk_cnt[22]
    SLICE_X3Y71          FDCE                                         r  clk_cnt_reg[22]/D
  -------------------------------------------------------------------    -------------------

                         (clock clk rise edge)       10.000    10.000 r  
    E3                                                0.000    10.000 r  clk (IN)
                         net (fo=0)                   0.000    10.000    clk
    E3                   IBUF (Prop_ibuf_I_O)         1.411    11.411 r  clk_IBUF_inst/O
                         net (fo=1, routed)           1.920    13.331    clk_IBUF
    BUFGCTRL_X0Y16       BUFG (Prop_bufg_I_O)         0.091    13.422 r  clk_IBUF_BUFG_inst/O
                         net (fo=27, routed)          1.593    15.016    clk_IBUF_BUFG
    SLICE_X3Y71          FDCE                                         r  clk_cnt_reg[22]/C
                         clock pessimism              0.298    15.314    
                         clock uncertainty           -0.035    15.278    
    SLICE_X3Y71          FDCE (Setup_fdce_C_D)        0.029    15.307    clk_cnt_reg[22]
  -------------------------------------------------------------------
                         required time                         15.307    
                         arrival time                          -9.435    
  -------------------------------------------------------------------
                         slack                                  5.873    

Slack (MET) :             5.893ns  (required time - arrival time)
  Source:                 clk_cnt_reg[24]/C
                            (rising edge-triggered cell FDCE clocked by clk  {rise@0.000ns fall@5.000ns period=10.000ns})
  Destination:            clk_cnt_reg[25]/D
                            (rising edge-triggered cell FDCE clocked by clk  {rise@0.000ns fall@5.000ns period=10.000ns})
  Path Group:             clk
  Path Type:              Setup (Max at Slow Process Corner)
  Requirement:            10.000ns  (clk rise@10.000ns - clk rise@0.000ns)
  Data Path Delay:        4.147ns  (logic 0.989ns (23.848%)  route 3.158ns (76.152%))
  Logic Levels:           3  (LUT2=1 LUT6=2)
  Clock Path Skew:        0.000ns (DCD - SCD + CPR)
    Destination Clock Delay (DCD):    5.016ns = ( 15.016 - 10.000 ) 
    Source Clock Delay      (SCD):    5.314ns
    Clock Pessimism Removal (CPR):    0.298ns
  Clock Uncertainty:      0.035ns  ((TSJ^2 + TIJ^2)^1/2 + DJ) / 2 + PE
    Total System Jitter     (TSJ):    0.071ns
    Total Input Jitter      (TIJ):    0.000ns
    Discrete Jitter          (DJ):    0.000ns
    Phase Error              (PE):    0.000ns

    Location             Delay type                Incr(ns)  Path(ns)    Netlist Resource(s)
  -------------------------------------------------------------------    -------------------
                         (clock clk rise edge)        0.000     0.000 r  
    E3                                                0.000     0.000 r  clk (IN)
                         net (fo=0)                   0.000     0.000    clk
    E3                   IBUF (Prop_ibuf_I_O)         1.482     1.482 r  clk_IBUF_inst/O
                         net (fo=1, routed)           2.025     3.506    clk_IBUF
    BUFGCTRL_X0Y16       BUFG (Prop_bufg_I_O)         0.096     3.602 r  clk_IBUF_BUFG_inst/O
                         net (fo=27, routed)          1.711     5.314    clk_IBUF_BUFG
    SLICE_X3Y71          FDCE                                         r  clk_cnt_reg[24]/C
  -------------------------------------------------------------------    -------------------
    SLICE_X3Y71          FDCE (Prop_fdce_C_Q)         0.419     5.733 r  clk_cnt_reg[24]/Q
                         net (fo=2, routed)           1.059     6.792    clk_cnt_reg_n_0_[24]
    SLICE_X3Y71          LUT6 (Prop_lut6_I0_O)        0.296     7.088 r  clk_cnt[25]_i_9/O
                         net (fo=1, routed)           0.867     7.955    clk_cnt[25]_i_9_n_0
    SLICE_X3Y68          LUT6 (Prop_lut6_I5_O)        0.124     8.079 r  clk_cnt[25]_i_2/O
                         net (fo=26, routed)          1.232     9.311    clk_cnt[25]_i_2_n_0
    SLICE_X3Y71          LUT2 (Prop_lut2_I0_O)        0.150     9.461 r  clk_cnt[25]_i_1/O
                         net (fo=1, routed)           0.000     9.461    clk_cnt[25]
    SLICE_X3Y71          FDCE                                         r  clk_cnt_reg[25]/D
  -------------------------------------------------------------------    -------------------

                         (clock clk rise edge)       10.000    10.000 r  
    E3                                                0.000    10.000 r  clk (IN)
                         net (fo=0)                   0.000    10.000    clk
    E3                   IBUF (Prop_ibuf_I_O)         1.411    11.411 r  clk_IBUF_inst/O
                         net (fo=1, routed)           1.920    13.331    clk_IBUF
    BUFGCTRL_X0Y16       BUFG (Prop_bufg_I_O)         0.091    13.422 r  clk_IBUF_BUFG_inst/O
                         net (fo=27, routed)          1.593    15.016    clk_IBUF_BUFG
    SLICE_X3Y71          FDCE                                         r  clk_cnt_reg[25]/C
                         clock pessimism              0.298    15.314    
                         clock uncertainty           -0.035    15.278    
    SLICE_X3Y71          FDCE (Setup_fdce_C_D)        0.075    15.353    clk_cnt_reg[25]
  -------------------------------------------------------------------
                         required time                         15.353    
                         arrival time                          -9.461    
  -------------------------------------------------------------------
                         slack                                  5.893    

Slack (MET) :             6.000ns  (required time - arrival time)
  Source:                 clk_cnt_reg[24]/C
                            (rising edge-triggered cell FDCE clocked by clk  {rise@0.000ns fall@5.000ns period=10.000ns})
  Destination:            clk_cnt_reg[6]/D
                            (rising edge-triggered cell FDCE clocked by clk  {rise@0.000ns fall@5.000ns period=10.000ns})
  Path Group:             clk
  Path Type:              Setup (Max at Slow Process Corner)
  Requirement:            10.000ns  (clk rise@10.000ns - clk rise@0.000ns)
  Data Path Delay:        3.975ns  (logic 0.963ns (24.227%)  route 3.012ns (75.773%))
  Logic Levels:           3  (LUT2=1 LUT6=2)
  Clock Path Skew:        -0.019ns (DCD - SCD + CPR)
    Destination Clock Delay (DCD):    5.020ns = ( 15.020 - 10.000 ) 
    Source Clock Delay      (SCD):    5.314ns
    Clock Pessimism Removal (CPR):    0.275ns
  Clock Uncertainty:      0.035ns  ((TSJ^2 + TIJ^2)^1/2 + DJ) / 2 + PE
    Total System Jitter     (TSJ):    0.071ns
    Total Input Jitter      (TIJ):    0.000ns
    Discrete Jitter          (DJ):    0.000ns
    Phase Error              (PE):    0.000ns

    Location             Delay type                Incr(ns)  Path(ns)    Netlist Resource(s)
  -------------------------------------------------------------------    -------------------
                         (clock clk rise edge)        0.000     0.000 r  
    E3                                                0.000     0.000 r  clk (IN)
                         net (fo=0)                   0.000     0.000    clk
    E3                   IBUF (Prop_ibuf_I_O)         1.482     1.482 r  clk_IBUF_inst/O
                         net (fo=1, routed)           2.025     3.506    clk_IBUF
    BUFGCTRL_X0Y16       BUFG (Prop_bufg_I_O)         0.096     3.602 r  clk_IBUF_BUFG_inst/O
                         net (fo=27, routed)          1.711     5.314    clk_IBUF_BUFG
    SLICE_X3Y71          FDCE                                         r  clk_cnt_reg[24]/C
  -------------------------------------------------------------------    -------------------
    SLICE_X3Y71          FDCE (Prop_fdce_C_Q)         0.419     5.733 r  clk_cnt_reg[24]/Q
                         net (fo=2, routed)           1.059     6.792    clk_cnt_reg_n_0_[24]
    SLICE_X3Y71          LUT6 (Prop_lut6_I0_O)        0.296     7.088 r  clk_cnt[25]_i_9/O
                         net (fo=1, routed)           0.867     7.955    clk_cnt[25]_i_9_n_0
    SLICE_X3Y68          LUT6 (Prop_lut6_I5_O)        0.124     8.079 r  clk_cnt[25]_i_2/O
                         net (fo=26, routed)          1.086     9.165    clk_cnt[25]_i_2_n_0
    SLICE_X3Y67          LUT2 (Prop_lut2_I0_O)        0.124     9.289 r  clk_cnt[6]_i_1/O
                         net (fo=1, routed)           0.000     9.289    clk_cnt[6]
    SLICE_X3Y67          FDCE                                         r  clk_cnt_reg[6]/D
  -------------------------------------------------------------------    -------------------

                         (clock clk rise edge)       10.000    10.000 r  
    E3                                                0.000    10.000 r  clk (IN)
                         net (fo=0)                   0.000    10.000    clk
    E3                   IBUF (Prop_ibuf_I_O)         1.411    11.411 r  clk_IBUF_inst/O
                         net (fo=1, routed)           1.920    13.331    clk_IBUF
    BUFGCTRL_X0Y16       BUFG (Prop_bufg_I_O)         0.091    13.422 r  clk_IBUF_BUFG_inst/O
                         net (fo=27, routed)          1.597    15.020    clk_IBUF_BUFG
    SLICE_X3Y67          FDCE                                         r  clk_cnt_reg[6]/C
                         clock pessimism              0.275    15.295    
                         clock uncertainty           -0.035    15.259    
    SLICE_X3Y67          FDCE (Setup_fdce_C_D)        0.029    15.288    clk_cnt_reg[6]
  -------------------------------------------------------------------
                         required time                         15.288    
                         arrival time                          -9.289    
  -------------------------------------------------------------------
                         slack                                  6.000    

Slack (MET) :             6.001ns  (required time - arrival time)
  Source:                 clk_cnt_reg[24]/C
                            (rising edge-triggered cell FDCE clocked by clk  {rise@0.000ns fall@5.000ns period=10.000ns})
  Destination:            clk_cnt_reg[18]/D
                            (rising edge-triggered cell FDCE clocked by clk  {rise@0.000ns fall@5.000ns period=10.000ns})
  Path Group:             clk
  Path Type:              Setup (Max at Slow Process Corner)
  Requirement:            10.000ns  (clk rise@10.000ns - clk rise@0.000ns)
  Data Path Delay:        3.971ns  (logic 0.963ns (24.251%)  route 3.008ns (75.749%))
  Logic Levels:           3  (LUT2=1 LUT6=2)
  Clock Path Skew:        -0.022ns (DCD - SCD + CPR)
    Destination Clock Delay (DCD):    5.017ns = ( 15.017 - 10.000 ) 
    Source Clock Delay      (SCD):    5.314ns
    Clock Pessimism Removal (CPR):    0.275ns
  Clock Uncertainty:      0.035ns  ((TSJ^2 + TIJ^2)^1/2 + DJ) / 2 + PE
    Total System Jitter     (TSJ):    0.071ns
    Total Input Jitter      (TIJ):    0.000ns
    Discrete Jitter          (DJ):    0.000ns
    Phase Error              (PE):    0.000ns

    Location             Delay type                Incr(ns)  Path(ns)    Netlist Resource(s)
  -------------------------------------------------------------------    -------------------
                         (clock clk rise edge)        0.000     0.000 r  
    E3                                                0.000     0.000 r  clk (IN)
                         net (fo=0)                   0.000     0.000    clk
    E3                   IBUF (Prop_ibuf_I_O)         1.482     1.482 r  clk_IBUF_inst/O
                         net (fo=1, routed)           2.025     3.506    clk_IBUF
    BUFGCTRL_X0Y16       BUFG (Prop_bufg_I_O)         0.096     3.602 r  clk_IBUF_BUFG_inst/O
                         net (fo=27, routed)          1.711     5.314    clk_IBUF_BUFG
    SLICE_X3Y71          FDCE                                         r  clk_cnt_reg[24]/C
  -------------------------------------------------------------------    -------------------
    SLICE_X3Y71          FDCE (Prop_fdce_C_Q)         0.419     5.733 r  clk_cnt_reg[24]/Q
                         net (fo=2, routed)           1.059     6.792    clk_cnt_reg_n_0_[24]
    SLICE_X3Y71          LUT6 (Prop_lut6_I0_O)        0.296     7.088 r  clk_cnt[25]_i_9/O
                         net (fo=1, routed)           0.867     7.955    clk_cnt[25]_i_9_n_0
    SLICE_X3Y68          LUT6 (Prop_lut6_I5_O)        0.124     8.079 r  clk_cnt[25]_i_2/O
                         net (fo=26, routed)          1.082     9.161    clk_cnt[25]_i_2_n_0
    SLICE_X3Y70          LUT2 (Prop_lut2_I0_O)        0.124     9.285 r  clk_cnt[18]_i_1/O
                         net (fo=1, routed)           0.000     9.285    clk_cnt[18]
    SLICE_X3Y70          FDCE                                         r  clk_cnt_reg[18]/D
  -------------------------------------------------------------------    -------------------

                         (clock clk rise edge)       10.000    10.000 r  
    E3                                                0.000    10.000 r  clk (IN)
                         net (fo=0)                   0.000    10.000    clk
    E3                   IBUF (Prop_ibuf_I_O)         1.411    11.411 r  clk_IBUF_inst/O
                         net (fo=1, routed)           1.920    13.331    clk_IBUF
    BUFGCTRL_X0Y16       BUFG (Prop_bufg_I_O)         0.091    13.422 r  clk_IBUF_BUFG_inst/O
                         net (fo=27, routed)          1.594    15.017    clk_IBUF_BUFG
    SLICE_X3Y70          FDCE                                         r  clk_cnt_reg[18]/C
                         clock pessimism              0.275    15.292    
                         clock uncertainty           -0.035    15.256    
    SLICE_X3Y70          FDCE (Setup_fdce_C_D)        0.029    15.285    clk_cnt_reg[18]
  -------------------------------------------------------------------
                         required time                         15.285    
                         arrival time                          -9.285    
  -------------------------------------------------------------------
                         slack                                  6.001    

Slack (MET) :             6.018ns  (required time - arrival time)
  Source:                 clk_cnt_reg[24]/C
                            (rising edge-triggered cell FDCE clocked by clk  {rise@0.000ns fall@5.000ns period=10.000ns})
  Destination:            clk_cnt_reg[9]/D
                            (rising edge-triggered cell FDCE clocked by clk  {rise@0.000ns fall@5.000ns period=10.000ns})
  Path Group:             clk
  Path Type:              Setup (Max at Slow Process Corner)
  Requirement:            10.000ns  (clk rise@10.000ns - clk rise@0.000ns)
  Data Path Delay:        4.003ns  (logic 0.991ns (24.757%)  route 3.012ns (75.243%))
  Logic Levels:           3  (LUT2=1 LUT6=2)
  Clock Path Skew:        -0.019ns (DCD - SCD + CPR)
    Destination Clock Delay (DCD):    5.020ns = ( 15.020 - 10.000 ) 
    Source Clock Delay      (SCD):    5.314ns
    Clock Pessimism Removal (CPR):    0.275ns
  Clock Uncertainty:      0.035ns  ((TSJ^2 + TIJ^2)^1/2 + DJ) / 2 + PE
    Total System Jitter     (TSJ):    0.071ns
    Total Input Jitter      (TIJ):    0.000ns
    Discrete Jitter          (DJ):    0.000ns
    Phase Error              (PE):    0.000ns

    Location             Delay type                Incr(ns)  Path(ns)    Netlist Resource(s)
  -------------------------------------------------------------------    -------------------
                         (clock clk rise edge)        0.000     0.000 r  
    E3                                                0.000     0.000 r  clk (IN)
                         net (fo=0)                   0.000     0.000    clk
    E3                   IBUF (Prop_ibuf_I_O)         1.482     1.482 r  clk_IBUF_inst/O
                         net (fo=1, routed)           2.025     3.506    clk_IBUF
    BUFGCTRL_X0Y16       BUFG (Prop_bufg_I_O)         0.096     3.602 r  clk_IBUF_BUFG_inst/O
                         net (fo=27, routed)          1.711     5.314    clk_IBUF_BUFG
    SLICE_X3Y71          FDCE                                         r  clk_cnt_reg[24]/C
  -------------------------------------------------------------------    -------------------
    SLICE_X3Y71          FDCE (Prop_fdce_C_Q)         0.419     5.733 r  clk_cnt_reg[24]/Q
                         net (fo=2, routed)           1.059     6.792    clk_cnt_reg_n_0_[24]
    SLICE_X3Y71          LUT6 (Prop_lut6_I0_O)        0.296     7.088 r  clk_cnt[25]_i_9/O
                         net (fo=1, routed)           0.867     7.955    clk_cnt[25]_i_9_n_0
    SLICE_X3Y68          LUT6 (Prop_lut6_I5_O)        0.124     8.079 r  clk_cnt[25]_i_2/O
                         net (fo=26, routed)          1.086     9.165    clk_cnt[25]_i_2_n_0
    SLICE_X3Y67          LUT2 (Prop_lut2_I0_O)        0.152     9.317 r  clk_cnt[9]_i_1/O
                         net (fo=1, routed)           0.000     9.317    clk_cnt[9]
    SLICE_X3Y67          FDCE                                         r  clk_cnt_reg[9]/D
  -------------------------------------------------------------------    -------------------

                         (clock clk rise edge)       10.000    10.000 r  
    E3                                                0.000    10.000 r  clk (IN)
                         net (fo=0)                   0.000    10.000    clk
    E3                   IBUF (Prop_ibuf_I_O)         1.411    11.411 r  clk_IBUF_inst/O
                         net (fo=1, routed)           1.920    13.331    clk_IBUF
    BUFGCTRL_X0Y16       BUFG (Prop_bufg_I_O)         0.091    13.422 r  clk_IBUF_BUFG_inst/O
                         net (fo=27, routed)          1.597    15.020    clk_IBUF_BUFG
    SLICE_X3Y67          FDCE                                         r  clk_cnt_reg[9]/C
                         clock pessimism              0.275    15.295    
                         clock uncertainty           -0.035    15.259    
    SLICE_X3Y67          FDCE (Setup_fdce_C_D)        0.075    15.334    clk_cnt_reg[9]
  -------------------------------------------------------------------
                         required time                         15.334    
                         arrival time                          -9.317    
  -------------------------------------------------------------------
                         slack                                  6.018    

Slack (MET) :             6.021ns  (required time - arrival time)
  Source:                 clk_cnt_reg[24]/C
                            (rising edge-triggered cell FDCE clocked by clk  {rise@0.000ns fall@5.000ns period=10.000ns})
  Destination:            clk_cnt_reg[21]/D
                            (rising edge-triggered cell FDCE clocked by clk  {rise@0.000ns fall@5.000ns period=10.000ns})
  Path Group:             clk
  Path Type:              Setup (Max at Slow Process Corner)
  Requirement:            10.000ns  (clk rise@10.000ns - clk rise@0.000ns)
  Data Path Delay:        3.997ns  (logic 0.989ns (24.744%)  route 3.008ns (75.256%))
  Logic Levels:           3  (LUT2=1 LUT6=2)
  Clock Path Skew:        -0.022ns (DCD - SCD + CPR)
    Destination Clock Delay (DCD):    5.017ns = ( 15.017 - 10.000 ) 
    Source Clock Delay      (SCD):    5.314ns
    Clock Pessimism Removal (CPR):    0.275ns
  Clock Uncertainty:      0.035ns  ((TSJ^2 + TIJ^2)^1/2 + DJ) / 2 + PE
    Total System Jitter     (TSJ):    0.071ns
    Total Input Jitter      (TIJ):    0.000ns
    Discrete Jitter          (DJ):    0.000ns
    Phase Error              (PE):    0.000ns

    Location             Delay type                Incr(ns)  Path(ns)    Netlist Resource(s)
  -------------------------------------------------------------------    -------------------
                         (clock clk rise edge)        0.000     0.000 r  
    E3                                                0.000     0.000 r  clk (IN)
                         net (fo=0)                   0.000     0.000    clk
    E3                   IBUF (Prop_ibuf_I_O)         1.482     1.482 r  clk_IBUF_inst/O
                         net (fo=1, routed)           2.025     3.506    clk_IBUF
    BUFGCTRL_X0Y16       BUFG (Prop_bufg_I_O)         0.096     3.602 r  clk_IBUF_BUFG_inst/O
                         net (fo=27, routed)          1.711     5.314    clk_IBUF_BUFG
    SLICE_X3Y71          FDCE                                         r  clk_cnt_reg[24]/C
  -------------------------------------------------------------------    -------------------
    SLICE_X3Y71          FDCE (Prop_fdce_C_Q)         0.419     5.733 r  clk_cnt_reg[24]/Q
                         net (fo=2, routed)           1.059     6.792    clk_cnt_reg_n_0_[24]
    SLICE_X3Y71          LUT6 (Prop_lut6_I0_O)        0.296     7.088 r  clk_cnt[25]_i_9/O
                         net (fo=1, routed)           0.867     7.955    clk_cnt[25]_i_9_n_0
    SLICE_X3Y68          LUT6 (Prop_lut6_I5_O)        0.124     8.079 r  clk_cnt[25]_i_2/O
                         net (fo=26, routed)          1.082     9.161    clk_cnt[25]_i_2_n_0
    SLICE_X3Y70          LUT2 (Prop_lut2_I0_O)        0.150     9.311 r  clk_cnt[21]_i_1/O
                         net (fo=1, routed)           0.000     9.311    clk_cnt[21]
    SLICE_X3Y70          FDCE                                         r  clk_cnt_reg[21]/D
  -------------------------------------------------------------------    -------------------

                         (clock clk rise edge)       10.000    10.000 r  
    E3                                                0.000    10.000 r  clk (IN)
                         net (fo=0)                   0.000    10.000    clk
    E3                   IBUF (Prop_ibuf_I_O)         1.411    11.411 r  clk_IBUF_inst/O
                         net (fo=1, routed)           1.920    13.331    clk_IBUF
    BUFGCTRL_X0Y16       BUFG (Prop_bufg_I_O)         0.091    13.422 r  clk_IBUF_BUFG_inst/O
                         net (fo=27, routed)          1.594    15.017    clk_IBUF_BUFG
    SLICE_X3Y70          FDCE                                         r  clk_cnt_reg[21]/C
                         clock pessimism              0.275    15.292    
                         clock uncertainty           -0.035    15.256    
    SLICE_X3Y70          FDCE (Setup_fdce_C_D)        0.075    15.331    clk_cnt_reg[21]
  -------------------------------------------------------------------
                         required time                         15.331    
                         arrival time                          -9.311    
  -------------------------------------------------------------------
                         slack                                  6.021    

Slack (MET) :             6.075ns  (required time - arrival time)
  Source:                 clk_cnt_reg[24]/C
                            (rising edge-triggered cell FDCE clocked by clk  {rise@0.000ns fall@5.000ns period=10.000ns})
  Destination:            clk_cnt_reg[1]/D
                            (rising edge-triggered cell FDCE clocked by clk  {rise@0.000ns fall@5.000ns period=10.000ns})
  Path Group:             clk
  Path Type:              Setup (Max at Slow Process Corner)
  Requirement:            10.000ns  (clk rise@10.000ns - clk rise@0.000ns)
  Data Path Delay:        3.901ns  (logic 0.963ns (24.686%)  route 2.938ns (75.314%))
  Logic Levels:           3  (LUT2=1 LUT6=2)
  Clock Path Skew:        -0.018ns (DCD - SCD + CPR)
    Destination Clock Delay (DCD):    5.021ns = ( 15.021 - 10.000 ) 
    Source Clock Delay      (SCD):    5.314ns
    Clock Pessimism Removal (CPR):    0.275ns
  Clock Uncertainty:      0.035ns  ((TSJ^2 + TIJ^2)^1/2 + DJ) / 2 + PE
    Total System Jitter     (TSJ):    0.071ns
    Total Input Jitter      (TIJ):    0.000ns
    Discrete Jitter          (DJ):    0.000ns
    Phase Error              (PE):    0.000ns

    Location             Delay type                Incr(ns)  Path(ns)    Netlist Resource(s)
  -------------------------------------------------------------------    -------------------
                         (clock clk rise edge)        0.000     0.000 r  
    E3                                                0.000     0.000 r  clk (IN)
                         net (fo=0)                   0.000     0.000    clk
    E3                   IBUF (Prop_ibuf_I_O)         1.482     1.482 r  clk_IBUF_inst/O
                         net (fo=1, routed)           2.025     3.506    clk_IBUF
    BUFGCTRL_X0Y16       BUFG (Prop_bufg_I_O)         0.096     3.602 r  clk_IBUF_BUFG_inst/O
                         net (fo=27, routed)          1.711     5.314    clk_IBUF_BUFG
    SLICE_X3Y71          FDCE                                         r  clk_cnt_reg[24]/C
  -------------------------------------------------------------------    -------------------
    SLICE_X3Y71          FDCE (Prop_fdce_C_Q)         0.419     5.733 r  clk_cnt_reg[24]/Q
                         net (fo=2, routed)           1.059     6.792    clk_cnt_reg_n_0_[24]
    SLICE_X3Y71          LUT6 (Prop_lut6_I0_O)        0.296     7.088 r  clk_cnt[25]_i_9/O
                         net (fo=1, routed)           0.867     7.955    clk_cnt[25]_i_9_n_0
    SLICE_X3Y68          LUT6 (Prop_lut6_I5_O)        0.124     8.079 r  clk_cnt[25]_i_2/O
                         net (fo=26, routed)          1.012     9.091    clk_cnt[25]_i_2_n_0
    SLICE_X3Y66          LUT2 (Prop_lut2_I0_O)        0.124     9.215 r  clk_cnt[1]_i_1/O
                         net (fo=1, routed)           0.000     9.215    clk_cnt[1]
    SLICE_X3Y66          FDCE                                         r  clk_cnt_reg[1]/D
  -------------------------------------------------------------------    -------------------

                         (clock clk rise edge)       10.000    10.000 r  
    E3                                                0.000    10.000 r  clk (IN)
                         net (fo=0)                   0.000    10.000    clk
    E3                   IBUF (Prop_ibuf_I_O)         1.411    11.411 r  clk_IBUF_inst/O
                         net (fo=1, routed)           1.920    13.331    clk_IBUF
    BUFGCTRL_X0Y16       BUFG (Prop_bufg_I_O)         0.091    13.422 r  clk_IBUF_BUFG_inst/O
                         net (fo=27, routed)          1.598    15.021    clk_IBUF_BUFG
    SLICE_X3Y66          FDCE                                         r  clk_cnt_reg[1]/C
                         clock pessimism              0.275    15.296    
                         clock uncertainty           -0.035    15.260    
    SLICE_X3Y66          FDCE (Setup_fdce_C_D)        0.029    15.289    clk_cnt_reg[1]
  -------------------------------------------------------------------
                         required time                         15.289    
                         arrival time                          -9.215    
  -------------------------------------------------------------------
                         slack                                  6.075    

Slack (MET) :             6.095ns  (required time - arrival time)
  Source:                 clk_cnt_reg[24]/C
                            (rising edge-triggered cell FDCE clocked by clk  {rise@0.000ns fall@5.000ns period=10.000ns})
  Destination:            slow_clk_reg/D
                            (rising edge-triggered cell FDCE clocked by clk  {rise@0.000ns fall@5.000ns period=10.000ns})
  Path Group:             clk
  Path Type:              Setup (Max at Slow Process Corner)
  Requirement:            10.000ns  (clk rise@10.000ns - clk rise@0.000ns)
  Data Path Delay:        3.927ns  (logic 0.989ns (25.185%)  route 2.938ns (74.815%))
  Logic Levels:           3  (LUT2=1 LUT6=2)
  Clock Path Skew:        -0.018ns (DCD - SCD + CPR)
    Destination Clock Delay (DCD):    5.021ns = ( 15.021 - 10.000 ) 
    Source Clock Delay      (SCD):    5.314ns
    Clock Pessimism Removal (CPR):    0.275ns
  Clock Uncertainty:      0.035ns  ((TSJ^2 + TIJ^2)^1/2 + DJ) / 2 + PE
    Total System Jitter     (TSJ):    0.071ns
    Total Input Jitter      (TIJ):    0.000ns
    Discrete Jitter          (DJ):    0.000ns
    Phase Error              (PE):    0.000ns

    Location             Delay type                Incr(ns)  Path(ns)    Netlist Resource(s)
  -------------------------------------------------------------------    -------------------
                         (clock clk rise edge)        0.000     0.000 r  
    E3                                                0.000     0.000 r  clk (IN)
                         net (fo=0)                   0.000     0.000    clk
    E3                   IBUF (Prop_ibuf_I_O)         1.482     1.482 r  clk_IBUF_inst/O
                         net (fo=1, routed)           2.025     3.506    clk_IBUF
    BUFGCTRL_X0Y16       BUFG (Prop_bufg_I_O)         0.096     3.602 r  clk_IBUF_BUFG_inst/O
                         net (fo=27, routed)          1.711     5.314    clk_IBUF_BUFG
    SLICE_X3Y71          FDCE                                         r  clk_cnt_reg[24]/C
  -------------------------------------------------------------------    -------------------
    SLICE_X3Y71          FDCE (Prop_fdce_C_Q)         0.419     5.733 r  clk_cnt_reg[24]/Q
                         net (fo=2, routed)           1.059     6.792    clk_cnt_reg_n_0_[24]
    SLICE_X3Y71          LUT6 (Prop_lut6_I0_O)        0.296     7.088 r  clk_cnt[25]_i_9/O
                         net (fo=1, routed)           0.867     7.955    clk_cnt[25]_i_9_n_0
    SLICE_X3Y68          LUT6 (Prop_lut6_I5_O)        0.124     8.079 r  clk_cnt[25]_i_2/O
                         net (fo=26, routed)          1.012     9.091    clk_cnt[25]_i_2_n_0
    SLICE_X3Y66          LUT2 (Prop_lut2_I0_O)        0.150     9.241 r  slow_clk_i_1/O
                         net (fo=1, routed)           0.000     9.241    slow_clk_i_1_n_0
    SLICE_X3Y66          FDCE                                         r  slow_clk_reg/D
  -------------------------------------------------------------------    -------------------

                         (clock clk rise edge)       10.000    10.000 r  
    E3                                                0.000    10.000 r  clk (IN)
                         net (fo=0)                   0.000    10.000    clk
    E3                   IBUF (Prop_ibuf_I_O)         1.411    11.411 r  clk_IBUF_inst/O
                         net (fo=1, routed)           1.920    13.331    clk_IBUF
    BUFGCTRL_X0Y16       BUFG (Prop_bufg_I_O)         0.091    13.422 r  clk_IBUF_BUFG_inst/O
                         net (fo=27, routed)          1.598    15.021    clk_IBUF_BUFG
    SLICE_X3Y66          FDCE                                         r  slow_clk_reg/C
                         clock pessimism              0.275    15.296    
                         clock uncertainty           -0.035    15.260    
    SLICE_X3Y66          FDCE (Setup_fdce_C_D)        0.075    15.335    slow_clk_reg
  -------------------------------------------------------------------
                         required time                         15.335    
                         arrival time                          -9.241    
  -------------------------------------------------------------------
                         slack                                  6.095    





Min Delay Paths
--------------------------------------------------------------------------------------
Slack (MET) :             0.338ns  (arrival time - required time)
  Source:                 clk_cnt_reg[0]/C
                            (rising edge-triggered cell FDCE clocked by clk  {rise@0.000ns fall@5.000ns period=10.000ns})
  Destination:            clk_cnt_reg[0]/D
                            (rising edge-triggered cell FDCE clocked by clk  {rise@0.000ns fall@5.000ns period=10.000ns})
  Path Group:             clk
  Path Type:              Hold (Min at Fast Process Corner)
  Requirement:            0.000ns  (clk rise@0.000ns - clk rise@0.000ns)
  Data Path Delay:        0.430ns  (logic 0.186ns (43.212%)  route 0.244ns (56.788%))
  Logic Levels:           1  (LUT1=1)
  Clock Path Skew:        0.000ns (DCD - SCD - CPR)
    Destination Clock Delay (DCD):    2.034ns
    Source Clock Delay      (SCD):    1.517ns
    Clock Pessimism Removal (CPR):    0.516ns

    Location             Delay type                Incr(ns)  Path(ns)    Netlist Resource(s)
  -------------------------------------------------------------------    -------------------
                         (clock clk rise edge)        0.000     0.000 r  
    E3                                                0.000     0.000 r  clk (IN)
                         net (fo=0)                   0.000     0.000    clk
    E3                   IBUF (Prop_ibuf_I_O)         0.250     0.250 r  clk_IBUF_inst/O
                         net (fo=1, routed)           0.644     0.894    clk_IBUF
    BUFGCTRL_X0Y16       BUFG (Prop_bufg_I_O)         0.026     0.920 r  clk_IBUF_BUFG_inst/O
                         net (fo=27, routed)          0.598     1.517    clk_IBUF_BUFG
    SLICE_X3Y67          FDCE                                         r  clk_cnt_reg[0]/C
  -------------------------------------------------------------------    -------------------
    SLICE_X3Y67          FDCE (Prop_fdce_C_Q)         0.141     1.658 f  clk_cnt_reg[0]/Q
                         net (fo=3, routed)           0.244     1.903    clk_cnt_reg_n_0_[0]
    SLICE_X3Y67          LUT1 (Prop_lut1_I0_O)        0.045     1.948 r  clk_cnt[0]_i_1/O
                         net (fo=1, routed)           0.000     1.948    clk_cnt[0]
    SLICE_X3Y67          FDCE                                         r  clk_cnt_reg[0]/D
  -------------------------------------------------------------------    -------------------

                         (clock clk rise edge)        0.000     0.000 r  
    E3                                                0.000     0.000 r  clk (IN)
                         net (fo=0)                   0.000     0.000    clk
    E3                   IBUF (Prop_ibuf_I_O)         0.438     0.438 r  clk_IBUF_inst/O
                         net (fo=1, routed)           0.699     1.136    clk_IBUF
    BUFGCTRL_X0Y16       BUFG (Prop_bufg_I_O)         0.029     1.165 r  clk_IBUF_BUFG_inst/O
                         net (fo=27, routed)          0.869     2.034    clk_IBUF_BUFG
    SLICE_X3Y67          FDCE                                         r  clk_cnt_reg[0]/C
                         clock pessimism             -0.516     1.517    
    SLICE_X3Y67          FDCE (Hold_fdce_C_D)         0.092     1.609    clk_cnt_reg[0]
  -------------------------------------------------------------------
                         required time                         -1.609    
                         arrival time                           1.948    
  -------------------------------------------------------------------
                         slack                                  0.338    

Slack (MET) :             0.493ns  (arrival time - required time)
  Source:                 clk_cnt_reg[7]/C
                            (rising edge-triggered cell FDCE clocked by clk  {rise@0.000ns fall@5.000ns period=10.000ns})
  Destination:            clk_cnt_reg[7]/D
                            (rising edge-triggered cell FDCE clocked by clk  {rise@0.000ns fall@5.000ns period=10.000ns})
  Path Group:             clk
  Path Type:              Hold (Min at Fast Process Corner)
  Requirement:            0.000ns  (clk rise@0.000ns - clk rise@0.000ns)
  Data Path Delay:        0.585ns  (logic 0.359ns (61.340%)  route 0.226ns (38.660%))
  Logic Levels:           2  (CARRY4=1 LUT2=1)
  Clock Path Skew:        0.000ns (DCD - SCD - CPR)
    Destination Clock Delay (DCD):    2.034ns
    Source Clock Delay      (SCD):    1.517ns
    Clock Pessimism Removal (CPR):    0.516ns

    Location             Delay type                Incr(ns)  Path(ns)    Netlist Resource(s)
  -------------------------------------------------------------------    -------------------
                         (clock clk rise edge)        0.000     0.000 r  
    E3                                                0.000     0.000 r  clk (IN)
                         net (fo=0)                   0.000     0.000    clk
    E3                   IBUF (Prop_ibuf_I_O)         0.250     0.250 r  clk_IBUF_inst/O
                         net (fo=1, routed)           0.644     0.894    clk_IBUF
    BUFGCTRL_X0Y16       BUFG (Prop_bufg_I_O)         0.026     0.920 r  clk_IBUF_BUFG_inst/O
                         net (fo=27, routed)          0.598     1.517    clk_IBUF_BUFG
    SLICE_X3Y67          FDCE                                         r  clk_cnt_reg[7]/C
  -------------------------------------------------------------------    -------------------
    SLICE_X3Y67          FDCE (Prop_fdce_C_Q)         0.141     1.658 r  clk_cnt_reg[7]/Q
                         net (fo=2, routed)           0.065     1.723    clk_cnt_reg_n_0_[7]
    SLICE_X2Y67          CARRY4 (Prop_carry4_S[2]_O[2])
                                                      0.110     1.833 r  clk_cnt_reg[8]_i_2/O[2]
                         net (fo=1, routed)           0.161     1.995    data0[7]
    SLICE_X3Y67          LUT2 (Prop_lut2_I1_O)        0.108     2.103 r  clk_cnt[7]_i_1/O
                         net (fo=1, routed)           0.000     2.103    clk_cnt[7]
    SLICE_X3Y67          FDCE                                         r  clk_cnt_reg[7]/D
  -------------------------------------------------------------------    -------------------

                         (clock clk rise edge)        0.000     0.000 r  
    E3                                                0.000     0.000 r  clk (IN)
                         net (fo=0)                   0.000     0.000    clk
    E3                   IBUF (Prop_ibuf_I_O)         0.438     0.438 r  clk_IBUF_inst/O
                         net (fo=1, routed)           0.699     1.136    clk_IBUF
    BUFGCTRL_X0Y16       BUFG (Prop_bufg_I_O)         0.029     1.165 r  clk_IBUF_BUFG_inst/O
                         net (fo=27, routed)          0.869     2.034    clk_IBUF_BUFG
    SLICE_X3Y67          FDCE                                         r  clk_cnt_reg[7]/C
                         clock pessimism             -0.516     1.517    
    SLICE_X3Y67          FDCE (Hold_fdce_C_D)         0.092     1.609    clk_cnt_reg[7]
  -------------------------------------------------------------------
                         required time                         -1.609    
                         arrival time                           2.103    
  -------------------------------------------------------------------
                         slack                                  0.493    

Slack (MET) :             0.493ns  (arrival time - required time)
  Source:                 clk_cnt_reg[23]/C
                            (rising edge-triggered cell FDCE clocked by clk  {rise@0.000ns fall@5.000ns period=10.000ns})
  Destination:            clk_cnt_reg[23]/D
                            (rising edge-triggered cell FDCE clocked by clk  {rise@0.000ns fall@5.000ns period=10.000ns})
  Path Group:             clk
  Path Type:              Hold (Min at Fast Process Corner)
  Requirement:            0.000ns  (clk rise@0.000ns - clk rise@0.000ns)
  Data Path Delay:        0.585ns  (logic 0.359ns (61.340%)  route 0.226ns (38.660%))
  Logic Levels:           2  (CARRY4=1 LUT2=1)
  Clock Path Skew:        0.000ns (DCD - SCD - CPR)
    Destination Clock Delay (DCD):    2.030ns
    Source Clock Delay      (SCD):    1.513ns
    Clock Pessimism Removal (CPR):    0.516ns

    Location             Delay type                Incr(ns)  Path(ns)    Netlist Resource(s)
  -------------------------------------------------------------------    -------------------
                         (clock clk rise edge)        0.000     0.000 r  
    E3                                                0.000     0.000 r  clk (IN)
                         net (fo=0)                   0.000     0.000    clk
    E3                   IBUF (Prop_ibuf_I_O)         0.250     0.250 r  clk_IBUF_inst/O
                         net (fo=1, routed)           0.644     0.894    clk_IBUF
    BUFGCTRL_X0Y16       BUFG (Prop_bufg_I_O)         0.026     0.920 r  clk_IBUF_BUFG_inst/O
                         net (fo=27, routed)          0.594     1.513    clk_IBUF_BUFG
    SLICE_X3Y71          FDCE                                         r  clk_cnt_reg[23]/C
  -------------------------------------------------------------------    -------------------
    SLICE_X3Y71          FDCE (Prop_fdce_C_Q)         0.141     1.654 r  clk_cnt_reg[23]/Q
                         net (fo=2, routed)           0.065     1.719    clk_cnt_reg_n_0_[23]
    SLICE_X2Y71          CARRY4 (Prop_carry4_S[2]_O[2])
                                                      0.110     1.829 r  clk_cnt_reg[24]_i_2/O[2]
                         net (fo=1, routed)           0.161     1.991    data0[23]
    SLICE_X3Y71          LUT2 (Prop_lut2_I1_O)        0.108     2.099 r  clk_cnt[23]_i_1/O
                         net (fo=1, routed)           0.000     2.099    clk_cnt[23]
    SLICE_X3Y71          FDCE                                         r  clk_cnt_reg[23]/D
  -------------------------------------------------------------------    -------------------

                         (clock clk rise edge)        0.000     0.000 r  
    E3                                                0.000     0.000 r  clk (IN)
                         net (fo=0)                   0.000     0.000    clk
    E3                   IBUF (Prop_ibuf_I_O)         0.438     0.438 r  clk_IBUF_inst/O
                         net (fo=1, routed)           0.699     1.136    clk_IBUF
    BUFGCTRL_X0Y16       BUFG (Prop_bufg_I_O)         0.029     1.165 r  clk_IBUF_BUFG_inst/O
                         net (fo=27, routed)          0.865     2.030    clk_IBUF_BUFG
    SLICE_X3Y71          FDCE                                         r  clk_cnt_reg[23]/C
                         clock pessimism             -0.516     1.513    
    SLICE_X3Y71          FDCE (Hold_fdce_C_D)         0.092     1.605    clk_cnt_reg[23]
  -------------------------------------------------------------------
                         required time                         -1.605    
                         arrival time                           2.099    
  -------------------------------------------------------------------
                         slack                                  0.493    

Slack (MET) :             0.493ns  (arrival time - required time)
  Source:                 clk_cnt_reg[15]/C
                            (rising edge-triggered cell FDCE clocked by clk  {rise@0.000ns fall@5.000ns period=10.000ns})
  Destination:            clk_cnt_reg[15]/D
                            (rising edge-triggered cell FDCE clocked by clk  {rise@0.000ns fall@5.000ns period=10.000ns})
  Path Group:             clk
  Path Type:              Hold (Min at Fast Process Corner)
  Requirement:            0.000ns  (clk rise@0.000ns - clk rise@0.000ns)
  Data Path Delay:        0.585ns  (logic 0.359ns (61.340%)  route 0.226ns (38.660%))
  Logic Levels:           2  (CARRY4=1 LUT2=1)
  Clock Path Skew:        0.000ns (DCD - SCD - CPR)
    Destination Clock Delay (DCD):    2.032ns
    Source Clock Delay      (SCD):    1.515ns
    Clock Pessimism Removal (CPR):    0.516ns

    Location             Delay type                Incr(ns)  Path(ns)    Netlist Resource(s)
  -------------------------------------------------------------------    -------------------
                         (clock clk rise edge)        0.000     0.000 r  
    E3                                                0.000     0.000 r  clk (IN)
                         net (fo=0)                   0.000     0.000    clk
    E3                   IBUF (Prop_ibuf_I_O)         0.250     0.250 r  clk_IBUF_inst/O
                         net (fo=1, routed)           0.644     0.894    clk_IBUF
    BUFGCTRL_X0Y16       BUFG (Prop_bufg_I_O)         0.026     0.920 r  clk_IBUF_BUFG_inst/O
                         net (fo=27, routed)          0.596     1.515    clk_IBUF_BUFG
    SLICE_X3Y69          FDCE                                         r  clk_cnt_reg[15]/C
  -------------------------------------------------------------------    -------------------
    SLICE_X3Y69          FDCE (Prop_fdce_C_Q)         0.141     1.656 r  clk_cnt_reg[15]/Q
                         net (fo=2, routed)           0.065     1.721    clk_cnt_reg_n_0_[15]
    SLICE_X2Y69          CARRY4 (Prop_carry4_S[2]_O[2])
                                                      0.110     1.831 r  clk_cnt_reg[16]_i_2/O[2]
                         net (fo=1, routed)           0.161     1.993    data0[15]
    SLICE_X3Y69          LUT2 (Prop_lut2_I1_O)        0.108     2.101 r  clk_cnt[15]_i_1/O
                         net (fo=1, routed)           0.000     2.101    clk_cnt[15]
    SLICE_X3Y69          FDCE                                         r  clk_cnt_reg[15]/D
  -------------------------------------------------------------------    -------------------

                         (clock clk rise edge)        0.000     0.000 r  
    E3                                                0.000     0.000 r  clk (IN)
                         net (fo=0)                   0.000     0.000    clk
    E3                   IBUF (Prop_ibuf_I_O)         0.438     0.438 r  clk_IBUF_inst/O
                         net (fo=1, routed)           0.699     1.136    clk_IBUF
    BUFGCTRL_X0Y16       BUFG (Prop_bufg_I_O)         0.029     1.165 r  clk_IBUF_BUFG_inst/O
                         net (fo=27, routed)          0.867     2.032    clk_IBUF_BUFG
    SLICE_X3Y69          FDCE                                         r  clk_cnt_reg[15]/C
                         clock pessimism             -0.516     1.515    
    SLICE_X3Y69          FDCE (Hold_fdce_C_D)         0.092     1.607    clk_cnt_reg[15]
  -------------------------------------------------------------------
                         required time                         -1.607    
                         arrival time                           2.101    
  -------------------------------------------------------------------
                         slack                                  0.493    

Slack (MET) :             0.493ns  (arrival time - required time)
  Source:                 clk_cnt_reg[19]/C
                            (rising edge-triggered cell FDCE clocked by clk  {rise@0.000ns fall@5.000ns period=10.000ns})
  Destination:            clk_cnt_reg[19]/D
                            (rising edge-triggered cell FDCE clocked by clk  {rise@0.000ns fall@5.000ns period=10.000ns})
  Path Group:             clk
  Path Type:              Hold (Min at Fast Process Corner)
  Requirement:            0.000ns  (clk rise@0.000ns - clk rise@0.000ns)
  Data Path Delay:        0.585ns  (logic 0.359ns (61.340%)  route 0.226ns (38.660%))
  Logic Levels:           2  (CARRY4=1 LUT2=1)
  Clock Path Skew:        0.000ns (DCD - SCD - CPR)
    Destination Clock Delay (DCD):    2.031ns
    Source Clock Delay      (SCD):    1.514ns
    Clock Pessimism Removal (CPR):    0.516ns

    Location             Delay type                Incr(ns)  Path(ns)    Netlist Resource(s)
  -------------------------------------------------------------------    -------------------
                         (clock clk rise edge)        0.000     0.000 r  
    E3                                                0.000     0.000 r  clk (IN)
                         net (fo=0)                   0.000     0.000    clk
    E3                   IBUF (Prop_ibuf_I_O)         0.250     0.250 r  clk_IBUF_inst/O
                         net (fo=1, routed)           0.644     0.894    clk_IBUF
    BUFGCTRL_X0Y16       BUFG (Prop_bufg_I_O)         0.026     0.920 r  clk_IBUF_BUFG_inst/O
                         net (fo=27, routed)          0.595     1.514    clk_IBUF_BUFG
    SLICE_X3Y70          FDCE                                         r  clk_cnt_reg[19]/C
  -------------------------------------------------------------------    -------------------
    SLICE_X3Y70          FDCE (Prop_fdce_C_Q)         0.141     1.655 r  clk_cnt_reg[19]/Q
                         net (fo=2, routed)           0.065     1.720    clk_cnt_reg_n_0_[19]
    SLICE_X2Y70          CARRY4 (Prop_carry4_S[2]_O[2])
                                                      0.110     1.830 r  clk_cnt_reg[20]_i_2/O[2]
                         net (fo=1, routed)           0.161     1.992    data0[19]
    SLICE_X3Y70          LUT2 (Prop_lut2_I1_O)        0.108     2.100 r  clk_cnt[19]_i_1/O
                         net (fo=1, routed)           0.000     2.100    clk_cnt[19]
    SLICE_X3Y70          FDCE                                         r  clk_cnt_reg[19]/D
  -------------------------------------------------------------------    -------------------

                         (clock clk rise edge)        0.000     0.000 r  
    E3                                                0.000     0.000 r  clk (IN)
                         net (fo=0)                   0.000     0.000    clk
    E3                   IBUF (Prop_ibuf_I_O)         0.438     0.438 r  clk_IBUF_inst/O
                         net (fo=1, routed)           0.699     1.136    clk_IBUF
    BUFGCTRL_X0Y16       BUFG (Prop_bufg_I_O)         0.029     1.165 r  clk_IBUF_BUFG_inst/O
                         net (fo=27, routed)          0.866     2.031    clk_IBUF_BUFG
    SLICE_X3Y70          FDCE                                         r  clk_cnt_reg[19]/C
                         clock pessimism             -0.516     1.514    
    SLICE_X3Y70          FDCE (Hold_fdce_C_D)         0.092     1.606    clk_cnt_reg[19]
  -------------------------------------------------------------------
                         required time                         -1.606    
                         arrival time                           2.100    
  -------------------------------------------------------------------
                         slack                                  0.493    

Slack (MET) :             0.493ns  (arrival time - required time)
  Source:                 clk_cnt_reg[11]/C
                            (rising edge-triggered cell FDCE clocked by clk  {rise@0.000ns fall@5.000ns period=10.000ns})
  Destination:            clk_cnt_reg[11]/D
                            (rising edge-triggered cell FDCE clocked by clk  {rise@0.000ns fall@5.000ns period=10.000ns})
  Path Group:             clk
  Path Type:              Hold (Min at Fast Process Corner)
  Requirement:            0.000ns  (clk rise@0.000ns - clk rise@0.000ns)
  Data Path Delay:        0.585ns  (logic 0.359ns (61.340%)  route 0.226ns (38.660%))
  Logic Levels:           2  (CARRY4=1 LUT2=1)
  Clock Path Skew:        0.000ns (DCD - SCD - CPR)
    Destination Clock Delay (DCD):    2.033ns
    Source Clock Delay      (SCD):    1.516ns
    Clock Pessimism Removal (CPR):    0.516ns

    Location             Delay type                Incr(ns)  Path(ns)    Netlist Resource(s)
  -------------------------------------------------------------------    -------------------
                         (clock clk rise edge)        0.000     0.000 r  
    E3                                                0.000     0.000 r  clk (IN)
                         net (fo=0)                   0.000     0.000    clk
    E3                   IBUF (Prop_ibuf_I_O)         0.250     0.250 r  clk_IBUF_inst/O
                         net (fo=1, routed)           0.644     0.894    clk_IBUF
    BUFGCTRL_X0Y16       BUFG (Prop_bufg_I_O)         0.026     0.920 r  clk_IBUF_BUFG_inst/O
                         net (fo=27, routed)          0.597     1.516    clk_IBUF_BUFG
    SLICE_X3Y68          FDCE                                         r  clk_cnt_reg[11]/C
  -------------------------------------------------------------------    -------------------
    SLICE_X3Y68          FDCE (Prop_fdce_C_Q)         0.141     1.657 r  clk_cnt_reg[11]/Q
                         net (fo=2, routed)           0.065     1.722    clk_cnt_reg_n_0_[11]
    SLICE_X2Y68          CARRY4 (Prop_carry4_S[2]_O[2])
                                                      0.110     1.832 r  clk_cnt_reg[12]_i_2/O[2]
                         net (fo=1, routed)           0.161     1.994    data0[11]
    SLICE_X3Y68          LUT2 (Prop_lut2_I1_O)        0.108     2.102 r  clk_cnt[11]_i_1/O
                         net (fo=1, routed)           0.000     2.102    clk_cnt[11]
    SLICE_X3Y68          FDCE                                         r  clk_cnt_reg[11]/D
  -------------------------------------------------------------------    -------------------

                         (clock clk rise edge)        0.000     0.000 r  
    E3                                                0.000     0.000 r  clk (IN)
                         net (fo=0)                   0.000     0.000    clk
    E3                   IBUF (Prop_ibuf_I_O)         0.438     0.438 r  clk_IBUF_inst/O
                         net (fo=1, routed)           0.699     1.136    clk_IBUF
    BUFGCTRL_X0Y16       BUFG (Prop_bufg_I_O)         0.029     1.165 r  clk_IBUF_BUFG_inst/O
                         net (fo=27, routed)          0.868     2.033    clk_IBUF_BUFG
    SLICE_X3Y68          FDCE                                         r  clk_cnt_reg[11]/C
                         clock pessimism             -0.516     1.516    
    SLICE_X3Y68          FDCE (Hold_fdce_C_D)         0.092     1.608    clk_cnt_reg[11]
  -------------------------------------------------------------------
                         required time                         -1.608    
                         arrival time                           2.102    
  -------------------------------------------------------------------
                         slack                                  0.493    

Slack (MET) :             0.538ns  (arrival time - required time)
  Source:                 clk_cnt_reg[6]/C
                            (rising edge-triggered cell FDCE clocked by clk  {rise@0.000ns fall@5.000ns period=10.000ns})
  Destination:            clk_cnt_reg[6]/D
                            (rising edge-triggered cell FDCE clocked by clk  {rise@0.000ns fall@5.000ns period=10.000ns})
  Path Group:             clk
  Path Type:              Hold (Min at Fast Process Corner)
  Requirement:            0.000ns  (clk rise@0.000ns - clk rise@0.000ns)
  Data Path Delay:        0.629ns  (logic 0.360ns (57.262%)  route 0.269ns (42.738%))
  Logic Levels:           2  (CARRY4=1 LUT2=1)
  Clock Path Skew:        0.000ns (DCD - SCD - CPR)
    Destination Clock Delay (DCD):    2.034ns
    Source Clock Delay      (SCD):    1.517ns
    Clock Pessimism Removal (CPR):    0.516ns

    Location             Delay type                Incr(ns)  Path(ns)    Netlist Resource(s)
  -------------------------------------------------------------------    -------------------
                         (clock clk rise edge)        0.000     0.000 r  
    E3                                                0.000     0.000 r  clk (IN)
                         net (fo=0)                   0.000     0.000    clk
    E3                   IBUF (Prop_ibuf_I_O)         0.250     0.250 r  clk_IBUF_inst/O
                         net (fo=1, routed)           0.644     0.894    clk_IBUF
    BUFGCTRL_X0Y16       BUFG (Prop_bufg_I_O)         0.026     0.920 r  clk_IBUF_BUFG_inst/O
                         net (fo=27, routed)          0.598     1.517    clk_IBUF_BUFG
    SLICE_X3Y67          FDCE                                         r  clk_cnt_reg[6]/C
  -------------------------------------------------------------------    -------------------
    SLICE_X3Y67          FDCE (Prop_fdce_C_Q)         0.141     1.658 r  clk_cnt_reg[6]/Q
                         net (fo=2, routed)           0.127     1.785    clk_cnt_reg_n_0_[6]
    SLICE_X2Y67          CARRY4 (Prop_carry4_S[1]_O[1])
                                                      0.111     1.896 r  clk_cnt_reg[8]_i_2/O[1]
                         net (fo=1, routed)           0.142     2.038    data0[6]
    SLICE_X3Y67          LUT2 (Prop_lut2_I1_O)        0.108     2.146 r  clk_cnt[6]_i_1/O
                         net (fo=1, routed)           0.000     2.146    clk_cnt[6]
    SLICE_X3Y67          FDCE                                         r  clk_cnt_reg[6]/D
  -------------------------------------------------------------------    -------------------

                         (clock clk rise edge)        0.000     0.000 r  
    E3                                                0.000     0.000 r  clk (IN)
                         net (fo=0)                   0.000     0.000    clk
    E3                   IBUF (Prop_ibuf_I_O)         0.438     0.438 r  clk_IBUF_inst/O
                         net (fo=1, routed)           0.699     1.136    clk_IBUF
    BUFGCTRL_X0Y16       BUFG (Prop_bufg_I_O)         0.029     1.165 r  clk_IBUF_BUFG_inst/O
                         net (fo=27, routed)          0.869     2.034    clk_IBUF_BUFG
    SLICE_X3Y67          FDCE                                         r  clk_cnt_reg[6]/C
                         clock pessimism             -0.516     1.517    
    SLICE_X3Y67          FDCE (Hold_fdce_C_D)         0.091     1.608    clk_cnt_reg[6]
  -------------------------------------------------------------------
                         required time                         -1.608    
                         arrival time                           2.146    
  -------------------------------------------------------------------
                         slack                                  0.538    

Slack (MET) :             0.576ns  (arrival time - required time)
  Source:                 clk_cnt_reg[23]/C
                            (rising edge-triggered cell FDCE clocked by clk  {rise@0.000ns fall@5.000ns period=10.000ns})
  Destination:            clk_cnt_reg[24]/D
                            (rising edge-triggered cell FDCE clocked by clk  {rise@0.000ns fall@5.000ns period=10.000ns})
  Path Group:             clk
  Path Type:              Hold (Min at Fast Process Corner)
  Requirement:            0.000ns  (clk rise@0.000ns - clk rise@0.000ns)
  Data Path Delay:        0.683ns  (logic 0.396ns (57.940%)  route 0.287ns (42.060%))
  Logic Levels:           2  (CARRY4=1 LUT2=1)
  Clock Path Skew:        0.000ns (DCD - SCD - CPR)
    Destination Clock Delay (DCD):    2.030ns
    Source Clock Delay      (SCD):    1.513ns
    Clock Pessimism Removal (CPR):    0.516ns

    Location             Delay type                Incr(ns)  Path(ns)    Netlist Resource(s)
  -------------------------------------------------------------------    -------------------
                         (clock clk rise edge)        0.000     0.000 r  
    E3                                                0.000     0.000 r  clk (IN)
                         net (fo=0)                   0.000     0.000    clk
    E3                   IBUF (Prop_ibuf_I_O)         0.250     0.250 r  clk_IBUF_inst/O
                         net (fo=1, routed)           0.644     0.894    clk_IBUF
    BUFGCTRL_X0Y16       BUFG (Prop_bufg_I_O)         0.026     0.920 r  clk_IBUF_BUFG_inst/O
                         net (fo=27, routed)          0.594     1.513    clk_IBUF_BUFG
    SLICE_X3Y71          FDCE                                         r  clk_cnt_reg[23]/C
  -------------------------------------------------------------------    -------------------
    SLICE_X3Y71          FDCE (Prop_fdce_C_Q)         0.141     1.654 r  clk_cnt_reg[23]/Q
                         net (fo=2, routed)           0.065     1.719    clk_cnt_reg_n_0_[23]
    SLICE_X2Y71          CARRY4 (Prop_carry4_S[2]_O[3])
                                                      0.146     1.865 r  clk_cnt_reg[24]_i_2/O[3]
                         net (fo=1, routed)           0.222     2.088    data0[24]
    SLICE_X3Y71          LUT2 (Prop_lut2_I1_O)        0.109     2.197 r  clk_cnt[24]_i_1/O
                         net (fo=1, routed)           0.000     2.197    clk_cnt[24]
    SLICE_X3Y71          FDCE                                         r  clk_cnt_reg[24]/D
  -------------------------------------------------------------------    -------------------

                         (clock clk rise edge)        0.000     0.000 r  
    E3                                                0.000     0.000 r  clk (IN)
                         net (fo=0)                   0.000     0.000    clk
    E3                   IBUF (Prop_ibuf_I_O)         0.438     0.438 r  clk_IBUF_inst/O
                         net (fo=1, routed)           0.699     1.136    clk_IBUF
    BUFGCTRL_X0Y16       BUFG (Prop_bufg_I_O)         0.029     1.165 r  clk_IBUF_BUFG_inst/O
                         net (fo=27, routed)          0.865     2.030    clk_IBUF_BUFG
    SLICE_X3Y71          FDCE                                         r  clk_cnt_reg[24]/C
                         clock pessimism             -0.516     1.513    
    SLICE_X3Y71          FDCE (Hold_fdce_C_D)         0.107     1.620    clk_cnt_reg[24]
  -------------------------------------------------------------------
                         required time                         -1.620    
                         arrival time                           2.197    
  -------------------------------------------------------------------
                         slack                                  0.576    

Slack (MET) :             0.576ns  (arrival time - required time)
  Source:                 clk_cnt_reg[15]/C
                            (rising edge-triggered cell FDCE clocked by clk  {rise@0.000ns fall@5.000ns period=10.000ns})
  Destination:            clk_cnt_reg[16]/D
                            (rising edge-triggered cell FDCE clocked by clk  {rise@0.000ns fall@5.000ns period=10.000ns})
  Path Group:             clk
  Path Type:              Hold (Min at Fast Process Corner)
  Requirement:            0.000ns  (clk rise@0.000ns - clk rise@0.000ns)
  Data Path Delay:        0.683ns  (logic 0.396ns (57.940%)  route 0.287ns (42.060%))
  Logic Levels:           2  (CARRY4=1 LUT2=1)
  Clock Path Skew:        0.000ns (DCD - SCD - CPR)
    Destination Clock Delay (DCD):    2.032ns
    Source Clock Delay      (SCD):    1.515ns
    Clock Pessimism Removal (CPR):    0.516ns

    Location             Delay type                Incr(ns)  Path(ns)    Netlist Resource(s)
  -------------------------------------------------------------------    -------------------
                         (clock clk rise edge)        0.000     0.000 r  
    E3                                                0.000     0.000 r  clk (IN)
                         net (fo=0)                   0.000     0.000    clk
    E3                   IBUF (Prop_ibuf_I_O)         0.250     0.250 r  clk_IBUF_inst/O
                         net (fo=1, routed)           0.644     0.894    clk_IBUF
    BUFGCTRL_X0Y16       BUFG (Prop_bufg_I_O)         0.026     0.920 r  clk_IBUF_BUFG_inst/O
                         net (fo=27, routed)          0.596     1.515    clk_IBUF_BUFG
    SLICE_X3Y69          FDCE                                         r  clk_cnt_reg[15]/C
  -------------------------------------------------------------------    -------------------
    SLICE_X3Y69          FDCE (Prop_fdce_C_Q)         0.141     1.656 r  clk_cnt_reg[15]/Q
                         net (fo=2, routed)           0.065     1.721    clk_cnt_reg_n_0_[15]
    SLICE_X2Y69          CARRY4 (Prop_carry4_S[2]_O[3])
                                                      0.146     1.867 r  clk_cnt_reg[16]_i_2/O[3]
                         net (fo=1, routed)           0.222     2.090    data0[16]
    SLICE_X3Y69          LUT2 (Prop_lut2_I1_O)        0.109     2.199 r  clk_cnt[16]_i_1/O
                         net (fo=1, routed)           0.000     2.199    clk_cnt[16]
    SLICE_X3Y69          FDCE                                         r  clk_cnt_reg[16]/D
  -------------------------------------------------------------------    -------------------

                         (clock clk rise edge)        0.000     0.000 r  
    E3                                                0.000     0.000 r  clk (IN)
                         net (fo=0)                   0.000     0.000    clk
    E3                   IBUF (Prop_ibuf_I_O)         0.438     0.438 r  clk_IBUF_inst/O
                         net (fo=1, routed)           0.699     1.136    clk_IBUF
    BUFGCTRL_X0Y16       BUFG (Prop_bufg_I_O)         0.029     1.165 r  clk_IBUF_BUFG_inst/O
                         net (fo=27, routed)          0.867     2.032    clk_IBUF_BUFG
    SLICE_X3Y69          FDCE                                         r  clk_cnt_reg[16]/C
                         clock pessimism             -0.516     1.515    
    SLICE_X3Y69          FDCE (Hold_fdce_C_D)         0.107     1.622    clk_cnt_reg[16]
  -------------------------------------------------------------------
                         required time                         -1.622    
                         arrival time                           2.199    
  -------------------------------------------------------------------
                         slack                                  0.576    

Slack (MET) :             0.576ns  (arrival time - required time)
  Source:                 clk_cnt_reg[19]/C
                            (rising edge-triggered cell FDCE clocked by clk  {rise@0.000ns fall@5.000ns period=10.000ns})
  Destination:            clk_cnt_reg[20]/D
                            (rising edge-triggered cell FDCE clocked by clk  {rise@0.000ns fall@5.000ns period=10.000ns})
  Path Group:             clk
  Path Type:              Hold (Min at Fast Process Corner)
  Requirement:            0.000ns  (clk rise@0.000ns - clk rise@0.000ns)
  Data Path Delay:        0.683ns  (logic 0.396ns (57.940%)  route 0.287ns (42.060%))
  Logic Levels:           2  (CARRY4=1 LUT2=1)
  Clock Path Skew:        0.000ns (DCD - SCD - CPR)
    Destination Clock Delay (DCD):    2.031ns
    Source Clock Delay      (SCD):    1.514ns
    Clock Pessimism Removal (CPR):    0.516ns

    Location             Delay type                Incr(ns)  Path(ns)    Netlist Resource(s)
  -------------------------------------------------------------------    -------------------
                         (clock clk rise edge)        0.000     0.000 r  
    E3                                                0.000     0.000 r  clk (IN)
                         net (fo=0)                   0.000     0.000    clk
    E3                   IBUF (Prop_ibuf_I_O)         0.250     0.250 r  clk_IBUF_inst/O
                         net (fo=1, routed)           0.644     0.894    clk_IBUF
    BUFGCTRL_X0Y16       BUFG (Prop_bufg_I_O)         0.026     0.920 r  clk_IBUF_BUFG_inst/O
                         net (fo=27, routed)          0.595     1.514    clk_IBUF_BUFG
    SLICE_X3Y70          FDCE                                         r  clk_cnt_reg[19]/C
  -------------------------------------------------------------------    -------------------
    SLICE_X3Y70          FDCE (Prop_fdce_C_Q)         0.141     1.655 r  clk_cnt_reg[19]/Q
                         net (fo=2, routed)           0.065     1.720    clk_cnt_reg_n_0_[19]
    SLICE_X2Y70          CARRY4 (Prop_carry4_S[2]_O[3])
                                                      0.146     1.866 r  clk_cnt_reg[20]_i_2/O[3]
                         net (fo=1, routed)           0.222     2.089    data0[20]
    SLICE_X3Y70          LUT2 (Prop_lut2_I1_O)        0.109     2.198 r  clk_cnt[20]_i_1/O
                         net (fo=1, routed)           0.000     2.198    clk_cnt[20]
    SLICE_X3Y70          FDCE                                         r  clk_cnt_reg[20]/D
  -------------------------------------------------------------------    -------------------

                         (clock clk rise edge)        0.000     0.000 r  
    E3                                                0.000     0.000 r  clk (IN)
                         net (fo=0)                   0.000     0.000    clk
    E3                   IBUF (Prop_ibuf_I_O)         0.438     0.438 r  clk_IBUF_inst/O
                         net (fo=1, routed)           0.699     1.136    clk_IBUF
    BUFGCTRL_X0Y16       BUFG (Prop_bufg_I_O)         0.029     1.165 r  clk_IBUF_BUFG_inst/O
                         net (fo=27, routed)          0.866     2.031    clk_IBUF_BUFG
    SLICE_X3Y70          FDCE                                         r  clk_cnt_reg[20]/C
                         clock pessimism             -0.516     1.514    
    SLICE_X3Y70          FDCE (Hold_fdce_C_D)         0.107     1.621    clk_cnt_reg[20]
  -------------------------------------------------------------------
                         required time                         -1.621    
                         arrival time                           2.198    
  -------------------------------------------------------------------
                         slack                                  0.576    





Pulse Width Checks
--------------------------------------------------------------------------------------
Clock Name:         clk
Waveform(ns):       { 0.000 5.000 }
Period(ns):         10.000
Sources:            { clk }

Check Type        Corner  Lib Pin  Reference Pin  Required(ns)  Actual(ns)  Slack(ns)  Location        Pin
Min Period        n/a     BUFG/I   n/a            2.155         10.000      7.845      BUFGCTRL_X0Y16  clk_IBUF_BUFG_inst/I
Min Period        n/a     FDCE/C   n/a            1.000         10.000      9.000      SLICE_X3Y67     clk_cnt_reg[0]/C
Min Period        n/a     FDCE/C   n/a            1.000         10.000      9.000      SLICE_X3Y68     clk_cnt_reg[10]/C
Min Period        n/a     FDCE/C   n/a            1.000         10.000      9.000      SLICE_X3Y68     clk_cnt_reg[11]/C
Min Period        n/a     FDCE/C   n/a            1.000         10.000      9.000      SLICE_X3Y68     clk_cnt_reg[12]/C
Min Period        n/a     FDCE/C   n/a            1.000         10.000      9.000      SLICE_X3Y68     clk_cnt_reg[13]/C
Min Period        n/a     FDCE/C   n/a            1.000         10.000      9.000      SLICE_X3Y69     clk_cnt_reg[14]/C
Min Period        n/a     FDCE/C   n/a            1.000         10.000      9.000      SLICE_X3Y69     clk_cnt_reg[15]/C
Min Period        n/a     FDCE/C   n/a            1.000         10.000      9.000      SLICE_X3Y69     clk_cnt_reg[16]/C
Min Period        n/a     FDCE/C   n/a            1.000         10.000      9.000      SLICE_X3Y69     clk_cnt_reg[17]/C
Low Pulse Width   Slow    FDCE/C   n/a            0.500         5.000       4.500      SLICE_X3Y67     clk_cnt_reg[0]/C
Low Pulse Width   Fast    FDCE/C   n/a            0.500         5.000       4.500      SLICE_X3Y67     clk_cnt_reg[0]/C
Low Pulse Width   Slow    FDCE/C   n/a            0.500         5.000       4.500      SLICE_X3Y68     clk_cnt_reg[10]/C
Low Pulse Width   Fast    FDCE/C   n/a            0.500         5.000       4.500      SLICE_X3Y68     clk_cnt_reg[10]/C
Low Pulse Width   Slow    FDCE/C   n/a            0.500         5.000       4.500      SLICE_X3Y68     clk_cnt_reg[11]/C
Low Pulse Width   Fast    FDCE/C   n/a            0.500         5.000       4.500      SLICE_X3Y68     clk_cnt_reg[11]/C
Low Pulse Width   Slow    FDCE/C   n/a            0.500         5.000       4.500      SLICE_X3Y68     clk_cnt_reg[12]/C
Low Pulse Width   Fast    FDCE/C   n/a            0.500         5.000       4.500      SLICE_X3Y68     clk_cnt_reg[12]/C
Low Pulse Width   Slow    FDCE/C   n/a            0.500         5.000       4.500      SLICE_X3Y68     clk_cnt_reg[13]/C
Low Pulse Width   Fast    FDCE/C   n/a            0.500         5.000       4.500      SLICE_X3Y68     clk_cnt_reg[13]/C
High Pulse Width  Slow    FDCE/C   n/a            0.500         5.000       4.500      SLICE_X3Y67     clk_cnt_reg[0]/C
High Pulse Width  Fast    FDCE/C   n/a            0.500         5.000       4.500      SLICE_X3Y67     clk_cnt_reg[0]/C
High Pulse Width  Slow    FDCE/C   n/a            0.500         5.000       4.500      SLICE_X3Y68     clk_cnt_reg[10]/C
High Pulse Width  Fast    FDCE/C   n/a            0.500         5.000       4.500      SLICE_X3Y68     clk_cnt_reg[10]/C
High Pulse Width  Slow    FDCE/C   n/a            0.500         5.000       4.500      SLICE_X3Y68     clk_cnt_reg[11]/C
High Pulse Width  Fast    FDCE/C   n/a            0.500         5.000       4.500      SLICE_X3Y68     clk_cnt_reg[11]/C
High Pulse Width  Slow    FDCE/C   n/a            0.500         5.000       4.500      SLICE_X3Y68     clk_cnt_reg[12]/C
High Pulse Width  Fast    FDCE/C   n/a            0.500         5.000       4.500      SLICE_X3Y68     clk_cnt_reg[12]/C
High Pulse Width  Slow    FDCE/C   n/a            0.500         5.000       4.500      SLICE_X3Y68     clk_cnt_reg[13]/C
High Pulse Width  Fast    FDCE/C   n/a            0.500         5.000       4.500      SLICE_X3Y68     clk_cnt_reg[13]/C



--------------------------------------------------------------------------------------
Path Group:  (none)
From Clock:  
  To Clock:  

Max Delay            57 Endpoints
Min Delay            57 Endpoints
--------------------------------------------------------------------------------------


Max Delay Paths
--------------------------------------------------------------------------------------
Slack:                    inf
  Source:                 pipe_u/fetch_pc_reg[2]/C
                            (rising edge-triggered cell FDCE)
  Destination:            led[2]
                            (output port)
  Path Group:             (none)
  Path Type:              Max at Slow Process Corner
  Data Path Delay:        7.477ns  (logic 4.184ns (55.951%)  route 3.294ns (44.049%))
  Logic Levels:           2  (FDCE=1 OBUF=1)

    Location             Delay type                Incr(ns)  Path(ns)    Netlist Resource(s)
  -------------------------------------------------------------------    -------------------
    SLICE_X0Y65          FDCE                         0.000     0.000 r  pipe_u/fetch_pc_reg[2]/C
    SLICE_X0Y65          FDCE (Prop_fdce_C_Q)         0.631     0.631 r  pipe_u/fetch_pc_reg[2]/Q
                         net (fo=3, routed)           3.294     3.925    led_OBUF[2]
    J13                  OBUF (Prop_obuf_I_O)         3.553     7.477 r  led_OBUF[2]_inst/O
                         net (fo=0)                   0.000     7.477    led[2]
    J13                                                               r  led[2] (OUT)
  -------------------------------------------------------------------    -------------------

Slack:                    inf
  Source:                 pipe_u/fetch_pc_reg[4]/C
                            (rising edge-triggered cell FDCE)
  Destination:            led[4]
                            (output port)
  Path Group:             (none)
  Path Type:              Max at Slow Process Corner
  Data Path Delay:        6.802ns  (logic 4.183ns (61.495%)  route 2.619ns (38.505%))
  Logic Levels:           2  (FDCE=1 OBUF=1)

    Location             Delay type                Incr(ns)  Path(ns)    Netlist Resource(s)
  -------------------------------------------------------------------    -------------------
    SLICE_X0Y65          FDCE                         0.000     0.000 r  pipe_u/fetch_pc_reg[4]/C
    SLICE_X0Y65          FDCE (Prop_fdce_C_Q)         0.631     0.631 r  pipe_u/fetch_pc_reg[4]/Q
                         net (fo=2, routed)           2.619     3.250    led_OBUF[4]
    R18                  OBUF (Prop_obuf_I_O)         3.552     6.802 r  led_OBUF[4]_inst/O
                         net (fo=0)                   0.000     6.802    led[4]
    R18                                                               r  led[4] (OUT)
  -------------------------------------------------------------------    -------------------

Slack:                    inf
  Source:                 pipe_u/fetch_pc_reg[3]/C
                            (rising edge-triggered cell FDCE)
  Destination:            led[3]
                            (output port)
  Path Group:             (none)
  Path Type:              Max at Slow Process Corner
  Data Path Delay:        6.502ns  (logic 4.182ns (64.312%)  route 2.320ns (35.688%))
  Logic Levels:           2  (FDCE=1 OBUF=1)

    Location             Delay type                Incr(ns)  Path(ns)    Netlist Resource(s)
  -------------------------------------------------------------------    -------------------
    SLICE_X0Y65          FDCE                         0.000     0.000 r  pipe_u/fetch_pc_reg[3]/C
    SLICE_X0Y65          FDCE (Prop_fdce_C_Q)         0.631     0.631 r  pipe_u/fetch_pc_reg[3]/Q
                         net (fo=2, routed)           2.320     2.951    led_OBUF[3]
    N14                  OBUF (Prop_obuf_I_O)         3.551     6.502 r  led_OBUF[3]_inst/O
                         net (fo=0)                   0.000     6.502    led[3]
    N14                                                               r  led[3] (OUT)
  -------------------------------------------------------------------    -------------------

Slack:                    inf
  Source:                 pipe_u/fetch_pc_reg[15]/C
                            (rising edge-triggered cell FDCE)
  Destination:            led[15]
                            (output port)
  Path Group:             (none)
  Path Type:              Max at Slow Process Corner
  Data Path Delay:        6.286ns  (logic 4.200ns (66.813%)  route 2.086ns (33.187%))
  Logic Levels:           2  (FDCE=1 OBUF=1)

    Location             Delay type                Incr(ns)  Path(ns)    Netlist Resource(s)
  -------------------------------------------------------------------    -------------------
    SLICE_X0Y68          FDCE                         0.000     0.000 r  pipe_u/fetch_pc_reg[15]/C
    SLICE_X0Y68          FDCE (Prop_fdce_C_Q)         0.631     0.631 r  pipe_u/fetch_pc_reg[15]/Q
                         net (fo=2, routed)           2.086     2.717    led_OBUF[15]
    V11                  OBUF (Prop_obuf_I_O)         3.569     6.286 r  led_OBUF[15]_inst/O
                         net (fo=0)                   0.000     6.286    led[15]
    V11                                                               r  led[15] (OUT)
  -------------------------------------------------------------------    -------------------

Slack:                    inf
  Source:                 pipe_u/fetch_pc_reg[13]/C
                            (rising edge-triggered cell FDCE)
  Destination:            led[13]
                            (output port)
  Path Group:             (none)
  Path Type:              Max at Slow Process Corner
  Data Path Delay:        6.281ns  (logic 4.185ns (66.633%)  route 2.096ns (33.367%))
  Logic Levels:           2  (FDCE=1 OBUF=1)

    Location             Delay type                Incr(ns)  Path(ns)    Netlist Resource(s)
  -------------------------------------------------------------------    -------------------
    SLICE_X0Y68          FDCE                         0.000     0.000 r  pipe_u/fetch_pc_reg[13]/C
    SLICE_X0Y68          FDCE (Prop_fdce_C_Q)         0.631     0.631 r  pipe_u/fetch_pc_reg[13]/Q
                         net (fo=2, routed)           2.096     2.727    led_OBUF[13]
    V14                  OBUF (Prop_obuf_I_O)         3.554     6.281 r  led_OBUF[13]_inst/O
                         net (fo=0)                   0.000     6.281    led[13]
    V14                                                               r  led[13] (OUT)
  -------------------------------------------------------------------    -------------------

Slack:                    inf
  Source:                 pipe_u/fetch_pc_reg[14]/C
                            (rising edge-triggered cell FDCE)
  Destination:            led[14]
                            (output port)
  Path Group:             (none)
  Path Type:              Max at Slow Process Corner
  Data Path Delay:        6.132ns  (logic 4.201ns (68.519%)  route 1.930ns (31.481%))
  Logic Levels:           2  (FDCE=1 OBUF=1)

    Location             Delay type                Incr(ns)  Path(ns)    Netlist Resource(s)
  -------------------------------------------------------------------    -------------------
    SLICE_X0Y68          FDCE                         0.000     0.000 r  pipe_u/fetch_pc_reg[14]/C
    SLICE_X0Y68          FDCE (Prop_fdce_C_Q)         0.631     0.631 r  pipe_u/fetch_pc_reg[14]/Q
                         net (fo=2, routed)           1.930     2.561    led_OBUF[14]
    V12                  OBUF (Prop_obuf_I_O)         3.570     6.132 r  led_OBUF[14]_inst/O
                         net (fo=0)                   0.000     6.132    led[14]
    V12                                                               r  led[14] (OUT)
  -------------------------------------------------------------------    -------------------

Slack:                    inf
  Source:                 pipe_u/fetch_pc_reg[10]/C
                            (rising edge-triggered cell FDCE)
  Destination:            led[10]
                            (output port)
  Path Group:             (none)
  Path Type:              Max at Slow Process Corner
  Data Path Delay:        6.115ns  (logic 4.183ns (68.416%)  route 1.931ns (31.584%))
  Logic Levels:           2  (FDCE=1 OBUF=1)

    Location             Delay type                Incr(ns)  Path(ns)    Netlist Resource(s)
  -------------------------------------------------------------------    -------------------
    SLICE_X0Y67          FDCE                         0.000     0.000 r  pipe_u/fetch_pc_reg[10]/C
    SLICE_X0Y67          FDCE (Prop_fdce_C_Q)         0.631     0.631 r  pipe_u/fetch_pc_reg[10]/Q
                         net (fo=2, routed)           1.931     2.562    led_OBUF[10]
    U14                  OBUF (Prop_obuf_I_O)         3.552     6.115 r  led_OBUF[10]_inst/O
                         net (fo=0)                   0.000     6.115    led[10]
    U14                                                               r  led[10] (OUT)
  -------------------------------------------------------------------    -------------------

Slack:                    inf
  Source:                 pipe_u/fetch_pc_reg[12]/C
                            (rising edge-triggered cell FDCE)
  Destination:            led[12]
                            (output port)
  Path Group:             (none)
  Path Type:              Max at Slow Process Corner
  Data Path Delay:        6.028ns  (logic 4.183ns (69.393%)  route 1.845ns (30.607%))
  Logic Levels:           2  (FDCE=1 OBUF=1)

    Location             Delay type                Incr(ns)  Path(ns)    Netlist Resource(s)
  -------------------------------------------------------------------    -------------------
    SLICE_X0Y67          FDCE                         0.000     0.000 r  pipe_u/fetch_pc_reg[12]/C
    SLICE_X0Y67          FDCE (Prop_fdce_C_Q)         0.631     0.631 r  pipe_u/fetch_pc_reg[12]/Q
                         net (fo=2, routed)           1.845     2.476    led_OBUF[12]
    V15                  OBUF (Prop_obuf_I_O)         3.552     6.028 r  led_OBUF[12]_inst/O
                         net (fo=0)                   0.000     6.028    led[12]
    V15                                                               r  led[12] (OUT)
  -------------------------------------------------------------------    -------------------

Slack:                    inf
  Source:                 pipe_u/fetch_pc_reg[8]/C
                            (rising edge-triggered cell FDCE)
  Destination:            led[8]
                            (output port)
  Path Group:             (none)
  Path Type:              Max at Slow Process Corner
  Data Path Delay:        6.023ns  (logic 4.179ns (69.372%)  route 1.845ns (30.628%))
  Logic Levels:           2  (FDCE=1 OBUF=1)

    Location             Delay type                Incr(ns)  Path(ns)    Netlist Resource(s)
  -------------------------------------------------------------------    -------------------
    SLICE_X0Y66          FDCE                         0.000     0.000 r  pipe_u/fetch_pc_reg[8]/C
    SLICE_X0Y66          FDCE (Prop_fdce_C_Q)         0.631     0.631 r  pipe_u/fetch_pc_reg[8]/Q
                         net (fo=2, routed)           1.845     2.476    led_OBUF[8]
    V16                  OBUF (Prop_obuf_I_O)         3.548     6.023 r  led_OBUF[8]_inst/O
                         net (fo=0)                   0.000     6.023    led[8]
    V16                                                               r  led[8] (OUT)
  -------------------------------------------------------------------    -------------------

Slack:                    inf
  Source:                 pipe_u/fetch_pc_reg[7]/C
                            (rising edge-triggered cell FDCE)
  Destination:            led[7]
                            (output port)
  Path Group:             (none)
  Path Type:              Max at Slow Process Corner
  Data Path Delay:        6.008ns  (logic 4.186ns (69.673%)  route 1.822ns (30.327%))
  Logic Levels:           2  (FDCE=1 OBUF=1)

    Location             Delay type                Incr(ns)  Path(ns)    Netlist Resource(s)
  -------------------------------------------------------------------    -------------------
    SLICE_X0Y66          FDCE                         0.000     0.000 r  pipe_u/fetch_pc_reg[7]/C
    SLICE_X0Y66          FDCE (Prop_fdce_C_Q)         0.631     0.631 r  pipe_u/fetch_pc_reg[7]/Q
                         net (fo=2, routed)           1.822     2.453    led_OBUF[7]
    U16                  OBUF (Prop_obuf_I_O)         3.555     6.008 r  led_OBUF[7]_inst/O
                         net (fo=0)                   0.000     6.008    led[7]
    U16                                                               r  led[7] (OUT)
  -------------------------------------------------------------------    -------------------





Min Delay Paths
--------------------------------------------------------------------------------------
Slack:                    inf
  Source:                 pipe_u/fetch_pc_reg[2]/C
                            (rising edge-triggered cell FDCE)
  Destination:            pipe_u/fetch_pc_reg[3]/D
  Path Group:             (none)
  Path Type:              Min at Fast Process Corner
  Data Path Delay:        0.424ns  (logic 0.341ns (80.388%)  route 0.083ns (19.612%))
  Logic Levels:           2  (CARRY4=1 FDCE=1)

    Location             Delay type                Incr(ns)  Path(ns)    Netlist Resource(s)
  -------------------------------------------------------------------    -------------------
    SLICE_X0Y65          FDCE                         0.000     0.000 r  pipe_u/fetch_pc_reg[2]/C
    SLICE_X0Y65          FDCE (Prop_fdce_C_Q)         0.195     0.195 r  pipe_u/fetch_pc_reg[2]/Q
                         net (fo=3, routed)           0.083     0.278    pipe_u/execute/inst_mem_address[0]
    SLICE_X0Y65          CARRY4 (Prop_carry4_DI[1]_O[2])
                                                      0.146     0.424 r  pipe_u/execute/fetch_pc_reg[4]_i_1/O[2]
                         net (fo=1, routed)           0.000     0.424    pipe_u/next_pc[3]
    SLICE_X0Y65          FDCE                                         r  pipe_u/fetch_pc_reg[3]/D
  -------------------------------------------------------------------    -------------------

Slack:                    inf
  Source:                 pipe_u/fetch_pc_reg[11]/C
                            (rising edge-triggered cell FDCE)
  Destination:            pipe_u/fetch_pc_reg[11]/D
  Path Group:             (none)
  Path Type:              Min at Fast Process Corner
  Data Path Delay:        0.440ns  (logic 0.306ns (69.600%)  route 0.134ns (30.400%))
  Logic Levels:           2  (CARRY4=1 FDCE=1)

    Location             Delay type                Incr(ns)  Path(ns)    Netlist Resource(s)
  -------------------------------------------------------------------    -------------------
    SLICE_X0Y67          FDCE                         0.000     0.000 r  pipe_u/fetch_pc_reg[11]/C
    SLICE_X0Y67          FDCE (Prop_fdce_C_Q)         0.195     0.195 r  pipe_u/fetch_pc_reg[11]/Q
                         net (fo=2, routed)           0.134     0.329    pipe_u/execute/inst_mem_address[9]
    SLICE_X0Y67          CARRY4 (Prop_carry4_S[2]_O[2])
                                                      0.111     0.440 r  pipe_u/execute/fetch_pc_reg[12]_i_1/O[2]
                         net (fo=1, routed)           0.000     0.440    pipe_u/next_pc[11]
    SLICE_X0Y67          FDCE                                         r  pipe_u/fetch_pc_reg[11]/D
  -------------------------------------------------------------------    -------------------

Slack:                    inf
  Source:                 pipe_u/fetch_pc_reg[7]/C
                            (rising edge-triggered cell FDCE)
  Destination:            pipe_u/fetch_pc_reg[7]/D
  Path Group:             (none)
  Path Type:              Min at Fast Process Corner
  Data Path Delay:        0.440ns  (logic 0.306ns (69.600%)  route 0.134ns (30.400%))
  Logic Levels:           2  (CARRY4=1 FDCE=1)

    Location             Delay type                Incr(ns)  Path(ns)    Netlist Resource(s)
  -------------------------------------------------------------------    -------------------
    SLICE_X0Y66          FDCE                         0.000     0.000 r  pipe_u/fetch_pc_reg[7]/C
    SLICE_X0Y66          FDCE (Prop_fdce_C_Q)         0.195     0.195 r  pipe_u/fetch_pc_reg[7]/Q
                         net (fo=2, routed)           0.134     0.329    pipe_u/execute/inst_mem_address[5]
    SLICE_X0Y66          CARRY4 (Prop_carry4_S[2]_O[2])
                                                      0.111     0.440 r  pipe_u/execute/fetch_pc_reg[8]_i_1/O[2]
                         net (fo=1, routed)           0.000     0.440    pipe_u/next_pc[7]
    SLICE_X0Y66          FDCE                                         r  pipe_u/fetch_pc_reg[7]/D
  -------------------------------------------------------------------    -------------------

Slack:                    inf
  Source:                 pipe_u/fetch_pc_reg[15]/C
                            (rising edge-triggered cell FDCE)
  Destination:            pipe_u/fetch_pc_reg[15]/D
  Path Group:             (none)
  Path Type:              Min at Fast Process Corner
  Data Path Delay:        0.442ns  (logic 0.306ns (69.258%)  route 0.136ns (30.742%))
  Logic Levels:           2  (CARRY4=1 FDCE=1)

    Location             Delay type                Incr(ns)  Path(ns)    Netlist Resource(s)
  -------------------------------------------------------------------    -------------------
    SLICE_X0Y68          FDCE                         0.000     0.000 r  pipe_u/fetch_pc_reg[15]/C
    SLICE_X0Y68          FDCE (Prop_fdce_C_Q)         0.195     0.195 r  pipe_u/fetch_pc_reg[15]/Q
                         net (fo=2, routed)           0.136     0.331    pipe_u/execute/inst_mem_address[13]
    SLICE_X0Y68          CARRY4 (Prop_carry4_S[2]_O[2])
                                                      0.111     0.442 r  pipe_u/execute/fetch_pc_reg[15]_i_2/O[2]
                         net (fo=1, routed)           0.000     0.442    pipe_u/next_pc[15]
    SLICE_X0Y68          FDCE                                         r  pipe_u/fetch_pc_reg[15]/D
  -------------------------------------------------------------------    -------------------

Slack:                    inf
  Source:                 pipe_u/fetch_pc_reg[2]/C
                            (rising edge-triggered cell FDCE)
  Destination:            pipe_u/fetch_pc_reg[4]/D
  Path Group:             (none)
  Path Type:              Min at Fast Process Corner
  Data Path Delay:        0.445ns  (logic 0.362ns (81.313%)  route 0.083ns (18.687%))
  Logic Levels:           2  (CARRY4=1 FDCE=1)

    Location             Delay type                Incr(ns)  Path(ns)    Netlist Resource(s)
  -------------------------------------------------------------------    -------------------
    SLICE_X0Y65          FDCE                         0.000     0.000 r  pipe_u/fetch_pc_reg[2]/C
    SLICE_X0Y65          FDCE (Prop_fdce_C_Q)         0.195     0.195 r  pipe_u/fetch_pc_reg[2]/Q
                         net (fo=3, routed)           0.083     0.278    pipe_u/execute/inst_mem_address[0]
    SLICE_X0Y65          CARRY4 (Prop_carry4_DI[1]_O[3])
                                                      0.167     0.445 r  pipe_u/execute/fetch_pc_reg[4]_i_1/O[3]
                         net (fo=1, routed)           0.000     0.445    pipe_u/next_pc[4]
    SLICE_X0Y65          FDCE                                         r  pipe_u/fetch_pc_reg[4]/D
  -------------------------------------------------------------------    -------------------

Slack:                    inf
  Source:                 pipe_u/fetch_pc_reg[11]/C
                            (rising edge-triggered cell FDCE)
  Destination:            pipe_u/fetch_pc_reg[12]/D
  Path Group:             (none)
  Path Type:              Min at Fast Process Corner
  Data Path Delay:        0.473ns  (logic 0.339ns (71.722%)  route 0.134ns (28.278%))
  Logic Levels:           2  (CARRY4=1 FDCE=1)

    Location             Delay type                Incr(ns)  Path(ns)    Netlist Resource(s)
  -------------------------------------------------------------------    -------------------
    SLICE_X0Y67          FDCE                         0.000     0.000 r  pipe_u/fetch_pc_reg[11]/C
    SLICE_X0Y67          FDCE (Prop_fdce_C_Q)         0.195     0.195 r  pipe_u/fetch_pc_reg[11]/Q
                         net (fo=2, routed)           0.134     0.329    pipe_u/execute/inst_mem_address[9]
    SLICE_X0Y67          CARRY4 (Prop_carry4_S[2]_O[3])
                                                      0.144     0.473 r  pipe_u/execute/fetch_pc_reg[12]_i_1/O[3]
                         net (fo=1, routed)           0.000     0.473    pipe_u/next_pc[12]
    SLICE_X0Y67          FDCE                                         r  pipe_u/fetch_pc_reg[12]/D
  -------------------------------------------------------------------    -------------------

Slack:                    inf
  Source:                 pipe_u/fetch_pc_reg[7]/C
                            (rising edge-triggered cell FDCE)
  Destination:            pipe_u/fetch_pc_reg[8]/D
  Path Group:             (none)
  Path Type:              Min at Fast Process Corner
  Data Path Delay:        0.473ns  (logic 0.339ns (71.722%)  route 0.134ns (28.278%))
  Logic Levels:           2  (CARRY4=1 FDCE=1)

    Location             Delay type                Incr(ns)  Path(ns)    Netlist Resource(s)
  -------------------------------------------------------------------    -------------------
    SLICE_X0Y66          FDCE                         0.000     0.000 r  pipe_u/fetch_pc_reg[7]/C
    SLICE_X0Y66          FDCE (Prop_fdce_C_Q)         0.195     0.195 r  pipe_u/fetch_pc_reg[7]/Q
                         net (fo=2, routed)           0.134     0.329    pipe_u/execute/inst_mem_address[5]
    SLICE_X0Y66          CARRY4 (Prop_carry4_S[2]_O[3])
                                                      0.144     0.473 r  pipe_u/execute/fetch_pc_reg[8]_i_1/O[3]
                         net (fo=1, routed)           0.000     0.473    pipe_u/next_pc[8]
    SLICE_X0Y66          FDCE                                         r  pipe_u/fetch_pc_reg[8]/D
  -------------------------------------------------------------------    -------------------

Slack:                    inf
  Source:                 pipe_u/fetch_pc_reg[2]/C
                            (rising edge-triggered cell FDCE)
  Destination:            pipe_u/fetch_pc_reg[5]/D
  Path Group:             (none)
  Path Type:              Min at Fast Process Corner
  Data Path Delay:        0.479ns  (logic 0.396ns (82.639%)  route 0.083ns (17.361%))
  Logic Levels:           3  (CARRY4=2 FDCE=1)

    Location             Delay type                Incr(ns)  Path(ns)    Netlist Resource(s)
  -------------------------------------------------------------------    -------------------
    SLICE_X0Y65          FDCE                         0.000     0.000 r  pipe_u/fetch_pc_reg[2]/C
    SLICE_X0Y65          FDCE (Prop_fdce_C_Q)         0.195     0.195 r  pipe_u/fetch_pc_reg[2]/Q
                         net (fo=3, routed)           0.083     0.278    pipe_u/execute/inst_mem_address[0]
    SLICE_X0Y65          CARRY4 (Prop_carry4_DI[1]_CO[3])
                                                      0.147     0.425 r  pipe_u/execute/fetch_pc_reg[4]_i_1/CO[3]
                         net (fo=1, routed)           0.000     0.425    pipe_u/execute/fetch_pc_reg[4]_i_1_n_0
    SLICE_X0Y66          CARRY4 (Prop_carry4_CI_O[0])
                                                      0.054     0.479 r  pipe_u/execute/fetch_pc_reg[8]_i_1/O[0]
                         net (fo=1, routed)           0.000     0.479    pipe_u/next_pc[5]
    SLICE_X0Y66          FDCE                                         r  pipe_u/fetch_pc_reg[5]/D
  -------------------------------------------------------------------    -------------------

Slack:                    inf
  Source:                 pipe_u/fetch_pc_reg[10]/C
                            (rising edge-triggered cell FDCE)
  Destination:            pipe_u/fetch_pc_reg[10]/D
  Path Group:             (none)
  Path Type:              Min at Fast Process Corner
  Data Path Delay:        0.499ns  (logic 0.305ns (61.095%)  route 0.194ns (38.905%))
  Logic Levels:           2  (CARRY4=1 FDCE=1)

    Location             Delay type                Incr(ns)  Path(ns)    Netlist Resource(s)
  -------------------------------------------------------------------    -------------------
    SLICE_X0Y67          FDCE                         0.000     0.000 r  pipe_u/fetch_pc_reg[10]/C
    SLICE_X0Y67          FDCE (Prop_fdce_C_Q)         0.195     0.195 r  pipe_u/fetch_pc_reg[10]/Q
                         net (fo=2, routed)           0.194     0.389    pipe_u/execute/inst_mem_address[8]
    SLICE_X0Y67          CARRY4 (Prop_carry4_S[1]_O[1])
                                                      0.110     0.499 r  pipe_u/execute/fetch_pc_reg[12]_i_1/O[1]
                         net (fo=1, routed)           0.000     0.499    pipe_u/next_pc[10]
    SLICE_X0Y67          FDCE                                         r  pipe_u/fetch_pc_reg[10]/D
  -------------------------------------------------------------------    -------------------

Slack:                    inf
  Source:                 pipe_u/fetch_pc_reg[14]/C
                            (rising edge-triggered cell FDCE)
  Destination:            pipe_u/fetch_pc_reg[14]/D
  Path Group:             (none)
  Path Type:              Min at Fast Process Corner
  Data Path Delay:        0.499ns  (logic 0.305ns (61.095%)  route 0.194ns (38.905%))
  Logic Levels:           2  (CARRY4=1 FDCE=1)

    Location             Delay type                Incr(ns)  Path(ns)    Netlist Resource(s)
  -------------------------------------------------------------------    -------------------
    SLICE_X0Y68          FDCE                         0.000     0.000 r  pipe_u/fetch_pc_reg[14]/C
    SLICE_X0Y68          FDCE (Prop_fdce_C_Q)         0.195     0.195 r  pipe_u/fetch_pc_reg[14]/Q
                         net (fo=2, routed)           0.194     0.389    pipe_u/execute/inst_mem_address[12]
    SLICE_X0Y68          CARRY4 (Prop_carry4_S[1]_O[1])
                                                      0.110     0.499 r  pipe_u/execute/fetch_pc_reg[15]_i_2/O[1]
                         net (fo=1, routed)           0.000     0.499    pipe_u/next_pc[14]
    SLICE_X0Y68          FDCE                                         r  pipe_u/fetch_pc_reg[14]/D
  -------------------------------------------------------------------    -------------------





--------------------------------------------------------------------------------------
Path Group:  (none)
From Clock:  
  To Clock:  clk

Max Delay            27 Endpoints
Min Delay            27 Endpoints
--------------------------------------------------------------------------------------


Max Delay Paths
--------------------------------------------------------------------------------------
Slack:                    inf
  Source:                 reset
                            (input port)
  Destination:            clk_cnt_reg[1]/CLR
                            (recovery check against rising-edge clock clk  {rise@0.000ns fall@5.000ns period=10.000ns})
  Path Group:             (none)
  Path Type:              Recovery (Max at Slow Process Corner)
  Data Path Delay:        4.357ns  (logic 1.478ns (33.917%)  route 2.879ns (66.083%))
  Logic Levels:           1  (IBUF=1)
  Clock Path Skew:        5.021ns (DCD - SCD + CPR)
    Destination Clock Delay (DCD):    5.021ns
    Source Clock Delay      (SCD):    0.000ns
    Clock Pessimism Removal (CPR):    0.000ns
  Clock Uncertainty:      0.025ns  ((TSJ^2 + TIJ^2)^1/2 + DJ) / 2 + PE
    Total System Jitter     (TSJ):    0.050ns
    Total Input Jitter      (TIJ):    0.000ns
    Discrete Jitter          (DJ):    0.000ns
    Phase Error              (PE):    0.000ns

    Location             Delay type                Incr(ns)  Path(ns)    Netlist Resource(s)
  -------------------------------------------------------------------    -------------------
    J15                                               0.000     0.000 f  reset (IN)
                         net (fo=0)                   0.000     0.000    reset
    J15                  IBUF (Prop_ibuf_I_O)         1.478     1.478 f  reset_IBUF_inst/O
                         net (fo=42, routed)          2.879     4.357    reset_IBUF
    SLICE_X3Y66          FDCE                                         f  clk_cnt_reg[1]/CLR
  -------------------------------------------------------------------    -------------------

                         (clock clk rise edge)        0.000     0.000 r  
    E3                                                0.000     0.000 r  clk (IN)
                         net (fo=0)                   0.000     0.000    clk
    E3                   IBUF (Prop_ibuf_I_O)         1.411     1.411 r  clk_IBUF_inst/O
                         net (fo=1, routed)           1.920     3.331    clk_IBUF
    BUFGCTRL_X0Y16       BUFG (Prop_bufg_I_O)         0.091     3.422 r  clk_IBUF_BUFG_inst/O
                         net (fo=27, routed)          1.598     5.021    clk_IBUF_BUFG
    SLICE_X3Y66          FDCE                                         r  clk_cnt_reg[1]/C

Slack:                    inf
  Source:                 reset
                            (input port)
  Destination:            clk_cnt_reg[2]/CLR
                            (recovery check against rising-edge clock clk  {rise@0.000ns fall@5.000ns period=10.000ns})
  Path Group:             (none)
  Path Type:              Recovery (Max at Slow Process Corner)
  Data Path Delay:        4.357ns  (logic 1.478ns (33.917%)  route 2.879ns (66.083%))
  Logic Levels:           1  (IBUF=1)
  Clock Path Skew:        5.021ns (DCD - SCD + CPR)
    Destination Clock Delay (DCD):    5.021ns
    Source Clock Delay      (SCD):    0.000ns
    Clock Pessimism Removal (CPR):    0.000ns
  Clock Uncertainty:      0.025ns  ((TSJ^2 + TIJ^2)^1/2 + DJ) / 2 + PE
    Total System Jitter     (TSJ):    0.050ns
    Total Input Jitter      (TIJ):    0.000ns
    Discrete Jitter          (DJ):    0.000ns
    Phase Error              (PE):    0.000ns

    Location             Delay type                Incr(ns)  Path(ns)    Netlist Resource(s)
  -------------------------------------------------------------------    -------------------
    J15                                               0.000     0.000 f  reset (IN)
                         net (fo=0)                   0.000     0.000    reset
    J15                  IBUF (Prop_ibuf_I_O)         1.478     1.478 f  reset_IBUF_inst/O
                         net (fo=42, routed)          2.879     4.357    reset_IBUF
    SLICE_X3Y66          FDCE                                         f  clk_cnt_reg[2]/CLR
  -------------------------------------------------------------------    -------------------

                         (clock clk rise edge)        0.000     0.000 r  
    E3                                                0.000     0.000 r  clk (IN)
                         net (fo=0)                   0.000     0.000    clk
    E3                   IBUF (Prop_ibuf_I_O)         1.411     1.411 r  clk_IBUF_inst/O
                         net (fo=1, routed)           1.920     3.331    clk_IBUF
    BUFGCTRL_X0Y16       BUFG (Prop_bufg_I_O)         0.091     3.422 r  clk_IBUF_BUFG_inst/O
                         net (fo=27, routed)          1.598     5.021    clk_IBUF_BUFG
    SLICE_X3Y66          FDCE                                         r  clk_cnt_reg[2]/C

Slack:                    inf
  Source:                 reset
                            (input port)
  Destination:            clk_cnt_reg[3]/CLR
                            (recovery check against rising-edge clock clk  {rise@0.000ns fall@5.000ns period=10.000ns})
  Path Group:             (none)
  Path Type:              Recovery (Max at Slow Process Corner)
  Data Path Delay:        4.357ns  (logic 1.478ns (33.917%)  route 2.879ns (66.083%))
  Logic Levels:           1  (IBUF=1)
  Clock Path Skew:        5.021ns (DCD - SCD + CPR)
    Destination Clock Delay (DCD):    5.021ns
    Source Clock Delay      (SCD):    0.000ns
    Clock Pessimism Removal (CPR):    0.000ns
  Clock Uncertainty:      0.025ns  ((TSJ^2 + TIJ^2)^1/2 + DJ) / 2 + PE
    Total System Jitter     (TSJ):    0.050ns
    Total Input Jitter      (TIJ):    0.000ns
    Discrete Jitter          (DJ):    0.000ns
    Phase Error              (PE):    0.000ns

    Location             Delay type                Incr(ns)  Path(ns)    Netlist Resource(s)
  -------------------------------------------------------------------    -------------------
    J15                                               0.000     0.000 f  reset (IN)
                         net (fo=0)                   0.000     0.000    reset
    J15                  IBUF (Prop_ibuf_I_O)         1.478     1.478 f  reset_IBUF_inst/O
                         net (fo=42, routed)          2.879     4.357    reset_IBUF
    SLICE_X3Y66          FDCE                                         f  clk_cnt_reg[3]/CLR
  -------------------------------------------------------------------    -------------------

                         (clock clk rise edge)        0.000     0.000 r  
    E3                                                0.000     0.000 r  clk (IN)
                         net (fo=0)                   0.000     0.000    clk
    E3                   IBUF (Prop_ibuf_I_O)         1.411     1.411 r  clk_IBUF_inst/O
                         net (fo=1, routed)           1.920     3.331    clk_IBUF
    BUFGCTRL_X0Y16       BUFG (Prop_bufg_I_O)         0.091     3.422 r  clk_IBUF_BUFG_inst/O
                         net (fo=27, routed)          1.598     5.021    clk_IBUF_BUFG
    SLICE_X3Y66          FDCE                                         r  clk_cnt_reg[3]/C

Slack:                    inf
  Source:                 reset
                            (input port)
  Destination:            clk_cnt_reg[4]/CLR
                            (recovery check against rising-edge clock clk  {rise@0.000ns fall@5.000ns period=10.000ns})
  Path Group:             (none)
  Path Type:              Recovery (Max at Slow Process Corner)
  Data Path Delay:        4.357ns  (logic 1.478ns (33.917%)  route 2.879ns (66.083%))
  Logic Levels:           1  (IBUF=1)
  Clock Path Skew:        5.021ns (DCD - SCD + CPR)
    Destination Clock Delay (DCD):    5.021ns
    Source Clock Delay      (SCD):    0.000ns
    Clock Pessimism Removal (CPR):    0.000ns
  Clock Uncertainty:      0.025ns  ((TSJ^2 + TIJ^2)^1/2 + DJ) / 2 + PE
    Total System Jitter     (TSJ):    0.050ns
    Total Input Jitter      (TIJ):    0.000ns
    Discrete Jitter          (DJ):    0.000ns
    Phase Error              (PE):    0.000ns

    Location             Delay type                Incr(ns)  Path(ns)    Netlist Resource(s)
  -------------------------------------------------------------------    -------------------
    J15                                               0.000     0.000 f  reset (IN)
                         net (fo=0)                   0.000     0.000    reset
    J15                  IBUF (Prop_ibuf_I_O)         1.478     1.478 f  reset_IBUF_inst/O
                         net (fo=42, routed)          2.879     4.357    reset_IBUF
    SLICE_X3Y66          FDCE                                         f  clk_cnt_reg[4]/CLR
  -------------------------------------------------------------------    -------------------

                         (clock clk rise edge)        0.000     0.000 r  
    E3                                                0.000     0.000 r  clk (IN)
                         net (fo=0)                   0.000     0.000    clk
    E3                   IBUF (Prop_ibuf_I_O)         1.411     1.411 r  clk_IBUF_inst/O
                         net (fo=1, routed)           1.920     3.331    clk_IBUF
    BUFGCTRL_X0Y16       BUFG (Prop_bufg_I_O)         0.091     3.422 r  clk_IBUF_BUFG_inst/O
                         net (fo=27, routed)          1.598     5.021    clk_IBUF_BUFG
    SLICE_X3Y66          FDCE                                         r  clk_cnt_reg[4]/C

Slack:                    inf
  Source:                 reset
                            (input port)
  Destination:            clk_cnt_reg[5]/CLR
                            (recovery check against rising-edge clock clk  {rise@0.000ns fall@5.000ns period=10.000ns})
  Path Group:             (none)
  Path Type:              Recovery (Max at Slow Process Corner)
  Data Path Delay:        4.357ns  (logic 1.478ns (33.917%)  route 2.879ns (66.083%))
  Logic Levels:           1  (IBUF=1)
  Clock Path Skew:        5.021ns (DCD - SCD + CPR)
    Destination Clock Delay (DCD):    5.021ns
    Source Clock Delay      (SCD):    0.000ns
    Clock Pessimism Removal (CPR):    0.000ns
  Clock Uncertainty:      0.025ns  ((TSJ^2 + TIJ^2)^1/2 + DJ) / 2 + PE
    Total System Jitter     (TSJ):    0.050ns
    Total Input Jitter      (TIJ):    0.000ns
    Discrete Jitter          (DJ):    0.000ns
    Phase Error              (PE):    0.000ns

    Location             Delay type                Incr(ns)  Path(ns)    Netlist Resource(s)
  -------------------------------------------------------------------    -------------------
    J15                                               0.000     0.000 f  reset (IN)
                         net (fo=0)                   0.000     0.000    reset
    J15                  IBUF (Prop_ibuf_I_O)         1.478     1.478 f  reset_IBUF_inst/O
                         net (fo=42, routed)          2.879     4.357    reset_IBUF
    SLICE_X3Y66          FDCE                                         f  clk_cnt_reg[5]/CLR
  -------------------------------------------------------------------    -------------------

                         (clock clk rise edge)        0.000     0.000 r  
    E3                                                0.000     0.000 r  clk (IN)
                         net (fo=0)                   0.000     0.000    clk
    E3                   IBUF (Prop_ibuf_I_O)         1.411     1.411 r  clk_IBUF_inst/O
                         net (fo=1, routed)           1.920     3.331    clk_IBUF
    BUFGCTRL_X0Y16       BUFG (Prop_bufg_I_O)         0.091     3.422 r  clk_IBUF_BUFG_inst/O
                         net (fo=27, routed)          1.598     5.021    clk_IBUF_BUFG
    SLICE_X3Y66          FDCE                                         r  clk_cnt_reg[5]/C

Slack:                    inf
  Source:                 reset
                            (input port)
  Destination:            slow_clk_reg/CLR
                            (recovery check against rising-edge clock clk  {rise@0.000ns fall@5.000ns period=10.000ns})
  Path Group:             (none)
  Path Type:              Recovery (Max at Slow Process Corner)
  Data Path Delay:        4.357ns  (logic 1.478ns (33.917%)  route 2.879ns (66.083%))
  Logic Levels:           1  (IBUF=1)
  Clock Path Skew:        5.021ns (DCD - SCD + CPR)
    Destination Clock Delay (DCD):    5.021ns
    Source Clock Delay      (SCD):    0.000ns
    Clock Pessimism Removal (CPR):    0.000ns
  Clock Uncertainty:      0.025ns  ((TSJ^2 + TIJ^2)^1/2 + DJ) / 2 + PE
    Total System Jitter     (TSJ):    0.050ns
    Total Input Jitter      (TIJ):    0.000ns
    Discrete Jitter          (DJ):    0.000ns
    Phase Error              (PE):    0.000ns

    Location             Delay type                Incr(ns)  Path(ns)    Netlist Resource(s)
  -------------------------------------------------------------------    -------------------
    J15                                               0.000     0.000 f  reset (IN)
                         net (fo=0)                   0.000     0.000    reset
    J15                  IBUF (Prop_ibuf_I_O)         1.478     1.478 f  reset_IBUF_inst/O
                         net (fo=42, routed)          2.879     4.357    reset_IBUF
    SLICE_X3Y66          FDCE                                         f  slow_clk_reg/CLR
  -------------------------------------------------------------------    -------------------

                         (clock clk rise edge)        0.000     0.000 r  
    E3                                                0.000     0.000 r  clk (IN)
                         net (fo=0)                   0.000     0.000    clk
    E3                   IBUF (Prop_ibuf_I_O)         1.411     1.411 r  clk_IBUF_inst/O
                         net (fo=1, routed)           1.920     3.331    clk_IBUF
    BUFGCTRL_X0Y16       BUFG (Prop_bufg_I_O)         0.091     3.422 r  clk_IBUF_BUFG_inst/O
                         net (fo=27, routed)          1.598     5.021    clk_IBUF_BUFG
    SLICE_X3Y66          FDCE                                         r  slow_clk_reg/C

Slack:                    inf
  Source:                 reset
                            (input port)
  Destination:            clk_cnt_reg[0]/CLR
                            (recovery check against rising-edge clock clk  {rise@0.000ns fall@5.000ns period=10.000ns})
  Path Group:             (none)
  Path Type:              Recovery (Max at Slow Process Corner)
  Data Path Delay:        4.216ns  (logic 1.478ns (35.050%)  route 2.738ns (64.950%))
  Logic Levels:           1  (IBUF=1)
  Clock Path Skew:        5.020ns (DCD - SCD + CPR)
    Destination Clock Delay (DCD):    5.020ns
    Source Clock Delay      (SCD):    0.000ns
    Clock Pessimism Removal (CPR):    0.000ns
  Clock Uncertainty:      0.025ns  ((TSJ^2 + TIJ^2)^1/2 + DJ) / 2 + PE
    Total System Jitter     (TSJ):    0.050ns
    Total Input Jitter      (TIJ):    0.000ns
    Discrete Jitter          (DJ):    0.000ns
    Phase Error              (PE):    0.000ns

    Location             Delay type                Incr(ns)  Path(ns)    Netlist Resource(s)
  -------------------------------------------------------------------    -------------------
    J15                                               0.000     0.000 f  reset (IN)
                         net (fo=0)                   0.000     0.000    reset
    J15                  IBUF (Prop_ibuf_I_O)         1.478     1.478 f  reset_IBUF_inst/O
                         net (fo=42, routed)          2.738     4.216    reset_IBUF
    SLICE_X3Y67          FDCE                                         f  clk_cnt_reg[0]/CLR
  -------------------------------------------------------------------    -------------------

                         (clock clk rise edge)        0.000     0.000 r  
    E3                                                0.000     0.000 r  clk (IN)
                         net (fo=0)                   0.000     0.000    clk
    E3                   IBUF (Prop_ibuf_I_O)         1.411     1.411 r  clk_IBUF_inst/O
                         net (fo=1, routed)           1.920     3.331    clk_IBUF
    BUFGCTRL_X0Y16       BUFG (Prop_bufg_I_O)         0.091     3.422 r  clk_IBUF_BUFG_inst/O
                         net (fo=27, routed)          1.597     5.020    clk_IBUF_BUFG
    SLICE_X3Y67          FDCE                                         r  clk_cnt_reg[0]/C

Slack:                    inf
  Source:                 reset
                            (input port)
  Destination:            clk_cnt_reg[6]/CLR
                            (recovery check against rising-edge clock clk  {rise@0.000ns fall@5.000ns period=10.000ns})
  Path Group:             (none)
  Path Type:              Recovery (Max at Slow Process Corner)
  Data Path Delay:        4.216ns  (logic 1.478ns (35.050%)  route 2.738ns (64.950%))
  Logic Levels:           1  (IBUF=1)
  Clock Path Skew:        5.020ns (DCD - SCD + CPR)
    Destination Clock Delay (DCD):    5.020ns
    Source Clock Delay      (SCD):    0.000ns
    Clock Pessimism Removal (CPR):    0.000ns
  Clock Uncertainty:      0.025ns  ((TSJ^2 + TIJ^2)^1/2 + DJ) / 2 + PE
    Total System Jitter     (TSJ):    0.050ns
    Total Input Jitter      (TIJ):    0.000ns
    Discrete Jitter          (DJ):    0.000ns
    Phase Error              (PE):    0.000ns

    Location             Delay type                Incr(ns)  Path(ns)    Netlist Resource(s)
  -------------------------------------------------------------------    -------------------
    J15                                               0.000     0.000 f  reset (IN)
                         net (fo=0)                   0.000     0.000    reset
    J15                  IBUF (Prop_ibuf_I_O)         1.478     1.478 f  reset_IBUF_inst/O
                         net (fo=42, routed)          2.738     4.216    reset_IBUF
    SLICE_X3Y67          FDCE                                         f  clk_cnt_reg[6]/CLR
  -------------------------------------------------------------------    -------------------

                         (clock clk rise edge)        0.000     0.000 r  
    E3                                                0.000     0.000 r  clk (IN)
                         net (fo=0)                   0.000     0.000    clk
    E3                   IBUF (Prop_ibuf_I_O)         1.411     1.411 r  clk_IBUF_inst/O
                         net (fo=1, routed)           1.920     3.331    clk_IBUF
    BUFGCTRL_X0Y16       BUFG (Prop_bufg_I_O)         0.091     3.422 r  clk_IBUF_BUFG_inst/O
                         net (fo=27, routed)          1.597     5.020    clk_IBUF_BUFG
    SLICE_X3Y67          FDCE                                         r  clk_cnt_reg[6]/C

Slack:                    inf
  Source:                 reset
                            (input port)
  Destination:            clk_cnt_reg[7]/CLR
                            (recovery check against rising-edge clock clk  {rise@0.000ns fall@5.000ns period=10.000ns})
  Path Group:             (none)
  Path Type:              Recovery (Max at Slow Process Corner)
  Data Path Delay:        4.216ns  (logic 1.478ns (35.050%)  route 2.738ns (64.950%))
  Logic Levels:           1  (IBUF=1)
  Clock Path Skew:        5.020ns (DCD - SCD + CPR)
    Destination Clock Delay (DCD):    5.020ns
    Source Clock Delay      (SCD):    0.000ns
    Clock Pessimism Removal (CPR):    0.000ns
  Clock Uncertainty:      0.025ns  ((TSJ^2 + TIJ^2)^1/2 + DJ) / 2 + PE
    Total System Jitter     (TSJ):    0.050ns
    Total Input Jitter      (TIJ):    0.000ns
    Discrete Jitter          (DJ):    0.000ns
    Phase Error              (PE):    0.000ns

    Location             Delay type                Incr(ns)  Path(ns)    Netlist Resource(s)
  -------------------------------------------------------------------    -------------------
    J15                                               0.000     0.000 f  reset (IN)
                         net (fo=0)                   0.000     0.000    reset
    J15                  IBUF (Prop_ibuf_I_O)         1.478     1.478 f  reset_IBUF_inst/O
                         net (fo=42, routed)          2.738     4.216    reset_IBUF
    SLICE_X3Y67          FDCE                                         f  clk_cnt_reg[7]/CLR
  -------------------------------------------------------------------    -------------------

                         (clock clk rise edge)        0.000     0.000 r  
    E3                                                0.000     0.000 r  clk (IN)
                         net (fo=0)                   0.000     0.000    clk
    E3                   IBUF (Prop_ibuf_I_O)         1.411     1.411 r  clk_IBUF_inst/O
                         net (fo=1, routed)           1.920     3.331    clk_IBUF
    BUFGCTRL_X0Y16       BUFG (Prop_bufg_I_O)         0.091     3.422 r  clk_IBUF_BUFG_inst/O
                         net (fo=27, routed)          1.597     5.020    clk_IBUF_BUFG
    SLICE_X3Y67          FDCE                                         r  clk_cnt_reg[7]/C

Slack:                    inf
  Source:                 reset
                            (input port)
  Destination:            clk_cnt_reg[8]/CLR
                            (recovery check against rising-edge clock clk  {rise@0.000ns fall@5.000ns period=10.000ns})
  Path Group:             (none)
  Path Type:              Recovery (Max at Slow Process Corner)
  Data Path Delay:        4.216ns  (logic 1.478ns (35.050%)  route 2.738ns (64.950%))
  Logic Levels:           1  (IBUF=1)
  Clock Path Skew:        5.020ns (DCD - SCD + CPR)
    Destination Clock Delay (DCD):    5.020ns
    Source Clock Delay      (SCD):    0.000ns
    Clock Pessimism Removal (CPR):    0.000ns
  Clock Uncertainty:      0.025ns  ((TSJ^2 + TIJ^2)^1/2 + DJ) / 2 + PE
    Total System Jitter     (TSJ):    0.050ns
    Total Input Jitter      (TIJ):    0.000ns
    Discrete Jitter          (DJ):    0.000ns
    Phase Error              (PE):    0.000ns

    Location             Delay type                Incr(ns)  Path(ns)    Netlist Resource(s)
  -------------------------------------------------------------------    -------------------
    J15                                               0.000     0.000 f  reset (IN)
                         net (fo=0)                   0.000     0.000    reset
    J15                  IBUF (Prop_ibuf_I_O)         1.478     1.478 f  reset_IBUF_inst/O
                         net (fo=42, routed)          2.738     4.216    reset_IBUF
    SLICE_X3Y67          FDCE                                         f  clk_cnt_reg[8]/CLR
  -------------------------------------------------------------------    -------------------

                         (clock clk rise edge)        0.000     0.000 r  
    E3                                                0.000     0.000 r  clk (IN)
                         net (fo=0)                   0.000     0.000    clk
    E3                   IBUF (Prop_ibuf_I_O)         1.411     1.411 r  clk_IBUF_inst/O
                         net (fo=1, routed)           1.920     3.331    clk_IBUF
    BUFGCTRL_X0Y16       BUFG (Prop_bufg_I_O)         0.091     3.422 r  clk_IBUF_BUFG_inst/O
                         net (fo=27, routed)          1.597     5.020    clk_IBUF_BUFG
    SLICE_X3Y67          FDCE                                         r  clk_cnt_reg[8]/C





Min Delay Paths
--------------------------------------------------------------------------------------
Slack:                    inf
  Source:                 reset
                            (input port)
  Destination:            clk_cnt_reg[22]/CLR
                            (removal check against rising-edge clock clk  {rise@0.000ns fall@5.000ns period=10.000ns})
  Path Group:             (none)
  Path Type:              Removal (Min at Fast Process Corner)
  Data Path Delay:        1.128ns  (logic 0.245ns (21.762%)  route 0.882ns (78.238%))
  Logic Levels:           1  (IBUF=1)
  Clock Path Skew:        2.030ns (DCD - SCD - CPR)
    Destination Clock Delay (DCD):    2.030ns
    Source Clock Delay      (SCD):    0.000ns
    Clock Pessimism Removal (CPR):    -0.000ns

    Location             Delay type                Incr(ns)  Path(ns)    Netlist Resource(s)
  -------------------------------------------------------------------    -------------------
    J15                                               0.000     0.000 f  reset (IN)
                         net (fo=0)                   0.000     0.000    reset
    J15                  IBUF (Prop_ibuf_I_O)         0.245     0.245 f  reset_IBUF_inst/O
                         net (fo=42, routed)          0.882     1.128    reset_IBUF
    SLICE_X3Y71          FDCE                                         f  clk_cnt_reg[22]/CLR
  -------------------------------------------------------------------    -------------------

                         (clock clk rise edge)        0.000     0.000 r  
    E3                                                0.000     0.000 r  clk (IN)
                         net (fo=0)                   0.000     0.000    clk
    E3                   IBUF (Prop_ibuf_I_O)         0.438     0.438 r  clk_IBUF_inst/O
                         net (fo=1, routed)           0.699     1.136    clk_IBUF
    BUFGCTRL_X0Y16       BUFG (Prop_bufg_I_O)         0.029     1.165 r  clk_IBUF_BUFG_inst/O
                         net (fo=27, routed)          0.865     2.030    clk_IBUF_BUFG
    SLICE_X3Y71          FDCE                                         r  clk_cnt_reg[22]/C

Slack:                    inf
  Source:                 reset
                            (input port)
  Destination:            clk_cnt_reg[23]/CLR
                            (removal check against rising-edge clock clk  {rise@0.000ns fall@5.000ns period=10.000ns})
  Path Group:             (none)
  Path Type:              Removal (Min at Fast Process Corner)
  Data Path Delay:        1.128ns  (logic 0.245ns (21.762%)  route 0.882ns (78.238%))
  Logic Levels:           1  (IBUF=1)
  Clock Path Skew:        2.030ns (DCD - SCD - CPR)
    Destination Clock Delay (DCD):    2.030ns
    Source Clock Delay      (SCD):    0.000ns
    Clock Pessimism Removal (CPR):    -0.000ns

    Location             Delay type                Incr(ns)  Path(ns)    Netlist Resource(s)
  -------------------------------------------------------------------    -------------------
    J15                                               0.000     0.000 f  reset (IN)
                         net (fo=0)                   0.000     0.000    reset
    J15                  IBUF (Prop_ibuf_I_O)         0.245     0.245 f  reset_IBUF_inst/O
                         net (fo=42, routed)          0.882     1.128    reset_IBUF
    SLICE_X3Y71          FDCE                                         f  clk_cnt_reg[23]/CLR
  -------------------------------------------------------------------    -------------------

                         (clock clk rise edge)        0.000     0.000 r  
    E3                                                0.000     0.000 r  clk (IN)
                         net (fo=0)                   0.000     0.000    clk
    E3                   IBUF (Prop_ibuf_I_O)         0.438     0.438 r  clk_IBUF_inst/O
                         net (fo=1, routed)           0.699     1.136    clk_IBUF
    BUFGCTRL_X0Y16       BUFG (Prop_bufg_I_O)         0.029     1.165 r  clk_IBUF_BUFG_inst/O
                         net (fo=27, routed)          0.865     2.030    clk_IBUF_BUFG
    SLICE_X3Y71          FDCE                                         r  clk_cnt_reg[23]/C

Slack:                    inf
  Source:                 reset
                            (input port)
  Destination:            clk_cnt_reg[24]/CLR
                            (removal check against rising-edge clock clk  {rise@0.000ns fall@5.000ns period=10.000ns})
  Path Group:             (none)
  Path Type:              Removal (Min at Fast Process Corner)
  Data Path Delay:        1.128ns  (logic 0.245ns (21.762%)  route 0.882ns (78.238%))
  Logic Levels:           1  (IBUF=1)
  Clock Path Skew:        2.030ns (DCD - SCD - CPR)
    Destination Clock Delay (DCD):    2.030ns
    Source Clock Delay      (SCD):    0.000ns
    Clock Pessimism Removal (CPR):    -0.000ns

    Location             Delay type                Incr(ns)  Path(ns)    Netlist Resource(s)
  -------------------------------------------------------------------    -------------------
    J15                                               0.000     0.000 f  reset (IN)
                         net (fo=0)                   0.000     0.000    reset
    J15                  IBUF (Prop_ibuf_I_O)         0.245     0.245 f  reset_IBUF_inst/O
                         net (fo=42, routed)          0.882     1.128    reset_IBUF
    SLICE_X3Y71          FDCE                                         f  clk_cnt_reg[24]/CLR
  -------------------------------------------------------------------    -------------------

                         (clock clk rise edge)        0.000     0.000 r  
    E3                                                0.000     0.000 r  clk (IN)
                         net (fo=0)                   0.000     0.000    clk
    E3                   IBUF (Prop_ibuf_I_O)         0.438     0.438 r  clk_IBUF_inst/O
                         net (fo=1, routed)           0.699     1.136    clk_IBUF
    BUFGCTRL_X0Y16       BUFG (Prop_bufg_I_O)         0.029     1.165 r  clk_IBUF_BUFG_inst/O
                         net (fo=27, routed)          0.865     2.030    clk_IBUF_BUFG
    SLICE_X3Y71          FDCE                                         r  clk_cnt_reg[24]/C

Slack:                    inf
  Source:                 reset
                            (input port)
  Destination:            clk_cnt_reg[25]/CLR
                            (removal check against rising-edge clock clk  {rise@0.000ns fall@5.000ns period=10.000ns})
  Path Group:             (none)
  Path Type:              Removal (Min at Fast Process Corner)
  Data Path Delay:        1.128ns  (logic 0.245ns (21.762%)  route 0.882ns (78.238%))
  Logic Levels:           1  (IBUF=1)
  Clock Path Skew:        2.030ns (DCD - SCD - CPR)
    Destination Clock Delay (DCD):    2.030ns
    Source Clock Delay      (SCD):    0.000ns
    Clock Pessimism Removal (CPR):    -0.000ns

    Location             Delay type                Incr(ns)  Path(ns)    Netlist Resource(s)
  -------------------------------------------------------------------    -------------------
    J15                                               0.000     0.000 f  reset (IN)
                         net (fo=0)                   0.000     0.000    reset
    J15                  IBUF (Prop_ibuf_I_O)         0.245     0.245 f  reset_IBUF_inst/O
                         net (fo=42, routed)          0.882     1.128    reset_IBUF
    SLICE_X3Y71          FDCE                                         f  clk_cnt_reg[25]/CLR
  -------------------------------------------------------------------    -------------------

                         (clock clk rise edge)        0.000     0.000 r  
    E3                                                0.000     0.000 r  clk (IN)
                         net (fo=0)                   0.000     0.000    clk
    E3                   IBUF (Prop_ibuf_I_O)         0.438     0.438 r  clk_IBUF_inst/O
                         net (fo=1, routed)           0.699     1.136    clk_IBUF
    BUFGCTRL_X0Y16       BUFG (Prop_bufg_I_O)         0.029     1.165 r  clk_IBUF_BUFG_inst/O
                         net (fo=27, routed)          0.865     2.030    clk_IBUF_BUFG
    SLICE_X3Y71          FDCE                                         r  clk_cnt_reg[25]/C

Slack:                    inf
  Source:                 reset
                            (input port)
  Destination:            clk_cnt_reg[18]/CLR
                            (removal check against rising-edge clock clk  {rise@0.000ns fall@5.000ns period=10.000ns})
  Path Group:             (none)
  Path Type:              Removal (Min at Fast Process Corner)
  Data Path Delay:        1.192ns  (logic 0.245ns (20.598%)  route 0.946ns (79.402%))
  Logic Levels:           1  (IBUF=1)
  Clock Path Skew:        2.031ns (DCD - SCD - CPR)
    Destination Clock Delay (DCD):    2.031ns
    Source Clock Delay      (SCD):    0.000ns
    Clock Pessimism Removal (CPR):    -0.000ns

    Location             Delay type                Incr(ns)  Path(ns)    Netlist Resource(s)
  -------------------------------------------------------------------    -------------------
    J15                                               0.000     0.000 f  reset (IN)
                         net (fo=0)                   0.000     0.000    reset
    J15                  IBUF (Prop_ibuf_I_O)         0.245     0.245 f  reset_IBUF_inst/O
                         net (fo=42, routed)          0.946     1.192    reset_IBUF
    SLICE_X3Y70          FDCE                                         f  clk_cnt_reg[18]/CLR
  -------------------------------------------------------------------    -------------------

                         (clock clk rise edge)        0.000     0.000 r  
    E3                                                0.000     0.000 r  clk (IN)
                         net (fo=0)                   0.000     0.000    clk
    E3                   IBUF (Prop_ibuf_I_O)         0.438     0.438 r  clk_IBUF_inst/O
                         net (fo=1, routed)           0.699     1.136    clk_IBUF
    BUFGCTRL_X0Y16       BUFG (Prop_bufg_I_O)         0.029     1.165 r  clk_IBUF_BUFG_inst/O
                         net (fo=27, routed)          0.866     2.031    clk_IBUF_BUFG
    SLICE_X3Y70          FDCE                                         r  clk_cnt_reg[18]/C

Slack:                    inf
  Source:                 reset
                            (input port)
  Destination:            clk_cnt_reg[19]/CLR
                            (removal check against rising-edge clock clk  {rise@0.000ns fall@5.000ns period=10.000ns})
  Path Group:             (none)
  Path Type:              Removal (Min at Fast Process Corner)
  Data Path Delay:        1.192ns  (logic 0.245ns (20.598%)  route 0.946ns (79.402%))
  Logic Levels:           1  (IBUF=1)
  Clock Path Skew:        2.031ns (DCD - SCD - CPR)
    Destination Clock Delay (DCD):    2.031ns
    Source Clock Delay      (SCD):    0.000ns
    Clock Pessimism Removal (CPR):    -0.000ns

    Location             Delay type                Incr(ns)  Path(ns)    Netlist Resource(s)
  -------------------------------------------------------------------    -------------------
    J15                                               0.000     0.000 f  reset (IN)
                         net (fo=0)                   0.000     0.000    reset
    J15                  IBUF (Prop_ibuf_I_O)         0.245     0.245 f  reset_IBUF_inst/O
                         net (fo=42, routed)          0.946     1.192    reset_IBUF
    SLICE_X3Y70          FDCE                                         f  clk_cnt_reg[19]/CLR
  -------------------------------------------------------------------    -------------------

                         (clock clk rise edge)        0.000     0.000 r  
    E3                                                0.000     0.000 r  clk (IN)
                         net (fo=0)                   0.000     0.000    clk
    E3                   IBUF (Prop_ibuf_I_O)         0.438     0.438 r  clk_IBUF_inst/O
                         net (fo=1, routed)           0.699     1.136    clk_IBUF
    BUFGCTRL_X0Y16       BUFG (Prop_bufg_I_O)         0.029     1.165 r  clk_IBUF_BUFG_inst/O
                         net (fo=27, routed)          0.866     2.031    clk_IBUF_BUFG
    SLICE_X3Y70          FDCE                                         r  clk_cnt_reg[19]/C

Slack:                    inf
  Source:                 reset
                            (input port)
  Destination:            clk_cnt_reg[20]/CLR
                            (removal check against rising-edge clock clk  {rise@0.000ns fall@5.000ns period=10.000ns})
  Path Group:             (none)
  Path Type:              Removal (Min at Fast Process Corner)
  Data Path Delay:        1.192ns  (logic 0.245ns (20.598%)  route 0.946ns (79.402%))
  Logic Levels:           1  (IBUF=1)
  Clock Path Skew:        2.031ns (DCD - SCD - CPR)
    Destination Clock Delay (DCD):    2.031ns
    Source Clock Delay      (SCD):    0.000ns
    Clock Pessimism Removal (CPR):    -0.000ns

    Location             Delay type                Incr(ns)  Path(ns)    Netlist Resource(s)
  -------------------------------------------------------------------    -------------------
    J15                                               0.000     0.000 f  reset (IN)
                         net (fo=0)                   0.000     0.000    reset
    J15                  IBUF (Prop_ibuf_I_O)         0.245     0.245 f  reset_IBUF_inst/O
                         net (fo=42, routed)          0.946     1.192    reset_IBUF
    SLICE_X3Y70          FDCE                                         f  clk_cnt_reg[20]/CLR
  -------------------------------------------------------------------    -------------------

                         (clock clk rise edge)        0.000     0.000 r  
    E3                                                0.000     0.000 r  clk (IN)
                         net (fo=0)                   0.000     0.000    clk
    E3                   IBUF (Prop_ibuf_I_O)         0.438     0.438 r  clk_IBUF_inst/O
                         net (fo=1, routed)           0.699     1.136    clk_IBUF
    BUFGCTRL_X0Y16       BUFG (Prop_bufg_I_O)         0.029     1.165 r  clk_IBUF_BUFG_inst/O
                         net (fo=27, routed)          0.866     2.031    clk_IBUF_BUFG
    SLICE_X3Y70          FDCE                                         r  clk_cnt_reg[20]/C

Slack:                    inf
  Source:                 reset
                            (input port)
  Destination:            clk_cnt_reg[21]/CLR
                            (removal check against rising-edge clock clk  {rise@0.000ns fall@5.000ns period=10.000ns})
  Path Group:             (none)
  Path Type:              Removal (Min at Fast Process Corner)
  Data Path Delay:        1.192ns  (logic 0.245ns (20.598%)  route 0.946ns (79.402%))
  Logic Levels:           1  (IBUF=1)
  Clock Path Skew:        2.031ns (DCD - SCD - CPR)
    Destination Clock Delay (DCD):    2.031ns
    Source Clock Delay      (SCD):    0.000ns
    Clock Pessimism Removal (CPR):    -0.000ns

    Location             Delay type                Incr(ns)  Path(ns)    Netlist Resource(s)
  -------------------------------------------------------------------    -------------------
    J15                                               0.000     0.000 f  reset (IN)
                         net (fo=0)                   0.000     0.000    reset
    J15                  IBUF (Prop_ibuf_I_O)         0.245     0.245 f  reset_IBUF_inst/O
                         net (fo=42, routed)          0.946     1.192    reset_IBUF
    SLICE_X3Y70          FDCE                                         f  clk_cnt_reg[21]/CLR
  -------------------------------------------------------------------    -------------------

                         (clock clk rise edge)        0.000     0.000 r  
    E3                                                0.000     0.000 r  clk (IN)
                         net (fo=0)                   0.000     0.000    clk
    E3                   IBUF (Prop_ibuf_I_O)         0.438     0.438 r  clk_IBUF_inst/O
                         net (fo=1, routed)           0.699     1.136    clk_IBUF
    BUFGCTRL_X0Y16       BUFG (Prop_bufg_I_O)         0.029     1.165 r  clk_IBUF_BUFG_inst/O
                         net (fo=27, routed)          0.866     2.031    clk_IBUF_BUFG
    SLICE_X3Y70          FDCE                                         r  clk_cnt_reg[21]/C

Slack:                    inf
  Source:                 reset
                            (input port)
  Destination:            clk_cnt_reg[14]/CLR
                            (removal check against rising-edge clock clk  {rise@0.000ns fall@5.000ns period=10.000ns})
  Path Group:             (none)
  Path Type:              Removal (Min at Fast Process Corner)
  Data Path Delay:        1.265ns  (logic 0.245ns (19.399%)  route 1.020ns (80.601%))
  Logic Levels:           1  (IBUF=1)
  Clock Path Skew:        2.032ns (DCD - SCD - CPR)
    Destination Clock Delay (DCD):    2.032ns
    Source Clock Delay      (SCD):    0.000ns
    Clock Pessimism Removal (CPR):    -0.000ns

    Location             Delay type                Incr(ns)  Path(ns)    Netlist Resource(s)
  -------------------------------------------------------------------    -------------------
    J15                                               0.000     0.000 f  reset (IN)
                         net (fo=0)                   0.000     0.000    reset
    J15                  IBUF (Prop_ibuf_I_O)         0.245     0.245 f  reset_IBUF_inst/O
                         net (fo=42, routed)          1.020     1.265    reset_IBUF
    SLICE_X3Y69          FDCE                                         f  clk_cnt_reg[14]/CLR
  -------------------------------------------------------------------    -------------------

                         (clock clk rise edge)        0.000     0.000 r  
    E3                                                0.000     0.000 r  clk (IN)
                         net (fo=0)                   0.000     0.000    clk
    E3                   IBUF (Prop_ibuf_I_O)         0.438     0.438 r  clk_IBUF_inst/O
                         net (fo=1, routed)           0.699     1.136    clk_IBUF
    BUFGCTRL_X0Y16       BUFG (Prop_bufg_I_O)         0.029     1.165 r  clk_IBUF_BUFG_inst/O
                         net (fo=27, routed)          0.867     2.032    clk_IBUF_BUFG
    SLICE_X3Y69          FDCE                                         r  clk_cnt_reg[14]/C

Slack:                    inf
  Source:                 reset
                            (input port)
  Destination:            clk_cnt_reg[15]/CLR
                            (removal check against rising-edge clock clk  {rise@0.000ns fall@5.000ns period=10.000ns})
  Path Group:             (none)
  Path Type:              Removal (Min at Fast Process Corner)
  Data Path Delay:        1.265ns  (logic 0.245ns (19.399%)  route 1.020ns (80.601%))
  Logic Levels:           1  (IBUF=1)
  Clock Path Skew:        2.032ns (DCD - SCD - CPR)
    Destination Clock Delay (DCD):    2.032ns
    Source Clock Delay      (SCD):    0.000ns
    Clock Pessimism Removal (CPR):    -0.000ns

    Location             Delay type                Incr(ns)  Path(ns)    Netlist Resource(s)
  -------------------------------------------------------------------    -------------------
    J15                                               0.000     0.000 f  reset (IN)
                         net (fo=0)                   0.000     0.000    reset
    J15                  IBUF (Prop_ibuf_I_O)         0.245     0.245 f  reset_IBUF_inst/O
                         net (fo=42, routed)          1.020     1.265    reset_IBUF
    SLICE_X3Y69          FDCE                                         f  clk_cnt_reg[15]/CLR
  -------------------------------------------------------------------    -------------------

                         (clock clk rise edge)        0.000     0.000 r  
    E3                                                0.000     0.000 r  clk (IN)
                         net (fo=0)                   0.000     0.000    clk
    E3                   IBUF (Prop_ibuf_I_O)         0.438     0.438 r  clk_IBUF_inst/O
                         net (fo=1, routed)           0.699     1.136    clk_IBUF
    BUFGCTRL_X0Y16       BUFG (Prop_bufg_I_O)         0.029     1.165 r  clk_IBUF_BUFG_inst/O
                         net (fo=27, routed)          0.867     2.032    clk_IBUF_BUFG
    SLICE_X3Y69          FDCE                                         r  clk_cnt_reg[15]/C





