Copyright 1986-2022 Xilinx, Inc. All Rights Reserved. Copyright 2022-2025 Advanced Micro Devices, Inc. All Rights Reserved.
------------------------------------------------------------------------------------------------------------------------------------------------------------------------------------------------------------------------------------------------
| Tool Version : Vivado v.2025.2 (win64) Build 6299465 Fri Nov 14 19:35:11 GMT 2025
| Date         : Sun Feb 15 17:48:47 2026
| Host         : DESKTOP-9LLI76O running 64-bit major release  (build 9200)
| Command      : report_timing_summary -max_paths 10 -routable_nets -report_unconstrained -file top_mem_fpga_timing_summary_routed.rpt -pb top_mem_fpga_timing_summary_routed.pb -rpx top_mem_fpga_timing_summary_routed.rpx -warn_on_violation
| Design       : top_mem_fpga
| Device       : 7a100t-csg324
| Speed File   : -1  PRODUCTION 1.23 2018-06-13
| Design State : Routed
------------------------------------------------------------------------------------------------------------------------------------------------------------------------------------------------------------------------------------------------

Timing Summary Report

------------------------------------------------------------------------------------------------
| Timer Settings
| --------------
------------------------------------------------------------------------------------------------

  Enable Multi Corner Analysis               :  Yes
  Enable Pessimism Removal                   :  Yes
  Pessimism Removal Resolution               :  Nearest Common Node
  Enable Input Delay Default Clock           :  No
  Enable Preset / Clear Arcs                 :  No
  Disable Flight Delays                      :  No
  Ignore I/O Paths                           :  No
  Timing Early Launch at Borrowing Latches   :  No
  Borrow Time for Max Delay Exceptions       :  Yes
  Merge Timing Exceptions                    :  Yes
  Inter-SLR Compensation                     :  Conservative

  Corner  Analyze    Analyze    
  Name    Max Paths  Min Paths  
  ------  ---------  ---------  
  Slow    Yes        Yes        
  Fast    Yes        Yes        


------------------------------------------------------------------------------------------------
| Report Methodology
| ------------------
------------------------------------------------------------------------------------------------

Rule       Severity          Description                                 Violations  
---------  ----------------  ------------------------------------------  ----------  
TIMING-17  Critical Warning  Non-clocked sequential cell                 7           
SYNTH-6    Warning           Timing of a RAM block might be sub-optimal  1           
TIMING-18  Warning           Missing input or output delay               1           

Note: This report is based on the most recent report_methodology run and may not be up-to-date. Run report_methodology on the current design for the latest report.



check_timing report

Table of Contents
-----------------
1. checking no_clock (7)
2. checking constant_clock (0)
3. checking pulse_width_clock (0)
4. checking unconstrained_internal_endpoints (20)
5. checking no_input_delay (1)
6. checking no_output_delay (16)
7. checking multiple_clock (0)
8. checking generated_clocks (0)
9. checking loops (0)
10. checking partial_input_delay (0)
11. checking partial_output_delay (0)
12. checking latch_loops (0)

1. checking no_clock (7)
------------------------
 There are 7 register/latch pins with no clock driven by root clock pin: cd/clk_en_reg/Q (HIGH)


2. checking constant_clock (0)
------------------------------
 There are 0 register/latch pins with constant_clock.


3. checking pulse_width_clock (0)
---------------------------------
 There are 0 register/latch pins which need pulse_width check


4. checking unconstrained_internal_endpoints (20)
-------------------------------------------------
 There are 20 pins that are not constrained for maximum delay. (HIGH)

 There are 0 pins that are not constrained for maximum delay due to constant clock.


5. checking no_input_delay (1)
------------------------------
 There is 1 input port with no input delay specified. (HIGH)

 There are 0 input ports with no input delay but user has a false path constraint.


6. checking no_output_delay (16)
--------------------------------
 There are 16 ports with no output delay specified. (HIGH)

 There are 0 ports with no output delay but user has a false path constraint

 There are 0 ports with no output delay but with a timing clock defined on it or propagating through it


7. checking multiple_clock (0)
------------------------------
 There are 0 register/latch pins with multiple clocks.


8. checking generated_clocks (0)
--------------------------------
 There are 0 generated clocks that are not connected to a clock source.


9. checking loops (0)
---------------------
 There are 0 combinational loops in the design.


10. checking partial_input_delay (0)
------------------------------------
 There are 0 input ports with partial input delay specified.


11. checking partial_output_delay (0)
-------------------------------------
 There are 0 ports with partial output delay specified.


12. checking latch_loops (0)
----------------------------
 There are 0 combinational latch loops in the design through latch input



------------------------------------------------------------------------------------------------
| Design Timing Summary
| ---------------------
------------------------------------------------------------------------------------------------

    WNS(ns)      TNS(ns)  TNS Failing Endpoints  TNS Total Endpoints      WHS(ns)      THS(ns)  THS Failing Endpoints  THS Total Endpoints     WPWS(ns)     TPWS(ns)  TPWS Failing Endpoints  TPWS Total Endpoints  
    -------      -------  ---------------------  -------------------      -------      -------  ---------------------  -------------------     --------     --------  ----------------------  --------------------  
      5.544        0.000                      0                   53        0.265        0.000                      0                   53        4.500        0.000                       0                    28  


All user specified timing constraints are met.


------------------------------------------------------------------------------------------------
| Clock Summary
| -------------
------------------------------------------------------------------------------------------------

Clock    Waveform(ns)       Period(ns)      Frequency(MHz)
-----    ------------       ----------      --------------
sys_clk  {0.000 5.000}      10.000          100.000         


------------------------------------------------------------------------------------------------
| Intra Clock Table
| -----------------
------------------------------------------------------------------------------------------------

Clock             WNS(ns)      TNS(ns)  TNS Failing Endpoints  TNS Total Endpoints      WHS(ns)      THS(ns)  THS Failing Endpoints  THS Total Endpoints     WPWS(ns)     TPWS(ns)  TPWS Failing Endpoints  TPWS Total Endpoints  
-----             -------      -------  ---------------------  -------------------      -------      -------  ---------------------  -------------------     --------     --------  ----------------------  --------------------  
sys_clk             5.544        0.000                      0                   53        0.265        0.000                      0                   53        4.500        0.000                       0                    28  


------------------------------------------------------------------------------------------------
| Inter Clock Table
| -----------------
------------------------------------------------------------------------------------------------

From Clock    To Clock          WNS(ns)      TNS(ns)  TNS Failing Endpoints  TNS Total Endpoints      WHS(ns)      THS(ns)  THS Failing Endpoints  THS Total Endpoints  
----------    --------          -------      -------  ---------------------  -------------------      -------      -------  ---------------------  -------------------  


------------------------------------------------------------------------------------------------
| Other Path Groups Table
| -----------------------
------------------------------------------------------------------------------------------------

Path Group    From Clock    To Clock          WNS(ns)      TNS(ns)  TNS Failing Endpoints  TNS Total Endpoints      WHS(ns)      THS(ns)  THS Failing Endpoints  THS Total Endpoints  
----------    ----------    --------          -------      -------  ---------------------  -------------------      -------      -------  ---------------------  -------------------  


------------------------------------------------------------------------------------------------
| User Ignored Path Table
| -----------------------
------------------------------------------------------------------------------------------------

Path Group    From Clock    To Clock    
----------    ----------    --------    


------------------------------------------------------------------------------------------------
| Unconstrained Path Table
| ------------------------
------------------------------------------------------------------------------------------------

Path Group    From Clock    To Clock    
----------    ----------    --------    
(none)                                    
(none)                      sys_clk       


------------------------------------------------------------------------------------------------
| Timing Details
| --------------
------------------------------------------------------------------------------------------------


---------------------------------------------------------------------------------------------------
From Clock:  sys_clk
  To Clock:  sys_clk

Setup :            0  Failing Endpoints,  Worst Slack        5.544ns,  Total Violation        0.000ns
Hold  :            0  Failing Endpoints,  Worst Slack        0.265ns,  Total Violation        0.000ns
PW    :            0  Failing Endpoints,  Worst Slack        4.500ns,  Total Violation        0.000ns
---------------------------------------------------------------------------------------------------


Max Delay Paths
--------------------------------------------------------------------------------------
Slack (MET) :             5.544ns  (required time - arrival time)
  Source:                 cd/counter_reg[19]/C
                            (rising edge-triggered cell FDRE clocked by sys_clk  {rise@0.000ns fall@5.000ns period=10.000ns})
  Destination:            cd/counter_reg[0]/R
                            (rising edge-triggered cell FDRE clocked by sys_clk  {rise@0.000ns fall@5.000ns period=10.000ns})
  Path Group:             sys_clk
  Path Type:              Setup (Max at Slow Process Corner)
  Requirement:            10.000ns  (sys_clk rise@10.000ns - sys_clk rise@0.000ns)
  Data Path Delay:        3.875ns  (logic 0.890ns (22.969%)  route 2.985ns (77.031%))
  Logic Levels:           3  (LUT2=1 LUT6=2)
  Clock Path Skew:        -0.022ns (DCD - SCD + CPR)
    Destination Clock Delay (DCD):    4.945ns = ( 14.945 - 10.000 ) 
    Source Clock Delay      (SCD):    5.244ns
    Clock Pessimism Removal (CPR):    0.277ns
  Clock Uncertainty:      0.035ns  ((TSJ^2 + TIJ^2)^1/2 + DJ) / 2 + PE
    Total System Jitter     (TSJ):    0.071ns
    Total Input Jitter      (TIJ):    0.000ns
    Discrete Jitter          (DJ):    0.000ns
    Phase Error              (PE):    0.000ns

    Location             Delay type                Incr(ns)  Path(ns)    Netlist Resource(s)
  -------------------------------------------------------------------    -------------------
                         (clock sys_clk rise edge)    0.000     0.000 r  
    E3                                                0.000     0.000 r  clock (IN)
                         net (fo=0)                   0.000     0.000    clock
    E3                   IBUF (Prop_ibuf_I_O)         1.482     1.482 r  clock_IBUF_inst/O
                         net (fo=1, routed)           2.025     3.506    clock_IBUF
    BUFGCTRL_X0Y16       BUFG (Prop_bufg_I_O)         0.096     3.602 r  clock_IBUF_BUFG_inst/O
                         net (fo=27, routed)          1.641     5.244    cd/clock_IBUF_BUFG
    SLICE_X8Y64          FDRE                                         r  cd/counter_reg[19]/C
  -------------------------------------------------------------------    -------------------
    SLICE_X8Y64          FDRE (Prop_fdre_C_Q)         0.518     5.762 r  cd/counter_reg[19]/Q
                         net (fo=2, routed)           1.075     6.837    cd/counter_reg[19]
    SLICE_X9Y64          LUT6 (Prop_lut6_I5_O)        0.124     6.961 r  cd/counter[0]_i_7/O
                         net (fo=1, routed)           0.796     7.757    cd/counter[0]_i_7_n_0
    SLICE_X9Y63          LUT6 (Prop_lut6_I2_O)        0.124     7.881 r  cd/counter[0]_i_3/O
                         net (fo=2, routed)           0.165     8.046    cd/clk_en_0
    SLICE_X9Y63          LUT2 (Prop_lut2_I0_O)        0.124     8.170 r  cd/counter[0]_i_1/O
                         net (fo=26, routed)          0.949     9.119    cd/counter[0]_i_1_n_0
    SLICE_X8Y60          FDRE                                         r  cd/counter_reg[0]/R
  -------------------------------------------------------------------    -------------------

                         (clock sys_clk rise edge)   10.000    10.000 r  
    E3                                                0.000    10.000 r  clock (IN)
                         net (fo=0)                   0.000    10.000    clock
    E3                   IBUF (Prop_ibuf_I_O)         1.411    11.411 r  clock_IBUF_inst/O
                         net (fo=1, routed)           1.920    13.331    clock_IBUF
    BUFGCTRL_X0Y16       BUFG (Prop_bufg_I_O)         0.091    13.422 r  clock_IBUF_BUFG_inst/O
                         net (fo=27, routed)          1.522    14.945    cd/clock_IBUF_BUFG
    SLICE_X8Y60          FDRE                                         r  cd/counter_reg[0]/C
                         clock pessimism              0.277    15.222    
                         clock uncertainty           -0.035    15.186    
    SLICE_X8Y60          FDRE (Setup_fdre_C_R)       -0.524    14.662    cd/counter_reg[0]
  -------------------------------------------------------------------
                         required time                         14.662    
                         arrival time                          -9.119    
  -------------------------------------------------------------------
                         slack                                  5.544    

Slack (MET) :             5.544ns  (required time - arrival time)
  Source:                 cd/counter_reg[19]/C
                            (rising edge-triggered cell FDRE clocked by sys_clk  {rise@0.000ns fall@5.000ns period=10.000ns})
  Destination:            cd/counter_reg[1]/R
                            (rising edge-triggered cell FDRE clocked by sys_clk  {rise@0.000ns fall@5.000ns period=10.000ns})
  Path Group:             sys_clk
  Path Type:              Setup (Max at Slow Process Corner)
  Requirement:            10.000ns  (sys_clk rise@10.000ns - sys_clk rise@0.000ns)
  Data Path Delay:        3.875ns  (logic 0.890ns (22.969%)  route 2.985ns (77.031%))
  Logic Levels:           3  (LUT2=1 LUT6=2)
  Clock Path Skew:        -0.022ns (DCD - SCD + CPR)
    Destination Clock Delay (DCD):    4.945ns = ( 14.945 - 10.000 ) 
    Source Clock Delay      (SCD):    5.244ns
    Clock Pessimism Removal (CPR):    0.277ns
  Clock Uncertainty:      0.035ns  ((TSJ^2 + TIJ^2)^1/2 + DJ) / 2 + PE
    Total System Jitter     (TSJ):    0.071ns
    Total Input Jitter      (TIJ):    0.000ns
    Discrete Jitter          (DJ):    0.000ns
    Phase Error              (PE):    0.000ns

    Location             Delay type                Incr(ns)  Path(ns)    Netlist Resource(s)
  -------------------------------------------------------------------    -------------------
                         (clock sys_clk rise edge)    0.000     0.000 r  
    E3                                                0.000     0.000 r  clock (IN)
                         net (fo=0)                   0.000     0.000    clock
    E3                   IBUF (Prop_ibuf_I_O)         1.482     1.482 r  clock_IBUF_inst/O
                         net (fo=1, routed)           2.025     3.506    clock_IBUF
    BUFGCTRL_X0Y16       BUFG (Prop_bufg_I_O)         0.096     3.602 r  clock_IBUF_BUFG_inst/O
                         net (fo=27, routed)          1.641     5.244    cd/clock_IBUF_BUFG
    SLICE_X8Y64          FDRE                                         r  cd/counter_reg[19]/C
  -------------------------------------------------------------------    -------------------
    SLICE_X8Y64          FDRE (Prop_fdre_C_Q)         0.518     5.762 r  cd/counter_reg[19]/Q
                         net (fo=2, routed)           1.075     6.837    cd/counter_reg[19]
    SLICE_X9Y64          LUT6 (Prop_lut6_I5_O)        0.124     6.961 r  cd/counter[0]_i_7/O
                         net (fo=1, routed)           0.796     7.757    cd/counter[0]_i_7_n_0
    SLICE_X9Y63          LUT6 (Prop_lut6_I2_O)        0.124     7.881 r  cd/counter[0]_i_3/O
                         net (fo=2, routed)           0.165     8.046    cd/clk_en_0
    SLICE_X9Y63          LUT2 (Prop_lut2_I0_O)        0.124     8.170 r  cd/counter[0]_i_1/O
                         net (fo=26, routed)          0.949     9.119    cd/counter[0]_i_1_n_0
    SLICE_X8Y60          FDRE                                         r  cd/counter_reg[1]/R
  -------------------------------------------------------------------    -------------------

                         (clock sys_clk rise edge)   10.000    10.000 r  
    E3                                                0.000    10.000 r  clock (IN)
                         net (fo=0)                   0.000    10.000    clock
    E3                   IBUF (Prop_ibuf_I_O)         1.411    11.411 r  clock_IBUF_inst/O
                         net (fo=1, routed)           1.920    13.331    clock_IBUF
    BUFGCTRL_X0Y16       BUFG (Prop_bufg_I_O)         0.091    13.422 r  clock_IBUF_BUFG_inst/O
                         net (fo=27, routed)          1.522    14.945    cd/clock_IBUF_BUFG
    SLICE_X8Y60          FDRE                                         r  cd/counter_reg[1]/C
                         clock pessimism              0.277    15.222    
                         clock uncertainty           -0.035    15.186    
    SLICE_X8Y60          FDRE (Setup_fdre_C_R)       -0.524    14.662    cd/counter_reg[1]
  -------------------------------------------------------------------
                         required time                         14.662    
                         arrival time                          -9.119    
  -------------------------------------------------------------------
                         slack                                  5.544    

Slack (MET) :             5.544ns  (required time - arrival time)
  Source:                 cd/counter_reg[19]/C
                            (rising edge-triggered cell FDRE clocked by sys_clk  {rise@0.000ns fall@5.000ns period=10.000ns})
  Destination:            cd/counter_reg[2]/R
                            (rising edge-triggered cell FDRE clocked by sys_clk  {rise@0.000ns fall@5.000ns period=10.000ns})
  Path Group:             sys_clk
  Path Type:              Setup (Max at Slow Process Corner)
  Requirement:            10.000ns  (sys_clk rise@10.000ns - sys_clk rise@0.000ns)
  Data Path Delay:        3.875ns  (logic 0.890ns (22.969%)  route 2.985ns (77.031%))
  Logic Levels:           3  (LUT2=1 LUT6=2)
  Clock Path Skew:        -0.022ns (DCD - SCD + CPR)
    Destination Clock Delay (DCD):    4.945ns = ( 14.945 - 10.000 ) 
    Source Clock Delay      (SCD):    5.244ns
    Clock Pessimism Removal (CPR):    0.277ns
  Clock Uncertainty:      0.035ns  ((TSJ^2 + TIJ^2)^1/2 + DJ) / 2 + PE
    Total System Jitter     (TSJ):    0.071ns
    Total Input Jitter      (TIJ):    0.000ns
    Discrete Jitter          (DJ):    0.000ns
    Phase Error              (PE):    0.000ns

    Location             Delay type                Incr(ns)  Path(ns)    Netlist Resource(s)
  -------------------------------------------------------------------    -------------------
                         (clock sys_clk rise edge)    0.000     0.000 r  
    E3                                                0.000     0.000 r  clock (IN)
                         net (fo=0)                   0.000     0.000    clock
    E3                   IBUF (Prop_ibuf_I_O)         1.482     1.482 r  clock_IBUF_inst/O
                         net (fo=1, routed)           2.025     3.506    clock_IBUF
    BUFGCTRL_X0Y16       BUFG (Prop_bufg_I_O)         0.096     3.602 r  clock_IBUF_BUFG_inst/O
                         net (fo=27, routed)          1.641     5.244    cd/clock_IBUF_BUFG
    SLICE_X8Y64          FDRE                                         r  cd/counter_reg[19]/C
  -------------------------------------------------------------------    -------------------
    SLICE_X8Y64          FDRE (Prop_fdre_C_Q)         0.518     5.762 r  cd/counter_reg[19]/Q
                         net (fo=2, routed)           1.075     6.837    cd/counter_reg[19]
    SLICE_X9Y64          LUT6 (Prop_lut6_I5_O)        0.124     6.961 r  cd/counter[0]_i_7/O
                         net (fo=1, routed)           0.796     7.757    cd/counter[0]_i_7_n_0
    SLICE_X9Y63          LUT6 (Prop_lut6_I2_O)        0.124     7.881 r  cd/counter[0]_i_3/O
                         net (fo=2, routed)           0.165     8.046    cd/clk_en_0
    SLICE_X9Y63          LUT2 (Prop_lut2_I0_O)        0.124     8.170 r  cd/counter[0]_i_1/O
                         net (fo=26, routed)          0.949     9.119    cd/counter[0]_i_1_n_0
    SLICE_X8Y60          FDRE                                         r  cd/counter_reg[2]/R
  -------------------------------------------------------------------    -------------------

                         (clock sys_clk rise edge)   10.000    10.000 r  
    E3                                                0.000    10.000 r  clock (IN)
                         net (fo=0)                   0.000    10.000    clock
    E3                   IBUF (Prop_ibuf_I_O)         1.411    11.411 r  clock_IBUF_inst/O
                         net (fo=1, routed)           1.920    13.331    clock_IBUF
    BUFGCTRL_X0Y16       BUFG (Prop_bufg_I_O)         0.091    13.422 r  clock_IBUF_BUFG_inst/O
                         net (fo=27, routed)          1.522    14.945    cd/clock_IBUF_BUFG
    SLICE_X8Y60          FDRE                                         r  cd/counter_reg[2]/C
                         clock pessimism              0.277    15.222    
                         clock uncertainty           -0.035    15.186    
    SLICE_X8Y60          FDRE (Setup_fdre_C_R)       -0.524    14.662    cd/counter_reg[2]
  -------------------------------------------------------------------
                         required time                         14.662    
                         arrival time                          -9.119    
  -------------------------------------------------------------------
                         slack                                  5.544    

Slack (MET) :             5.544ns  (required time - arrival time)
  Source:                 cd/counter_reg[19]/C
                            (rising edge-triggered cell FDRE clocked by sys_clk  {rise@0.000ns fall@5.000ns period=10.000ns})
  Destination:            cd/counter_reg[3]/R
                            (rising edge-triggered cell FDRE clocked by sys_clk  {rise@0.000ns fall@5.000ns period=10.000ns})
  Path Group:             sys_clk
  Path Type:              Setup (Max at Slow Process Corner)
  Requirement:            10.000ns  (sys_clk rise@10.000ns - sys_clk rise@0.000ns)
  Data Path Delay:        3.875ns  (logic 0.890ns (22.969%)  route 2.985ns (77.031%))
  Logic Levels:           3  (LUT2=1 LUT6=2)
  Clock Path Skew:        -0.022ns (DCD - SCD + CPR)
    Destination Clock Delay (DCD):    4.945ns = ( 14.945 - 10.000 ) 
    Source Clock Delay      (SCD):    5.244ns
    Clock Pessimism Removal (CPR):    0.277ns
  Clock Uncertainty:      0.035ns  ((TSJ^2 + TIJ^2)^1/2 + DJ) / 2 + PE
    Total System Jitter     (TSJ):    0.071ns
    Total Input Jitter      (TIJ):    0.000ns
    Discrete Jitter          (DJ):    0.000ns
    Phase Error              (PE):    0.000ns

    Location             Delay type                Incr(ns)  Path(ns)    Netlist Resource(s)
  -------------------------------------------------------------------    -------------------
                         (clock sys_clk rise edge)    0.000     0.000 r  
    E3                                                0.000     0.000 r  clock (IN)
                         net (fo=0)                   0.000     0.000    clock
    E3                   IBUF (Prop_ibuf_I_O)         1.482     1.482 r  clock_IBUF_inst/O
                         net (fo=1, routed)           2.025     3.506    clock_IBUF
    BUFGCTRL_X0Y16       BUFG (Prop_bufg_I_O)         0.096     3.602 r  clock_IBUF_BUFG_inst/O
                         net (fo=27, routed)          1.641     5.244    cd/clock_IBUF_BUFG
    SLICE_X8Y64          FDRE                                         r  cd/counter_reg[19]/C
  -------------------------------------------------------------------    -------------------
    SLICE_X8Y64          FDRE (Prop_fdre_C_Q)         0.518     5.762 r  cd/counter_reg[19]/Q
                         net (fo=2, routed)           1.075     6.837    cd/counter_reg[19]
    SLICE_X9Y64          LUT6 (Prop_lut6_I5_O)        0.124     6.961 r  cd/counter[0]_i_7/O
                         net (fo=1, routed)           0.796     7.757    cd/counter[0]_i_7_n_0
    SLICE_X9Y63          LUT6 (Prop_lut6_I2_O)        0.124     7.881 r  cd/counter[0]_i_3/O
                         net (fo=2, routed)           0.165     8.046    cd/clk_en_0
    SLICE_X9Y63          LUT2 (Prop_lut2_I0_O)        0.124     8.170 r  cd/counter[0]_i_1/O
                         net (fo=26, routed)          0.949     9.119    cd/counter[0]_i_1_n_0
    SLICE_X8Y60          FDRE                                         r  cd/counter_reg[3]/R
  -------------------------------------------------------------------    -------------------

                         (clock sys_clk rise edge)   10.000    10.000 r  
    E3                                                0.000    10.000 r  clock (IN)
                         net (fo=0)                   0.000    10.000    clock
    E3                   IBUF (Prop_ibuf_I_O)         1.411    11.411 r  clock_IBUF_inst/O
                         net (fo=1, routed)           1.920    13.331    clock_IBUF
    BUFGCTRL_X0Y16       BUFG (Prop_bufg_I_O)         0.091    13.422 r  clock_IBUF_BUFG_inst/O
                         net (fo=27, routed)          1.522    14.945    cd/clock_IBUF_BUFG
    SLICE_X8Y60          FDRE                                         r  cd/counter_reg[3]/C
                         clock pessimism              0.277    15.222    
                         clock uncertainty           -0.035    15.186    
    SLICE_X8Y60          FDRE (Setup_fdre_C_R)       -0.524    14.662    cd/counter_reg[3]
  -------------------------------------------------------------------
                         required time                         14.662    
                         arrival time                          -9.119    
  -------------------------------------------------------------------
                         slack                                  5.544    

Slack (MET) :             5.592ns  (required time - arrival time)
  Source:                 cd/counter_reg[19]/C
                            (rising edge-triggered cell FDRE clocked by sys_clk  {rise@0.000ns fall@5.000ns period=10.000ns})
  Destination:            cd/counter_reg[4]/R
                            (rising edge-triggered cell FDRE clocked by sys_clk  {rise@0.000ns fall@5.000ns period=10.000ns})
  Path Group:             sys_clk
  Path Type:              Setup (Max at Slow Process Corner)
  Requirement:            10.000ns  (sys_clk rise@10.000ns - sys_clk rise@0.000ns)
  Data Path Delay:        3.826ns  (logic 0.890ns (23.263%)  route 2.936ns (76.737%))
  Logic Levels:           3  (LUT2=1 LUT6=2)
  Clock Path Skew:        -0.023ns (DCD - SCD + CPR)
    Destination Clock Delay (DCD):    4.944ns = ( 14.944 - 10.000 ) 
    Source Clock Delay      (SCD):    5.244ns
    Clock Pessimism Removal (CPR):    0.277ns
  Clock Uncertainty:      0.035ns  ((TSJ^2 + TIJ^2)^1/2 + DJ) / 2 + PE
    Total System Jitter     (TSJ):    0.071ns
    Total Input Jitter      (TIJ):    0.000ns
    Discrete Jitter          (DJ):    0.000ns
    Phase Error              (PE):    0.000ns

    Location             Delay type                Incr(ns)  Path(ns)    Netlist Resource(s)
  -------------------------------------------------------------------    -------------------
                         (clock sys_clk rise edge)    0.000     0.000 r  
    E3                                                0.000     0.000 r  clock (IN)
                         net (fo=0)                   0.000     0.000    clock
    E3                   IBUF (Prop_ibuf_I_O)         1.482     1.482 r  clock_IBUF_inst/O
                         net (fo=1, routed)           2.025     3.506    clock_IBUF
    BUFGCTRL_X0Y16       BUFG (Prop_bufg_I_O)         0.096     3.602 r  clock_IBUF_BUFG_inst/O
                         net (fo=27, routed)          1.641     5.244    cd/clock_IBUF_BUFG
    SLICE_X8Y64          FDRE                                         r  cd/counter_reg[19]/C
  -------------------------------------------------------------------    -------------------
    SLICE_X8Y64          FDRE (Prop_fdre_C_Q)         0.518     5.762 r  cd/counter_reg[19]/Q
                         net (fo=2, routed)           1.075     6.837    cd/counter_reg[19]
    SLICE_X9Y64          LUT6 (Prop_lut6_I5_O)        0.124     6.961 r  cd/counter[0]_i_7/O
                         net (fo=1, routed)           0.796     7.757    cd/counter[0]_i_7_n_0
    SLICE_X9Y63          LUT6 (Prop_lut6_I2_O)        0.124     7.881 r  cd/counter[0]_i_3/O
                         net (fo=2, routed)           0.165     8.046    cd/clk_en_0
    SLICE_X9Y63          LUT2 (Prop_lut2_I0_O)        0.124     8.170 r  cd/counter[0]_i_1/O
                         net (fo=26, routed)          0.900     9.070    cd/counter[0]_i_1_n_0
    SLICE_X8Y61          FDRE                                         r  cd/counter_reg[4]/R
  -------------------------------------------------------------------    -------------------

                         (clock sys_clk rise edge)   10.000    10.000 r  
    E3                                                0.000    10.000 r  clock (IN)
                         net (fo=0)                   0.000    10.000    clock
    E3                   IBUF (Prop_ibuf_I_O)         1.411    11.411 r  clock_IBUF_inst/O
                         net (fo=1, routed)           1.920    13.331    clock_IBUF
    BUFGCTRL_X0Y16       BUFG (Prop_bufg_I_O)         0.091    13.422 r  clock_IBUF_BUFG_inst/O
                         net (fo=27, routed)          1.521    14.944    cd/clock_IBUF_BUFG
    SLICE_X8Y61          FDRE                                         r  cd/counter_reg[4]/C
                         clock pessimism              0.277    15.221    
                         clock uncertainty           -0.035    15.185    
    SLICE_X8Y61          FDRE (Setup_fdre_C_R)       -0.524    14.661    cd/counter_reg[4]
  -------------------------------------------------------------------
                         required time                         14.661    
                         arrival time                          -9.070    
  -------------------------------------------------------------------
                         slack                                  5.592    

Slack (MET) :             5.592ns  (required time - arrival time)
  Source:                 cd/counter_reg[19]/C
                            (rising edge-triggered cell FDRE clocked by sys_clk  {rise@0.000ns fall@5.000ns period=10.000ns})
  Destination:            cd/counter_reg[5]/R
                            (rising edge-triggered cell FDRE clocked by sys_clk  {rise@0.000ns fall@5.000ns period=10.000ns})
  Path Group:             sys_clk
  Path Type:              Setup (Max at Slow Process Corner)
  Requirement:            10.000ns  (sys_clk rise@10.000ns - sys_clk rise@0.000ns)
  Data Path Delay:        3.826ns  (logic 0.890ns (23.263%)  route 2.936ns (76.737%))
  Logic Levels:           3  (LUT2=1 LUT6=2)
  Clock Path Skew:        -0.023ns (DCD - SCD + CPR)
    Destination Clock Delay (DCD):    4.944ns = ( 14.944 - 10.000 ) 
    Source Clock Delay      (SCD):    5.244ns
    Clock Pessimism Removal (CPR):    0.277ns
  Clock Uncertainty:      0.035ns  ((TSJ^2 + TIJ^2)^1/2 + DJ) / 2 + PE
    Total System Jitter     (TSJ):    0.071ns
    Total Input Jitter      (TIJ):    0.000ns
    Discrete Jitter          (DJ):    0.000ns
    Phase Error              (PE):    0.000ns

    Location             Delay type                Incr(ns)  Path(ns)    Netlist Resource(s)
  -------------------------------------------------------------------    -------------------
                         (clock sys_clk rise edge)    0.000     0.000 r  
    E3                                                0.000     0.000 r  clock (IN)
                         net (fo=0)                   0.000     0.000    clock
    E3                   IBUF (Prop_ibuf_I_O)         1.482     1.482 r  clock_IBUF_inst/O
                         net (fo=1, routed)           2.025     3.506    clock_IBUF
    BUFGCTRL_X0Y16       BUFG (Prop_bufg_I_O)         0.096     3.602 r  clock_IBUF_BUFG_inst/O
                         net (fo=27, routed)          1.641     5.244    cd/clock_IBUF_BUFG
    SLICE_X8Y64          FDRE                                         r  cd/counter_reg[19]/C
  -------------------------------------------------------------------    -------------------
    SLICE_X8Y64          FDRE (Prop_fdre_C_Q)         0.518     5.762 r  cd/counter_reg[19]/Q
                         net (fo=2, routed)           1.075     6.837    cd/counter_reg[19]
    SLICE_X9Y64          LUT6 (Prop_lut6_I5_O)        0.124     6.961 r  cd/counter[0]_i_7/O
                         net (fo=1, routed)           0.796     7.757    cd/counter[0]_i_7_n_0
    SLICE_X9Y63          LUT6 (Prop_lut6_I2_O)        0.124     7.881 r  cd/counter[0]_i_3/O
                         net (fo=2, routed)           0.165     8.046    cd/clk_en_0
    SLICE_X9Y63          LUT2 (Prop_lut2_I0_O)        0.124     8.170 r  cd/counter[0]_i_1/O
                         net (fo=26, routed)          0.900     9.070    cd/counter[0]_i_1_n_0
    SLICE_X8Y61          FDRE                                         r  cd/counter_reg[5]/R
  -------------------------------------------------------------------    -------------------

                         (clock sys_clk rise edge)   10.000    10.000 r  
    E3                                                0.000    10.000 r  clock (IN)
                         net (fo=0)                   0.000    10.000    clock
    E3                   IBUF (Prop_ibuf_I_O)         1.411    11.411 r  clock_IBUF_inst/O
                         net (fo=1, routed)           1.920    13.331    clock_IBUF
    BUFGCTRL_X0Y16       BUFG (Prop_bufg_I_O)         0.091    13.422 r  clock_IBUF_BUFG_inst/O
                         net (fo=27, routed)          1.521    14.944    cd/clock_IBUF_BUFG
    SLICE_X8Y61          FDRE                                         r  cd/counter_reg[5]/C
                         clock pessimism              0.277    15.221    
                         clock uncertainty           -0.035    15.185    
    SLICE_X8Y61          FDRE (Setup_fdre_C_R)       -0.524    14.661    cd/counter_reg[5]
  -------------------------------------------------------------------
                         required time                         14.661    
                         arrival time                          -9.070    
  -------------------------------------------------------------------
                         slack                                  5.592    

Slack (MET) :             5.592ns  (required time - arrival time)
  Source:                 cd/counter_reg[19]/C
                            (rising edge-triggered cell FDRE clocked by sys_clk  {rise@0.000ns fall@5.000ns period=10.000ns})
  Destination:            cd/counter_reg[6]/R
                            (rising edge-triggered cell FDRE clocked by sys_clk  {rise@0.000ns fall@5.000ns period=10.000ns})
  Path Group:             sys_clk
  Path Type:              Setup (Max at Slow Process Corner)
  Requirement:            10.000ns  (sys_clk rise@10.000ns - sys_clk rise@0.000ns)
  Data Path Delay:        3.826ns  (logic 0.890ns (23.263%)  route 2.936ns (76.737%))
  Logic Levels:           3  (LUT2=1 LUT6=2)
  Clock Path Skew:        -0.023ns (DCD - SCD + CPR)
    Destination Clock Delay (DCD):    4.944ns = ( 14.944 - 10.000 ) 
    Source Clock Delay      (SCD):    5.244ns
    Clock Pessimism Removal (CPR):    0.277ns
  Clock Uncertainty:      0.035ns  ((TSJ^2 + TIJ^2)^1/2 + DJ) / 2 + PE
    Total System Jitter     (TSJ):    0.071ns
    Total Input Jitter      (TIJ):    0.000ns
    Discrete Jitter          (DJ):    0.000ns
    Phase Error              (PE):    0.000ns

    Location             Delay type                Incr(ns)  Path(ns)    Netlist Resource(s)
  -------------------------------------------------------------------    -------------------
                         (clock sys_clk rise edge)    0.000     0.000 r  
    E3                                                0.000     0.000 r  clock (IN)
                         net (fo=0)                   0.000     0.000    clock
    E3                   IBUF (Prop_ibuf_I_O)         1.482     1.482 r  clock_IBUF_inst/O
                         net (fo=1, routed)           2.025     3.506    clock_IBUF
    BUFGCTRL_X0Y16       BUFG (Prop_bufg_I_O)         0.096     3.602 r  clock_IBUF_BUFG_inst/O
                         net (fo=27, routed)          1.641     5.244    cd/clock_IBUF_BUFG
    SLICE_X8Y64          FDRE                                         r  cd/counter_reg[19]/C
  -------------------------------------------------------------------    -------------------
    SLICE_X8Y64          FDRE (Prop_fdre_C_Q)         0.518     5.762 r  cd/counter_reg[19]/Q
                         net (fo=2, routed)           1.075     6.837    cd/counter_reg[19]
    SLICE_X9Y64          LUT6 (Prop_lut6_I5_O)        0.124     6.961 r  cd/counter[0]_i_7/O
                         net (fo=1, routed)           0.796     7.757    cd/counter[0]_i_7_n_0
    SLICE_X9Y63          LUT6 (Prop_lut6_I2_O)        0.124     7.881 r  cd/counter[0]_i_3/O
                         net (fo=2, routed)           0.165     8.046    cd/clk_en_0
    SLICE_X9Y63          LUT2 (Prop_lut2_I0_O)        0.124     8.170 r  cd/counter[0]_i_1/O
                         net (fo=26, routed)          0.900     9.070    cd/counter[0]_i_1_n_0
    SLICE_X8Y61          FDRE                                         r  cd/counter_reg[6]/R
  -------------------------------------------------------------------    -------------------

                         (clock sys_clk rise edge)   10.000    10.000 r  
    E3                                                0.000    10.000 r  clock (IN)
                         net (fo=0)                   0.000    10.000    clock
    E3                   IBUF (Prop_ibuf_I_O)         1.411    11.411 r  clock_IBUF_inst/O
                         net (fo=1, routed)           1.920    13.331    clock_IBUF
    BUFGCTRL_X0Y16       BUFG (Prop_bufg_I_O)         0.091    13.422 r  clock_IBUF_BUFG_inst/O
                         net (fo=27, routed)          1.521    14.944    cd/clock_IBUF_BUFG
    SLICE_X8Y61          FDRE                                         r  cd/counter_reg[6]/C
                         clock pessimism              0.277    15.221    
                         clock uncertainty           -0.035    15.185    
    SLICE_X8Y61          FDRE (Setup_fdre_C_R)       -0.524    14.661    cd/counter_reg[6]
  -------------------------------------------------------------------
                         required time                         14.661    
                         arrival time                          -9.070    
  -------------------------------------------------------------------
                         slack                                  5.592    

Slack (MET) :             5.592ns  (required time - arrival time)
  Source:                 cd/counter_reg[19]/C
                            (rising edge-triggered cell FDRE clocked by sys_clk  {rise@0.000ns fall@5.000ns period=10.000ns})
  Destination:            cd/counter_reg[7]/R
                            (rising edge-triggered cell FDRE clocked by sys_clk  {rise@0.000ns fall@5.000ns period=10.000ns})
  Path Group:             sys_clk
  Path Type:              Setup (Max at Slow Process Corner)
  Requirement:            10.000ns  (sys_clk rise@10.000ns - sys_clk rise@0.000ns)
  Data Path Delay:        3.826ns  (logic 0.890ns (23.263%)  route 2.936ns (76.737%))
  Logic Levels:           3  (LUT2=1 LUT6=2)
  Clock Path Skew:        -0.023ns (DCD - SCD + CPR)
    Destination Clock Delay (DCD):    4.944ns = ( 14.944 - 10.000 ) 
    Source Clock Delay      (SCD):    5.244ns
    Clock Pessimism Removal (CPR):    0.277ns
  Clock Uncertainty:      0.035ns  ((TSJ^2 + TIJ^2)^1/2 + DJ) / 2 + PE
    Total System Jitter     (TSJ):    0.071ns
    Total Input Jitter      (TIJ):    0.000ns
    Discrete Jitter          (DJ):    0.000ns
    Phase Error              (PE):    0.000ns

    Location             Delay type                Incr(ns)  Path(ns)    Netlist Resource(s)
  -------------------------------------------------------------------    -------------------
                         (clock sys_clk rise edge)    0.000     0.000 r  
    E3                                                0.000     0.000 r  clock (IN)
                         net (fo=0)                   0.000     0.000    clock
    E3                   IBUF (Prop_ibuf_I_O)         1.482     1.482 r  clock_IBUF_inst/O
                         net (fo=1, routed)           2.025     3.506    clock_IBUF
    BUFGCTRL_X0Y16       BUFG (Prop_bufg_I_O)         0.096     3.602 r  clock_IBUF_BUFG_inst/O
                         net (fo=27, routed)          1.641     5.244    cd/clock_IBUF_BUFG
    SLICE_X8Y64          FDRE                                         r  cd/counter_reg[19]/C
  -------------------------------------------------------------------    -------------------
    SLICE_X8Y64          FDRE (Prop_fdre_C_Q)         0.518     5.762 r  cd/counter_reg[19]/Q
                         net (fo=2, routed)           1.075     6.837    cd/counter_reg[19]
    SLICE_X9Y64          LUT6 (Prop_lut6_I5_O)        0.124     6.961 r  cd/counter[0]_i_7/O
                         net (fo=1, routed)           0.796     7.757    cd/counter[0]_i_7_n_0
    SLICE_X9Y63          LUT6 (Prop_lut6_I2_O)        0.124     7.881 r  cd/counter[0]_i_3/O
                         net (fo=2, routed)           0.165     8.046    cd/clk_en_0
    SLICE_X9Y63          LUT2 (Prop_lut2_I0_O)        0.124     8.170 r  cd/counter[0]_i_1/O
                         net (fo=26, routed)          0.900     9.070    cd/counter[0]_i_1_n_0
    SLICE_X8Y61          FDRE                                         r  cd/counter_reg[7]/R
  -------------------------------------------------------------------    -------------------

                         (clock sys_clk rise edge)   10.000    10.000 r  
    E3                                                0.000    10.000 r  clock (IN)
                         net (fo=0)                   0.000    10.000    clock
    E3                   IBUF (Prop_ibuf_I_O)         1.411    11.411 r  clock_IBUF_inst/O
                         net (fo=1, routed)           1.920    13.331    clock_IBUF
    BUFGCTRL_X0Y16       BUFG (Prop_bufg_I_O)         0.091    13.422 r  clock_IBUF_BUFG_inst/O
                         net (fo=27, routed)          1.521    14.944    cd/clock_IBUF_BUFG
    SLICE_X8Y61          FDRE                                         r  cd/counter_reg[7]/C
                         clock pessimism              0.277    15.221    
                         clock uncertainty           -0.035    15.185    
    SLICE_X8Y61          FDRE (Setup_fdre_C_R)       -0.524    14.661    cd/counter_reg[7]
  -------------------------------------------------------------------
                         required time                         14.661    
                         arrival time                          -9.070    
  -------------------------------------------------------------------
                         slack                                  5.592    

Slack (MET) :             5.756ns  (required time - arrival time)
  Source:                 cd/counter_reg[19]/C
                            (rising edge-triggered cell FDRE clocked by sys_clk  {rise@0.000ns fall@5.000ns period=10.000ns})
  Destination:            cd/counter_reg[16]/R
                            (rising edge-triggered cell FDRE clocked by sys_clk  {rise@0.000ns fall@5.000ns period=10.000ns})
  Path Group:             sys_clk
  Path Type:              Setup (Max at Slow Process Corner)
  Requirement:            10.000ns  (sys_clk rise@10.000ns - sys_clk rise@0.000ns)
  Data Path Delay:        3.685ns  (logic 0.890ns (24.152%)  route 2.795ns (75.848%))
  Logic Levels:           3  (LUT2=1 LUT6=2)
  Clock Path Skew:        0.000ns (DCD - SCD + CPR)
    Destination Clock Delay (DCD):    4.942ns = ( 14.942 - 10.000 ) 
    Source Clock Delay      (SCD):    5.244ns
    Clock Pessimism Removal (CPR):    0.302ns
  Clock Uncertainty:      0.035ns  ((TSJ^2 + TIJ^2)^1/2 + DJ) / 2 + PE
    Total System Jitter     (TSJ):    0.071ns
    Total Input Jitter      (TIJ):    0.000ns
    Discrete Jitter          (DJ):    0.000ns
    Phase Error              (PE):    0.000ns

    Location             Delay type                Incr(ns)  Path(ns)    Netlist Resource(s)
  -------------------------------------------------------------------    -------------------
                         (clock sys_clk rise edge)    0.000     0.000 r  
    E3                                                0.000     0.000 r  clock (IN)
                         net (fo=0)                   0.000     0.000    clock
    E3                   IBUF (Prop_ibuf_I_O)         1.482     1.482 r  clock_IBUF_inst/O
                         net (fo=1, routed)           2.025     3.506    clock_IBUF
    BUFGCTRL_X0Y16       BUFG (Prop_bufg_I_O)         0.096     3.602 r  clock_IBUF_BUFG_inst/O
                         net (fo=27, routed)          1.641     5.244    cd/clock_IBUF_BUFG
    SLICE_X8Y64          FDRE                                         r  cd/counter_reg[19]/C
  -------------------------------------------------------------------    -------------------
    SLICE_X8Y64          FDRE (Prop_fdre_C_Q)         0.518     5.762 r  cd/counter_reg[19]/Q
                         net (fo=2, routed)           1.075     6.837    cd/counter_reg[19]
    SLICE_X9Y64          LUT6 (Prop_lut6_I5_O)        0.124     6.961 r  cd/counter[0]_i_7/O
                         net (fo=1, routed)           0.796     7.757    cd/counter[0]_i_7_n_0
    SLICE_X9Y63          LUT6 (Prop_lut6_I2_O)        0.124     7.881 r  cd/counter[0]_i_3/O
                         net (fo=2, routed)           0.165     8.046    cd/clk_en_0
    SLICE_X9Y63          LUT2 (Prop_lut2_I0_O)        0.124     8.170 r  cd/counter[0]_i_1/O
                         net (fo=26, routed)          0.759     8.929    cd/counter[0]_i_1_n_0
    SLICE_X8Y64          FDRE                                         r  cd/counter_reg[16]/R
  -------------------------------------------------------------------    -------------------

                         (clock sys_clk rise edge)   10.000    10.000 r  
    E3                                                0.000    10.000 r  clock (IN)
                         net (fo=0)                   0.000    10.000    clock
    E3                   IBUF (Prop_ibuf_I_O)         1.411    11.411 r  clock_IBUF_inst/O
                         net (fo=1, routed)           1.920    13.331    clock_IBUF
    BUFGCTRL_X0Y16       BUFG (Prop_bufg_I_O)         0.091    13.422 r  clock_IBUF_BUFG_inst/O
                         net (fo=27, routed)          1.519    14.942    cd/clock_IBUF_BUFG
    SLICE_X8Y64          FDRE                                         r  cd/counter_reg[16]/C
                         clock pessimism              0.302    15.244    
                         clock uncertainty           -0.035    15.208    
    SLICE_X8Y64          FDRE (Setup_fdre_C_R)       -0.524    14.684    cd/counter_reg[16]
  -------------------------------------------------------------------
                         required time                         14.684    
                         arrival time                          -8.929    
  -------------------------------------------------------------------
                         slack                                  5.756    

Slack (MET) :             5.756ns  (required time - arrival time)
  Source:                 cd/counter_reg[19]/C
                            (rising edge-triggered cell FDRE clocked by sys_clk  {rise@0.000ns fall@5.000ns period=10.000ns})
  Destination:            cd/counter_reg[17]/R
                            (rising edge-triggered cell FDRE clocked by sys_clk  {rise@0.000ns fall@5.000ns period=10.000ns})
  Path Group:             sys_clk
  Path Type:              Setup (Max at Slow Process Corner)
  Requirement:            10.000ns  (sys_clk rise@10.000ns - sys_clk rise@0.000ns)
  Data Path Delay:        3.685ns  (logic 0.890ns (24.152%)  route 2.795ns (75.848%))
  Logic Levels:           3  (LUT2=1 LUT6=2)
  Clock Path Skew:        0.000ns (DCD - SCD + CPR)
    Destination Clock Delay (DCD):    4.942ns = ( 14.942 - 10.000 ) 
    Source Clock Delay      (SCD):    5.244ns
    Clock Pessimism Removal (CPR):    0.302ns
  Clock Uncertainty:      0.035ns  ((TSJ^2 + TIJ^2)^1/2 + DJ) / 2 + PE
    Total System Jitter     (TSJ):    0.071ns
    Total Input Jitter      (TIJ):    0.000ns
    Discrete Jitter          (DJ):    0.000ns
    Phase Error              (PE):    0.000ns

    Location             Delay type                Incr(ns)  Path(ns)    Netlist Resource(s)
  -------------------------------------------------------------------    -------------------
                         (clock sys_clk rise edge)    0.000     0.000 r  
    E3                                                0.000     0.000 r  clock (IN)
                         net (fo=0)                   0.000     0.000    clock
    E3                   IBUF (Prop_ibuf_I_O)         1.482     1.482 r  clock_IBUF_inst/O
                         net (fo=1, routed)           2.025     3.506    clock_IBUF
    BUFGCTRL_X0Y16       BUFG (Prop_bufg_I_O)         0.096     3.602 r  clock_IBUF_BUFG_inst/O
                         net (fo=27, routed)          1.641     5.244    cd/clock_IBUF_BUFG
    SLICE_X8Y64          FDRE                                         r  cd/counter_reg[19]/C
  -------------------------------------------------------------------    -------------------
    SLICE_X8Y64          FDRE (Prop_fdre_C_Q)         0.518     5.762 r  cd/counter_reg[19]/Q
                         net (fo=2, routed)           1.075     6.837    cd/counter_reg[19]
    SLICE_X9Y64          LUT6 (Prop_lut6_I5_O)        0.124     6.961 r  cd/counter[0]_i_7/O
                         net (fo=1, routed)           0.796     7.757    cd/counter[0]_i_7_n_0
    SLICE_X9Y63          LUT6 (Prop_lut6_I2_O)        0.124     7.881 r  cd/counter[0]_i_3/O
                         net (fo=2, routed)           0.165     8.046    cd/clk_en_0
    SLICE_X9Y63          LUT2 (Prop_lut2_I0_O)        0.124     8.170 r  cd/counter[0]_i_1/O
                         net (fo=26, routed)          0.759     8.929    cd/counter[0]_i_1_n_0
    SLICE_X8Y64          FDRE                                         r  cd/counter_reg[17]/R
  -------------------------------------------------------------------    -------------------

                         (clock sys_clk rise edge)   10.000    10.000 r  
    E3                                                0.000    10.000 r  clock (IN)
                         net (fo=0)                   0.000    10.000    clock
    E3                   IBUF (Prop_ibuf_I_O)         1.411    11.411 r  clock_IBUF_inst/O
                         net (fo=1, routed)           1.920    13.331    clock_IBUF
    BUFGCTRL_X0Y16       BUFG (Prop_bufg_I_O)         0.091    13.422 r  clock_IBUF_BUFG_inst/O
                         net (fo=27, routed)          1.519    14.942    cd/clock_IBUF_BUFG
    SLICE_X8Y64          FDRE                                         r  cd/counter_reg[17]/C
                         clock pessimism              0.302    15.244    
                         clock uncertainty           -0.035    15.208    
    SLICE_X8Y64          FDRE (Setup_fdre_C_R)       -0.524    14.684    cd/counter_reg[17]
  -------------------------------------------------------------------
                         required time                         14.684    
                         arrival time                          -8.929    
  -------------------------------------------------------------------
                         slack                                  5.756    





Min Delay Paths
--------------------------------------------------------------------------------------
Slack (MET) :             0.265ns  (arrival time - required time)
  Source:                 cd/counter_reg[22]/C
                            (rising edge-triggered cell FDRE clocked by sys_clk  {rise@0.000ns fall@5.000ns period=10.000ns})
  Destination:            cd/counter_reg[22]/D
                            (rising edge-triggered cell FDRE clocked by sys_clk  {rise@0.000ns fall@5.000ns period=10.000ns})
  Path Group:             sys_clk
  Path Type:              Hold (Min at Fast Process Corner)
  Requirement:            0.000ns  (sys_clk rise@0.000ns - sys_clk rise@0.000ns)
  Data Path Delay:        0.399ns  (logic 0.274ns (68.589%)  route 0.125ns (31.411%))
  Logic Levels:           1  (CARRY4=1)
  Clock Path Skew:        0.000ns (DCD - SCD - CPR)
    Destination Clock Delay (DCD):    2.005ns
    Source Clock Delay      (SCD):    1.490ns
    Clock Pessimism Removal (CPR):    0.514ns

    Location             Delay type                Incr(ns)  Path(ns)    Netlist Resource(s)
  -------------------------------------------------------------------    -------------------
                         (clock sys_clk rise edge)    0.000     0.000 r  
    E3                                                0.000     0.000 r  clock (IN)
                         net (fo=0)                   0.000     0.000    clock
    E3                   IBUF (Prop_ibuf_I_O)         0.250     0.250 r  clock_IBUF_inst/O
                         net (fo=1, routed)           0.644     0.894    clock_IBUF
    BUFGCTRL_X0Y16       BUFG (Prop_bufg_I_O)         0.026     0.920 r  clock_IBUF_BUFG_inst/O
                         net (fo=27, routed)          0.571     1.490    cd/clock_IBUF_BUFG
    SLICE_X8Y65          FDRE                                         r  cd/counter_reg[22]/C
  -------------------------------------------------------------------    -------------------
    SLICE_X8Y65          FDRE (Prop_fdre_C_Q)         0.164     1.654 r  cd/counter_reg[22]/Q
                         net (fo=2, routed)           0.125     1.780    cd/counter_reg[22]
    SLICE_X8Y65          CARRY4 (Prop_carry4_S[2]_O[2])
                                                      0.110     1.890 r  cd/counter_reg[20]_i_1/O[2]
                         net (fo=1, routed)           0.000     1.890    cd/counter_reg[20]_i_1_n_5
    SLICE_X8Y65          FDRE                                         r  cd/counter_reg[22]/D
  -------------------------------------------------------------------    -------------------

                         (clock sys_clk rise edge)    0.000     0.000 r  
    E3                                                0.000     0.000 r  clock (IN)
                         net (fo=0)                   0.000     0.000    clock
    E3                   IBUF (Prop_ibuf_I_O)         0.438     0.438 r  clock_IBUF_inst/O
                         net (fo=1, routed)           0.699     1.136    clock_IBUF
    BUFGCTRL_X0Y16       BUFG (Prop_bufg_I_O)         0.029     1.165 r  clock_IBUF_BUFG_inst/O
                         net (fo=27, routed)          0.840     2.005    cd/clock_IBUF_BUFG
    SLICE_X8Y65          FDRE                                         r  cd/counter_reg[22]/C
                         clock pessimism             -0.514     1.490    
    SLICE_X8Y65          FDRE (Hold_fdre_C_D)         0.134     1.624    cd/counter_reg[22]
  -------------------------------------------------------------------
                         required time                         -1.624    
                         arrival time                           1.890    
  -------------------------------------------------------------------
                         slack                                  0.265    

Slack (MET) :             0.265ns  (arrival time - required time)
  Source:                 cd/counter_reg[18]/C
                            (rising edge-triggered cell FDRE clocked by sys_clk  {rise@0.000ns fall@5.000ns period=10.000ns})
  Destination:            cd/counter_reg[18]/D
                            (rising edge-triggered cell FDRE clocked by sys_clk  {rise@0.000ns fall@5.000ns period=10.000ns})
  Path Group:             sys_clk
  Path Type:              Hold (Min at Fast Process Corner)
  Requirement:            0.000ns  (sys_clk rise@0.000ns - sys_clk rise@0.000ns)
  Data Path Delay:        0.399ns  (logic 0.274ns (68.589%)  route 0.125ns (31.411%))
  Logic Levels:           1  (CARRY4=1)
  Clock Path Skew:        0.000ns (DCD - SCD - CPR)
    Destination Clock Delay (DCD):    2.006ns
    Source Clock Delay      (SCD):    1.490ns
    Clock Pessimism Removal (CPR):    0.515ns

    Location             Delay type                Incr(ns)  Path(ns)    Netlist Resource(s)
  -------------------------------------------------------------------    -------------------
                         (clock sys_clk rise edge)    0.000     0.000 r  
    E3                                                0.000     0.000 r  clock (IN)
                         net (fo=0)                   0.000     0.000    clock
    E3                   IBUF (Prop_ibuf_I_O)         0.250     0.250 r  clock_IBUF_inst/O
                         net (fo=1, routed)           0.644     0.894    clock_IBUF
    BUFGCTRL_X0Y16       BUFG (Prop_bufg_I_O)         0.026     0.920 r  clock_IBUF_BUFG_inst/O
                         net (fo=27, routed)          0.571     1.490    cd/clock_IBUF_BUFG
    SLICE_X8Y64          FDRE                                         r  cd/counter_reg[18]/C
  -------------------------------------------------------------------    -------------------
    SLICE_X8Y64          FDRE (Prop_fdre_C_Q)         0.164     1.654 r  cd/counter_reg[18]/Q
                         net (fo=2, routed)           0.125     1.780    cd/counter_reg[18]
    SLICE_X8Y64          CARRY4 (Prop_carry4_S[2]_O[2])
                                                      0.110     1.890 r  cd/counter_reg[16]_i_1/O[2]
                         net (fo=1, routed)           0.000     1.890    cd/counter_reg[16]_i_1_n_5
    SLICE_X8Y64          FDRE                                         r  cd/counter_reg[18]/D
  -------------------------------------------------------------------    -------------------

                         (clock sys_clk rise edge)    0.000     0.000 r  
    E3                                                0.000     0.000 r  clock (IN)
                         net (fo=0)                   0.000     0.000    clock
    E3                   IBUF (Prop_ibuf_I_O)         0.438     0.438 r  clock_IBUF_inst/O
                         net (fo=1, routed)           0.699     1.136    clock_IBUF
    BUFGCTRL_X0Y16       BUFG (Prop_bufg_I_O)         0.029     1.165 r  clock_IBUF_BUFG_inst/O
                         net (fo=27, routed)          0.841     2.006    cd/clock_IBUF_BUFG
    SLICE_X8Y64          FDRE                                         r  cd/counter_reg[18]/C
                         clock pessimism             -0.515     1.490    
    SLICE_X8Y64          FDRE (Hold_fdre_C_D)         0.134     1.624    cd/counter_reg[18]
  -------------------------------------------------------------------
                         required time                         -1.624    
                         arrival time                           1.890    
  -------------------------------------------------------------------
                         slack                                  0.265    

Slack (MET) :             0.267ns  (arrival time - required time)
  Source:                 cd/counter_reg[10]/C
                            (rising edge-triggered cell FDRE clocked by sys_clk  {rise@0.000ns fall@5.000ns period=10.000ns})
  Destination:            cd/counter_reg[10]/D
                            (rising edge-triggered cell FDRE clocked by sys_clk  {rise@0.000ns fall@5.000ns period=10.000ns})
  Path Group:             sys_clk
  Path Type:              Hold (Min at Fast Process Corner)
  Requirement:            0.000ns  (sys_clk rise@0.000ns - sys_clk rise@0.000ns)
  Data Path Delay:        0.401ns  (logic 0.274ns (68.412%)  route 0.127ns (31.588%))
  Logic Levels:           1  (CARRY4=1)
  Clock Path Skew:        0.000ns (DCD - SCD - CPR)
    Destination Clock Delay (DCD):    2.007ns
    Source Clock Delay      (SCD):    1.491ns
    Clock Pessimism Removal (CPR):    0.515ns

    Location             Delay type                Incr(ns)  Path(ns)    Netlist Resource(s)
  -------------------------------------------------------------------    -------------------
                         (clock sys_clk rise edge)    0.000     0.000 r  
    E3                                                0.000     0.000 r  clock (IN)
                         net (fo=0)                   0.000     0.000    clock
    E3                   IBUF (Prop_ibuf_I_O)         0.250     0.250 r  clock_IBUF_inst/O
                         net (fo=1, routed)           0.644     0.894    clock_IBUF
    BUFGCTRL_X0Y16       BUFG (Prop_bufg_I_O)         0.026     0.920 r  clock_IBUF_BUFG_inst/O
                         net (fo=27, routed)          0.572     1.491    cd/clock_IBUF_BUFG
    SLICE_X8Y62          FDRE                                         r  cd/counter_reg[10]/C
  -------------------------------------------------------------------    -------------------
    SLICE_X8Y62          FDRE (Prop_fdre_C_Q)         0.164     1.655 r  cd/counter_reg[10]/Q
                         net (fo=2, routed)           0.127     1.782    cd/counter_reg[10]
    SLICE_X8Y62          CARRY4 (Prop_carry4_S[2]_O[2])
                                                      0.110     1.892 r  cd/counter_reg[8]_i_1/O[2]
                         net (fo=1, routed)           0.000     1.892    cd/counter_reg[8]_i_1_n_5
    SLICE_X8Y62          FDRE                                         r  cd/counter_reg[10]/D
  -------------------------------------------------------------------    -------------------

                         (clock sys_clk rise edge)    0.000     0.000 r  
    E3                                                0.000     0.000 r  clock (IN)
                         net (fo=0)                   0.000     0.000    clock
    E3                   IBUF (Prop_ibuf_I_O)         0.438     0.438 r  clock_IBUF_inst/O
                         net (fo=1, routed)           0.699     1.136    clock_IBUF
    BUFGCTRL_X0Y16       BUFG (Prop_bufg_I_O)         0.029     1.165 r  clock_IBUF_BUFG_inst/O
                         net (fo=27, routed)          0.842     2.007    cd/clock_IBUF_BUFG
    SLICE_X8Y62          FDRE                                         r  cd/counter_reg[10]/C
                         clock pessimism             -0.515     1.491    
    SLICE_X8Y62          FDRE (Hold_fdre_C_D)         0.134     1.625    cd/counter_reg[10]
  -------------------------------------------------------------------
                         required time                         -1.625    
                         arrival time                           1.892    
  -------------------------------------------------------------------
                         slack                                  0.267    

Slack (MET) :             0.267ns  (arrival time - required time)
  Source:                 cd/counter_reg[14]/C
                            (rising edge-triggered cell FDRE clocked by sys_clk  {rise@0.000ns fall@5.000ns period=10.000ns})
  Destination:            cd/counter_reg[14]/D
                            (rising edge-triggered cell FDRE clocked by sys_clk  {rise@0.000ns fall@5.000ns period=10.000ns})
  Path Group:             sys_clk
  Path Type:              Hold (Min at Fast Process Corner)
  Requirement:            0.000ns  (sys_clk rise@0.000ns - sys_clk rise@0.000ns)
  Data Path Delay:        0.401ns  (logic 0.274ns (68.412%)  route 0.127ns (31.588%))
  Logic Levels:           1  (CARRY4=1)
  Clock Path Skew:        0.000ns (DCD - SCD - CPR)
    Destination Clock Delay (DCD):    2.006ns
    Source Clock Delay      (SCD):    1.490ns
    Clock Pessimism Removal (CPR):    0.515ns

    Location             Delay type                Incr(ns)  Path(ns)    Netlist Resource(s)
  -------------------------------------------------------------------    -------------------
                         (clock sys_clk rise edge)    0.000     0.000 r  
    E3                                                0.000     0.000 r  clock (IN)
                         net (fo=0)                   0.000     0.000    clock
    E3                   IBUF (Prop_ibuf_I_O)         0.250     0.250 r  clock_IBUF_inst/O
                         net (fo=1, routed)           0.644     0.894    clock_IBUF
    BUFGCTRL_X0Y16       BUFG (Prop_bufg_I_O)         0.026     0.920 r  clock_IBUF_BUFG_inst/O
                         net (fo=27, routed)          0.571     1.490    cd/clock_IBUF_BUFG
    SLICE_X8Y63          FDRE                                         r  cd/counter_reg[14]/C
  -------------------------------------------------------------------    -------------------
    SLICE_X8Y63          FDRE (Prop_fdre_C_Q)         0.164     1.654 r  cd/counter_reg[14]/Q
                         net (fo=2, routed)           0.127     1.781    cd/counter_reg[14]
    SLICE_X8Y63          CARRY4 (Prop_carry4_S[2]_O[2])
                                                      0.110     1.891 r  cd/counter_reg[12]_i_1/O[2]
                         net (fo=1, routed)           0.000     1.891    cd/counter_reg[12]_i_1_n_5
    SLICE_X8Y63          FDRE                                         r  cd/counter_reg[14]/D
  -------------------------------------------------------------------    -------------------

                         (clock sys_clk rise edge)    0.000     0.000 r  
    E3                                                0.000     0.000 r  clock (IN)
                         net (fo=0)                   0.000     0.000    clock
    E3                   IBUF (Prop_ibuf_I_O)         0.438     0.438 r  clock_IBUF_inst/O
                         net (fo=1, routed)           0.699     1.136    clock_IBUF
    BUFGCTRL_X0Y16       BUFG (Prop_bufg_I_O)         0.029     1.165 r  clock_IBUF_BUFG_inst/O
                         net (fo=27, routed)          0.841     2.006    cd/clock_IBUF_BUFG
    SLICE_X8Y63          FDRE                                         r  cd/counter_reg[14]/C
                         clock pessimism             -0.515     1.490    
    SLICE_X8Y63          FDRE (Hold_fdre_C_D)         0.134     1.624    cd/counter_reg[14]
  -------------------------------------------------------------------
                         required time                         -1.624    
                         arrival time                           1.891    
  -------------------------------------------------------------------
                         slack                                  0.267    

Slack (MET) :             0.267ns  (arrival time - required time)
  Source:                 cd/counter_reg[6]/C
                            (rising edge-triggered cell FDRE clocked by sys_clk  {rise@0.000ns fall@5.000ns period=10.000ns})
  Destination:            cd/counter_reg[6]/D
                            (rising edge-triggered cell FDRE clocked by sys_clk  {rise@0.000ns fall@5.000ns period=10.000ns})
  Path Group:             sys_clk
  Path Type:              Hold (Min at Fast Process Corner)
  Requirement:            0.000ns  (sys_clk rise@0.000ns - sys_clk rise@0.000ns)
  Data Path Delay:        0.401ns  (logic 0.274ns (68.412%)  route 0.127ns (31.588%))
  Logic Levels:           1  (CARRY4=1)
  Clock Path Skew:        0.000ns (DCD - SCD - CPR)
    Destination Clock Delay (DCD):    2.009ns
    Source Clock Delay      (SCD):    1.492ns
    Clock Pessimism Removal (CPR):    0.516ns

    Location             Delay type                Incr(ns)  Path(ns)    Netlist Resource(s)
  -------------------------------------------------------------------    -------------------
                         (clock sys_clk rise edge)    0.000     0.000 r  
    E3                                                0.000     0.000 r  clock (IN)
                         net (fo=0)                   0.000     0.000    clock
    E3                   IBUF (Prop_ibuf_I_O)         0.250     0.250 r  clock_IBUF_inst/O
                         net (fo=1, routed)           0.644     0.894    clock_IBUF
    BUFGCTRL_X0Y16       BUFG (Prop_bufg_I_O)         0.026     0.920 r  clock_IBUF_BUFG_inst/O
                         net (fo=27, routed)          0.573     1.492    cd/clock_IBUF_BUFG
    SLICE_X8Y61          FDRE                                         r  cd/counter_reg[6]/C
  -------------------------------------------------------------------    -------------------
    SLICE_X8Y61          FDRE (Prop_fdre_C_Q)         0.164     1.656 r  cd/counter_reg[6]/Q
                         net (fo=2, routed)           0.127     1.783    cd/counter_reg[6]
    SLICE_X8Y61          CARRY4 (Prop_carry4_S[2]_O[2])
                                                      0.110     1.893 r  cd/counter_reg[4]_i_1/O[2]
                         net (fo=1, routed)           0.000     1.893    cd/counter_reg[4]_i_1_n_5
    SLICE_X8Y61          FDRE                                         r  cd/counter_reg[6]/D
  -------------------------------------------------------------------    -------------------

                         (clock sys_clk rise edge)    0.000     0.000 r  
    E3                                                0.000     0.000 r  clock (IN)
                         net (fo=0)                   0.000     0.000    clock
    E3                   IBUF (Prop_ibuf_I_O)         0.438     0.438 r  clock_IBUF_inst/O
                         net (fo=1, routed)           0.699     1.136    clock_IBUF
    BUFGCTRL_X0Y16       BUFG (Prop_bufg_I_O)         0.029     1.165 r  clock_IBUF_BUFG_inst/O
                         net (fo=27, routed)          0.844     2.009    cd/clock_IBUF_BUFG
    SLICE_X8Y61          FDRE                                         r  cd/counter_reg[6]/C
                         clock pessimism             -0.516     1.492    
    SLICE_X8Y61          FDRE (Hold_fdre_C_D)         0.134     1.626    cd/counter_reg[6]
  -------------------------------------------------------------------
                         required time                         -1.626    
                         arrival time                           1.893    
  -------------------------------------------------------------------
                         slack                                  0.267    

Slack (MET) :             0.267ns  (arrival time - required time)
  Source:                 cd/counter_reg[2]/C
                            (rising edge-triggered cell FDRE clocked by sys_clk  {rise@0.000ns fall@5.000ns period=10.000ns})
  Destination:            cd/counter_reg[2]/D
                            (rising edge-triggered cell FDRE clocked by sys_clk  {rise@0.000ns fall@5.000ns period=10.000ns})
  Path Group:             sys_clk
  Path Type:              Hold (Min at Fast Process Corner)
  Requirement:            0.000ns  (sys_clk rise@0.000ns - sys_clk rise@0.000ns)
  Data Path Delay:        0.401ns  (logic 0.274ns (68.401%)  route 0.127ns (31.599%))
  Logic Levels:           1  (CARRY4=1)
  Clock Path Skew:        0.000ns (DCD - SCD - CPR)
    Destination Clock Delay (DCD):    2.009ns
    Source Clock Delay      (SCD):    1.492ns
    Clock Pessimism Removal (CPR):    0.516ns

    Location             Delay type                Incr(ns)  Path(ns)    Netlist Resource(s)
  -------------------------------------------------------------------    -------------------
                         (clock sys_clk rise edge)    0.000     0.000 r  
    E3                                                0.000     0.000 r  clock (IN)
                         net (fo=0)                   0.000     0.000    clock
    E3                   IBUF (Prop_ibuf_I_O)         0.250     0.250 r  clock_IBUF_inst/O
                         net (fo=1, routed)           0.644     0.894    clock_IBUF
    BUFGCTRL_X0Y16       BUFG (Prop_bufg_I_O)         0.026     0.920 r  clock_IBUF_BUFG_inst/O
                         net (fo=27, routed)          0.573     1.492    cd/clock_IBUF_BUFG
    SLICE_X8Y60          FDRE                                         r  cd/counter_reg[2]/C
  -------------------------------------------------------------------    -------------------
    SLICE_X8Y60          FDRE (Prop_fdre_C_Q)         0.164     1.656 r  cd/counter_reg[2]/Q
                         net (fo=2, routed)           0.127     1.783    cd/counter_reg[2]
    SLICE_X8Y60          CARRY4 (Prop_carry4_S[2]_O[2])
                                                      0.110     1.893 r  cd/counter_reg[0]_i_2/O[2]
                         net (fo=1, routed)           0.000     1.893    cd/counter_reg[0]_i_2_n_5
    SLICE_X8Y60          FDRE                                         r  cd/counter_reg[2]/D
  -------------------------------------------------------------------    -------------------

                         (clock sys_clk rise edge)    0.000     0.000 r  
    E3                                                0.000     0.000 r  clock (IN)
                         net (fo=0)                   0.000     0.000    clock
    E3                   IBUF (Prop_ibuf_I_O)         0.438     0.438 r  clock_IBUF_inst/O
                         net (fo=1, routed)           0.699     1.136    clock_IBUF
    BUFGCTRL_X0Y16       BUFG (Prop_bufg_I_O)         0.029     1.165 r  clock_IBUF_BUFG_inst/O
                         net (fo=27, routed)          0.844     2.009    cd/clock_IBUF_BUFG
    SLICE_X8Y60          FDRE                                         r  cd/counter_reg[2]/C
                         clock pessimism             -0.516     1.492    
    SLICE_X8Y60          FDRE (Hold_fdre_C_D)         0.134     1.626    cd/counter_reg[2]
  -------------------------------------------------------------------
                         required time                         -1.626    
                         arrival time                           1.893    
  -------------------------------------------------------------------
                         slack                                  0.267    

Slack (MET) :             0.301ns  (arrival time - required time)
  Source:                 cd/counter_reg[22]/C
                            (rising edge-triggered cell FDRE clocked by sys_clk  {rise@0.000ns fall@5.000ns period=10.000ns})
  Destination:            cd/counter_reg[23]/D
                            (rising edge-triggered cell FDRE clocked by sys_clk  {rise@0.000ns fall@5.000ns period=10.000ns})
  Path Group:             sys_clk
  Path Type:              Hold (Min at Fast Process Corner)
  Requirement:            0.000ns  (sys_clk rise@0.000ns - sys_clk rise@0.000ns)
  Data Path Delay:        0.435ns  (logic 0.310ns (71.185%)  route 0.125ns (28.815%))
  Logic Levels:           1  (CARRY4=1)
  Clock Path Skew:        0.000ns (DCD - SCD - CPR)
    Destination Clock Delay (DCD):    2.005ns
    Source Clock Delay      (SCD):    1.490ns
    Clock Pessimism Removal (CPR):    0.514ns

    Location             Delay type                Incr(ns)  Path(ns)    Netlist Resource(s)
  -------------------------------------------------------------------    -------------------
                         (clock sys_clk rise edge)    0.000     0.000 r  
    E3                                                0.000     0.000 r  clock (IN)
                         net (fo=0)                   0.000     0.000    clock
    E3                   IBUF (Prop_ibuf_I_O)         0.250     0.250 r  clock_IBUF_inst/O
                         net (fo=1, routed)           0.644     0.894    clock_IBUF
    BUFGCTRL_X0Y16       BUFG (Prop_bufg_I_O)         0.026     0.920 r  clock_IBUF_BUFG_inst/O
                         net (fo=27, routed)          0.571     1.490    cd/clock_IBUF_BUFG
    SLICE_X8Y65          FDRE                                         r  cd/counter_reg[22]/C
  -------------------------------------------------------------------    -------------------
    SLICE_X8Y65          FDRE (Prop_fdre_C_Q)         0.164     1.654 r  cd/counter_reg[22]/Q
                         net (fo=2, routed)           0.125     1.780    cd/counter_reg[22]
    SLICE_X8Y65          CARRY4 (Prop_carry4_S[2]_O[3])
                                                      0.146     1.926 r  cd/counter_reg[20]_i_1/O[3]
                         net (fo=1, routed)           0.000     1.926    cd/counter_reg[20]_i_1_n_4
    SLICE_X8Y65          FDRE                                         r  cd/counter_reg[23]/D
  -------------------------------------------------------------------    -------------------

                         (clock sys_clk rise edge)    0.000     0.000 r  
    E3                                                0.000     0.000 r  clock (IN)
                         net (fo=0)                   0.000     0.000    clock
    E3                   IBUF (Prop_ibuf_I_O)         0.438     0.438 r  clock_IBUF_inst/O
                         net (fo=1, routed)           0.699     1.136    clock_IBUF
    BUFGCTRL_X0Y16       BUFG (Prop_bufg_I_O)         0.029     1.165 r  clock_IBUF_BUFG_inst/O
                         net (fo=27, routed)          0.840     2.005    cd/clock_IBUF_BUFG
    SLICE_X8Y65          FDRE                                         r  cd/counter_reg[23]/C
                         clock pessimism             -0.514     1.490    
    SLICE_X8Y65          FDRE (Hold_fdre_C_D)         0.134     1.624    cd/counter_reg[23]
  -------------------------------------------------------------------
                         required time                         -1.624    
                         arrival time                           1.926    
  -------------------------------------------------------------------
                         slack                                  0.301    

Slack (MET) :             0.301ns  (arrival time - required time)
  Source:                 cd/counter_reg[18]/C
                            (rising edge-triggered cell FDRE clocked by sys_clk  {rise@0.000ns fall@5.000ns period=10.000ns})
  Destination:            cd/counter_reg[19]/D
                            (rising edge-triggered cell FDRE clocked by sys_clk  {rise@0.000ns fall@5.000ns period=10.000ns})
  Path Group:             sys_clk
  Path Type:              Hold (Min at Fast Process Corner)
  Requirement:            0.000ns  (sys_clk rise@0.000ns - sys_clk rise@0.000ns)
  Data Path Delay:        0.435ns  (logic 0.310ns (71.185%)  route 0.125ns (28.815%))
  Logic Levels:           1  (CARRY4=1)
  Clock Path Skew:        0.000ns (DCD - SCD - CPR)
    Destination Clock Delay (DCD):    2.006ns
    Source Clock Delay      (SCD):    1.490ns
    Clock Pessimism Removal (CPR):    0.515ns

    Location             Delay type                Incr(ns)  Path(ns)    Netlist Resource(s)
  -------------------------------------------------------------------    -------------------
                         (clock sys_clk rise edge)    0.000     0.000 r  
    E3                                                0.000     0.000 r  clock (IN)
                         net (fo=0)                   0.000     0.000    clock
    E3                   IBUF (Prop_ibuf_I_O)         0.250     0.250 r  clock_IBUF_inst/O
                         net (fo=1, routed)           0.644     0.894    clock_IBUF
    BUFGCTRL_X0Y16       BUFG (Prop_bufg_I_O)         0.026     0.920 r  clock_IBUF_BUFG_inst/O
                         net (fo=27, routed)          0.571     1.490    cd/clock_IBUF_BUFG
    SLICE_X8Y64          FDRE                                         r  cd/counter_reg[18]/C
  -------------------------------------------------------------------    -------------------
    SLICE_X8Y64          FDRE (Prop_fdre_C_Q)         0.164     1.654 r  cd/counter_reg[18]/Q
                         net (fo=2, routed)           0.125     1.780    cd/counter_reg[18]
    SLICE_X8Y64          CARRY4 (Prop_carry4_S[2]_O[3])
                                                      0.146     1.926 r  cd/counter_reg[16]_i_1/O[3]
                         net (fo=1, routed)           0.000     1.926    cd/counter_reg[16]_i_1_n_4
    SLICE_X8Y64          FDRE                                         r  cd/counter_reg[19]/D
  -------------------------------------------------------------------    -------------------

                         (clock sys_clk rise edge)    0.000     0.000 r  
    E3                                                0.000     0.000 r  clock (IN)
                         net (fo=0)                   0.000     0.000    clock
    E3                   IBUF (Prop_ibuf_I_O)         0.438     0.438 r  clock_IBUF_inst/O
                         net (fo=1, routed)           0.699     1.136    clock_IBUF
    BUFGCTRL_X0Y16       BUFG (Prop_bufg_I_O)         0.029     1.165 r  clock_IBUF_BUFG_inst/O
                         net (fo=27, routed)          0.841     2.006    cd/clock_IBUF_BUFG
    SLICE_X8Y64          FDRE                                         r  cd/counter_reg[19]/C
                         clock pessimism             -0.515     1.490    
    SLICE_X8Y64          FDRE (Hold_fdre_C_D)         0.134     1.624    cd/counter_reg[19]
  -------------------------------------------------------------------
                         required time                         -1.624    
                         arrival time                           1.926    
  -------------------------------------------------------------------
                         slack                                  0.301    

Slack (MET) :             0.302ns  (arrival time - required time)
  Source:                 cd/clk_en_reg/C
                            (rising edge-triggered cell FDRE clocked by sys_clk  {rise@0.000ns fall@5.000ns period=10.000ns})
  Destination:            cd/clk_en_reg/D
                            (rising edge-triggered cell FDRE clocked by sys_clk  {rise@0.000ns fall@5.000ns period=10.000ns})
  Path Group:             sys_clk
  Path Type:              Hold (Min at Fast Process Corner)
  Requirement:            0.000ns  (sys_clk rise@0.000ns - sys_clk rise@0.000ns)
  Data Path Delay:        0.393ns  (logic 0.186ns (47.343%)  route 0.207ns (52.657%))
  Logic Levels:           1  (LUT3=1)
  Clock Path Skew:        0.000ns (DCD - SCD - CPR)
    Destination Clock Delay (DCD):    2.006ns
    Source Clock Delay      (SCD):    1.490ns
    Clock Pessimism Removal (CPR):    0.515ns

    Location             Delay type                Incr(ns)  Path(ns)    Netlist Resource(s)
  -------------------------------------------------------------------    -------------------
                         (clock sys_clk rise edge)    0.000     0.000 r  
    E3                                                0.000     0.000 r  clock (IN)
                         net (fo=0)                   0.000     0.000    clock
    E3                   IBUF (Prop_ibuf_I_O)         0.250     0.250 r  clock_IBUF_inst/O
                         net (fo=1, routed)           0.644     0.894    clock_IBUF
    BUFGCTRL_X0Y16       BUFG (Prop_bufg_I_O)         0.026     0.920 r  clock_IBUF_BUFG_inst/O
                         net (fo=27, routed)          0.571     1.490    cd/clock_IBUF_BUFG
    SLICE_X9Y63          FDRE                                         r  cd/clk_en_reg/C
  -------------------------------------------------------------------    -------------------
    SLICE_X9Y63          FDRE (Prop_fdre_C_Q)         0.141     1.631 r  cd/clk_en_reg/Q
                         net (fo=8, routed)           0.207     1.838    cd/clk_en
    SLICE_X9Y63          LUT3 (Prop_lut3_I0_O)        0.045     1.883 r  cd/clk_en_i_1/O
                         net (fo=1, routed)           0.000     1.883    cd/clk_en_i_1_n_0
    SLICE_X9Y63          FDRE                                         r  cd/clk_en_reg/D
  -------------------------------------------------------------------    -------------------

                         (clock sys_clk rise edge)    0.000     0.000 r  
    E3                                                0.000     0.000 r  clock (IN)
                         net (fo=0)                   0.000     0.000    clock
    E3                   IBUF (Prop_ibuf_I_O)         0.438     0.438 r  clock_IBUF_inst/O
                         net (fo=1, routed)           0.699     1.136    clock_IBUF
    BUFGCTRL_X0Y16       BUFG (Prop_bufg_I_O)         0.029     1.165 r  clock_IBUF_BUFG_inst/O
                         net (fo=27, routed)          0.841     2.006    cd/clock_IBUF_BUFG
    SLICE_X9Y63          FDRE                                         r  cd/clk_en_reg/C
                         clock pessimism             -0.515     1.490    
    SLICE_X9Y63          FDRE (Hold_fdre_C_D)         0.091     1.581    cd/clk_en_reg
  -------------------------------------------------------------------
                         required time                         -1.581    
                         arrival time                           1.883    
  -------------------------------------------------------------------
                         slack                                  0.302    

Slack (MET) :             0.303ns  (arrival time - required time)
  Source:                 cd/counter_reg[14]/C
                            (rising edge-triggered cell FDRE clocked by sys_clk  {rise@0.000ns fall@5.000ns period=10.000ns})
  Destination:            cd/counter_reg[15]/D
                            (rising edge-triggered cell FDRE clocked by sys_clk  {rise@0.000ns fall@5.000ns period=10.000ns})
  Path Group:             sys_clk
  Path Type:              Hold (Min at Fast Process Corner)
  Requirement:            0.000ns  (sys_clk rise@0.000ns - sys_clk rise@0.000ns)
  Data Path Delay:        0.437ns  (logic 0.310ns (71.017%)  route 0.127ns (28.983%))
  Logic Levels:           1  (CARRY4=1)
  Clock Path Skew:        0.000ns (DCD - SCD - CPR)
    Destination Clock Delay (DCD):    2.006ns
    Source Clock Delay      (SCD):    1.490ns
    Clock Pessimism Removal (CPR):    0.515ns

    Location             Delay type                Incr(ns)  Path(ns)    Netlist Resource(s)
  -------------------------------------------------------------------    -------------------
                         (clock sys_clk rise edge)    0.000     0.000 r  
    E3                                                0.000     0.000 r  clock (IN)
                         net (fo=0)                   0.000     0.000    clock
    E3                   IBUF (Prop_ibuf_I_O)         0.250     0.250 r  clock_IBUF_inst/O
                         net (fo=1, routed)           0.644     0.894    clock_IBUF
    BUFGCTRL_X0Y16       BUFG (Prop_bufg_I_O)         0.026     0.920 r  clock_IBUF_BUFG_inst/O
                         net (fo=27, routed)          0.571     1.490    cd/clock_IBUF_BUFG
    SLICE_X8Y63          FDRE                                         r  cd/counter_reg[14]/C
  -------------------------------------------------------------------    -------------------
    SLICE_X8Y63          FDRE (Prop_fdre_C_Q)         0.164     1.654 r  cd/counter_reg[14]/Q
                         net (fo=2, routed)           0.127     1.781    cd/counter_reg[14]
    SLICE_X8Y63          CARRY4 (Prop_carry4_S[2]_O[3])
                                                      0.146     1.927 r  cd/counter_reg[12]_i_1/O[3]
                         net (fo=1, routed)           0.000     1.927    cd/counter_reg[12]_i_1_n_4
    SLICE_X8Y63          FDRE                                         r  cd/counter_reg[15]/D
  -------------------------------------------------------------------    -------------------

                         (clock sys_clk rise edge)    0.000     0.000 r  
    E3                                                0.000     0.000 r  clock (IN)
                         net (fo=0)                   0.000     0.000    clock
    E3                   IBUF (Prop_ibuf_I_O)         0.438     0.438 r  clock_IBUF_inst/O
                         net (fo=1, routed)           0.699     1.136    clock_IBUF
    BUFGCTRL_X0Y16       BUFG (Prop_bufg_I_O)         0.029     1.165 r  clock_IBUF_BUFG_inst/O
                         net (fo=27, routed)          0.841     2.006    cd/clock_IBUF_BUFG
    SLICE_X8Y63          FDRE                                         r  cd/counter_reg[15]/C
                         clock pessimism             -0.515     1.490    
    SLICE_X8Y63          FDRE (Hold_fdre_C_D)         0.134     1.624    cd/counter_reg[15]
  -------------------------------------------------------------------
                         required time                         -1.624    
                         arrival time                           1.927    
  -------------------------------------------------------------------
                         slack                                  0.303    





Pulse Width Checks
--------------------------------------------------------------------------------------
Clock Name:         sys_clk
Waveform(ns):       { 0.000 5.000 }
Period(ns):         10.000
Sources:            { clock }

Check Type        Corner  Lib Pin  Reference Pin  Required(ns)  Actual(ns)  Slack(ns)  Location        Pin
Min Period        n/a     BUFG/I   n/a            2.155         10.000      7.845      BUFGCTRL_X0Y16  clock_IBUF_BUFG_inst/I
Min Period        n/a     FDRE/C   n/a            1.000         10.000      9.000      SLICE_X9Y63     cd/clk_en_reg/C
Min Period        n/a     FDRE/C   n/a            1.000         10.000      9.000      SLICE_X8Y60     cd/counter_reg[0]/C
Min Period        n/a     FDRE/C   n/a            1.000         10.000      9.000      SLICE_X8Y62     cd/counter_reg[10]/C
Min Period        n/a     FDRE/C   n/a            1.000         10.000      9.000      SLICE_X8Y62     cd/counter_reg[11]/C
Min Period        n/a     FDRE/C   n/a            1.000         10.000      9.000      SLICE_X8Y63     cd/counter_reg[12]/C
Min Period        n/a     FDRE/C   n/a            1.000         10.000      9.000      SLICE_X8Y63     cd/counter_reg[13]/C
Min Period        n/a     FDRE/C   n/a            1.000         10.000      9.000      SLICE_X8Y63     cd/counter_reg[14]/C
Min Period        n/a     FDRE/C   n/a            1.000         10.000      9.000      SLICE_X8Y63     cd/counter_reg[15]/C
Min Period        n/a     FDRE/C   n/a            1.000         10.000      9.000      SLICE_X8Y64     cd/counter_reg[16]/C
Low Pulse Width   Slow    FDRE/C   n/a            0.500         5.000       4.500      SLICE_X9Y63     cd/clk_en_reg/C
Low Pulse Width   Fast    FDRE/C   n/a            0.500         5.000       4.500      SLICE_X9Y63     cd/clk_en_reg/C
Low Pulse Width   Slow    FDRE/C   n/a            0.500         5.000       4.500      SLICE_X8Y60     cd/counter_reg[0]/C
Low Pulse Width   Fast    FDRE/C   n/a            0.500         5.000       4.500      SLICE_X8Y60     cd/counter_reg[0]/C
Low Pulse Width   Slow    FDRE/C   n/a            0.500         5.000       4.500      SLICE_X8Y62     cd/counter_reg[10]/C
Low Pulse Width   Fast    FDRE/C   n/a            0.500         5.000       4.500      SLICE_X8Y62     cd/counter_reg[10]/C
Low Pulse Width   Slow    FDRE/C   n/a            0.500         5.000       4.500      SLICE_X8Y62     cd/counter_reg[11]/C
Low Pulse Width   Fast    FDRE/C   n/a            0.500         5.000       4.500      SLICE_X8Y62     cd/counter_reg[11]/C
Low Pulse Width   Slow    FDRE/C   n/a            0.500         5.000       4.500      SLICE_X8Y63     cd/counter_reg[12]/C
Low Pulse Width   Fast    FDRE/C   n/a            0.500         5.000       4.500      SLICE_X8Y63     cd/counter_reg[12]/C
High Pulse Width  Slow    FDRE/C   n/a            0.500         5.000       4.500      SLICE_X9Y63     cd/clk_en_reg/C
High Pulse Width  Fast    FDRE/C   n/a            0.500         5.000       4.500      SLICE_X9Y63     cd/clk_en_reg/C
High Pulse Width  Slow    FDRE/C   n/a            0.500         5.000       4.500      SLICE_X8Y60     cd/counter_reg[0]/C
High Pulse Width  Fast    FDRE/C   n/a            0.500         5.000       4.500      SLICE_X8Y60     cd/counter_reg[0]/C
High Pulse Width  Slow    FDRE/C   n/a            0.500         5.000       4.500      SLICE_X8Y62     cd/counter_reg[10]/C
High Pulse Width  Fast    FDRE/C   n/a            0.500         5.000       4.500      SLICE_X8Y62     cd/counter_reg[10]/C
High Pulse Width  Slow    FDRE/C   n/a            0.500         5.000       4.500      SLICE_X8Y62     cd/counter_reg[11]/C
High Pulse Width  Fast    FDRE/C   n/a            0.500         5.000       4.500      SLICE_X8Y62     cd/counter_reg[11]/C
High Pulse Width  Slow    FDRE/C   n/a            0.500         5.000       4.500      SLICE_X8Y63     cd/counter_reg[12]/C
High Pulse Width  Fast    FDRE/C   n/a            0.500         5.000       4.500      SLICE_X8Y63     cd/counter_reg[12]/C



--------------------------------------------------------------------------------------
Path Group:  (none)
From Clock:  
  To Clock:  

Max Delay            36 Endpoints
Min Delay            36 Endpoints
--------------------------------------------------------------------------------------


Max Delay Paths
--------------------------------------------------------------------------------------
Slack:                    inf
  Source:                 imem_inst/instr_reg/CLKARDCLK
                            (rising edge-triggered cell RAMB18E1)
  Destination:            led[2]
                            (output port)
  Path Group:             (none)
  Path Type:              Max at Slow Process Corner
  Data Path Delay:        9.804ns  (logic 6.007ns (61.268%)  route 3.797ns (38.732%))
  Logic Levels:           2  (OBUF=1 RAMB18E1=1)

    Location             Delay type                Incr(ns)  Path(ns)    Netlist Resource(s)
  -------------------------------------------------------------------    -------------------
    RAMB18_X0Y26         RAMB18E1                     0.000     0.000 r  imem_inst/instr_reg/CLKARDCLK
    RAMB18_X0Y26         RAMB18E1 (Prop_ramb18e1_CLKARDCLK_DOADO[2])
                                                      2.454     2.454 r  imem_inst/instr_reg/DOADO[2]
                         net (fo=1, routed)           3.797     6.251    led_OBUF[2]
    J13                  OBUF (Prop_obuf_I_O)         3.553     9.804 r  led_OBUF[2]_inst/O
                         net (fo=0)                   0.000     9.804    led[2]
    J13                                                               r  led[2] (OUT)
  -------------------------------------------------------------------    -------------------

Slack:                    inf
  Source:                 imem_inst/instr_reg/CLKARDCLK
                            (rising edge-triggered cell RAMB18E1)
  Destination:            led[0]
                            (output port)
  Path Group:             (none)
  Path Type:              Max at Slow Process Corner
  Data Path Delay:        9.266ns  (logic 5.974ns (64.480%)  route 3.291ns (35.520%))
  Logic Levels:           2  (OBUF=1 RAMB18E1=1)

    Location             Delay type                Incr(ns)  Path(ns)    Netlist Resource(s)
  -------------------------------------------------------------------    -------------------
    RAMB18_X0Y26         RAMB18E1                     0.000     0.000 r  imem_inst/instr_reg/CLKARDCLK
    RAMB18_X0Y26         RAMB18E1 (Prop_ramb18e1_CLKARDCLK_DOADO[0])
                                                      2.454     2.454 r  imem_inst/instr_reg/DOADO[0]
                         net (fo=1, routed)           3.291     5.745    led_OBUF[0]
    H17                  OBUF (Prop_obuf_I_O)         3.520     9.266 r  led_OBUF[0]_inst/O
                         net (fo=0)                   0.000     9.266    led[0]
    H17                                                               r  led[0] (OUT)
  -------------------------------------------------------------------    -------------------

Slack:                    inf
  Source:                 imem_inst/instr_reg/CLKARDCLK
                            (rising edge-triggered cell RAMB18E1)
  Destination:            led[1]
                            (output port)
  Path Group:             (none)
  Path Type:              Max at Slow Process Corner
  Data Path Delay:        9.226ns  (logic 5.989ns (64.920%)  route 3.236ns (35.080%))
  Logic Levels:           2  (OBUF=1 RAMB18E1=1)

    Location             Delay type                Incr(ns)  Path(ns)    Netlist Resource(s)
  -------------------------------------------------------------------    -------------------
    RAMB18_X0Y26         RAMB18E1                     0.000     0.000 r  imem_inst/instr_reg/CLKARDCLK
    RAMB18_X0Y26         RAMB18E1 (Prop_ramb18e1_CLKARDCLK_DOADO[1])
                                                      2.454     2.454 r  imem_inst/instr_reg/DOADO[1]
                         net (fo=1, routed)           3.236     5.690    led_OBUF[1]
    K15                  OBUF (Prop_obuf_I_O)         3.535     9.226 r  led_OBUF[1]_inst/O
                         net (fo=0)                   0.000     9.226    led[1]
    K15                                                               r  led[1] (OUT)
  -------------------------------------------------------------------    -------------------

Slack:                    inf
  Source:                 imem_inst/instr_reg/CLKARDCLK
                            (rising edge-triggered cell RAMB18E1)
  Destination:            led[3]
                            (output port)
  Path Group:             (none)
  Path Type:              Max at Slow Process Corner
  Data Path Delay:        8.793ns  (logic 6.005ns (68.291%)  route 2.788ns (31.709%))
  Logic Levels:           2  (OBUF=1 RAMB18E1=1)

    Location             Delay type                Incr(ns)  Path(ns)    Netlist Resource(s)
  -------------------------------------------------------------------    -------------------
    RAMB18_X0Y26         RAMB18E1                     0.000     0.000 r  imem_inst/instr_reg/CLKARDCLK
    RAMB18_X0Y26         RAMB18E1 (Prop_ramb18e1_CLKARDCLK_DOADO[3])
                                                      2.454     2.454 r  imem_inst/instr_reg/DOADO[3]
                         net (fo=1, routed)           2.788     5.242    led_OBUF[3]
    N14                  OBUF (Prop_obuf_I_O)         3.551     8.793 r  led_OBUF[3]_inst/O
                         net (fo=0)                   0.000     8.793    led[3]
    N14                                                               r  led[3] (OUT)
  -------------------------------------------------------------------    -------------------

Slack:                    inf
  Source:                 imem_inst/instr_reg/CLKARDCLK
                            (rising edge-triggered cell RAMB18E1)
  Destination:            led[4]
                            (output port)
  Path Group:             (none)
  Path Type:              Max at Slow Process Corner
  Data Path Delay:        8.649ns  (logic 6.006ns (69.435%)  route 2.644ns (30.565%))
  Logic Levels:           2  (OBUF=1 RAMB18E1=1)

    Location             Delay type                Incr(ns)  Path(ns)    Netlist Resource(s)
  -------------------------------------------------------------------    -------------------
    RAMB18_X0Y26         RAMB18E1                     0.000     0.000 r  imem_inst/instr_reg/CLKARDCLK
    RAMB18_X0Y26         RAMB18E1 (Prop_ramb18e1_CLKARDCLK_DOADO[4])
                                                      2.454     2.454 r  imem_inst/instr_reg/DOADO[4]
                         net (fo=1, routed)           2.644     5.098    led_OBUF[4]
    R18                  OBUF (Prop_obuf_I_O)         3.552     8.649 r  led_OBUF[4]_inst/O
                         net (fo=0)                   0.000     8.649    led[4]
    R18                                                               r  led[4] (OUT)
  -------------------------------------------------------------------    -------------------

Slack:                    inf
  Source:                 imem_inst/instr_reg/CLKARDCLK
                            (rising edge-triggered cell RAMB18E1)
  Destination:            led[15]
                            (output port)
  Path Group:             (none)
  Path Type:              Max at Slow Process Corner
  Data Path Delay:        8.415ns  (logic 6.023ns (71.575%)  route 2.392ns (28.425%))
  Logic Levels:           2  (OBUF=1 RAMB18E1=1)

    Location             Delay type                Incr(ns)  Path(ns)    Netlist Resource(s)
  -------------------------------------------------------------------    -------------------
    RAMB18_X0Y26         RAMB18E1                     0.000     0.000 r  imem_inst/instr_reg/CLKARDCLK
    RAMB18_X0Y26         RAMB18E1 (Prop_ramb18e1_CLKARDCLK_DOADO[15])
                                                      2.454     2.454 r  imem_inst/instr_reg/DOADO[15]
                         net (fo=1, routed)           2.392     4.846    led_OBUF[15]
    V11                  OBUF (Prop_obuf_I_O)         3.569     8.415 r  led_OBUF[15]_inst/O
                         net (fo=0)                   0.000     8.415    led[15]
    V11                                                               r  led[15] (OUT)
  -------------------------------------------------------------------    -------------------

Slack:                    inf
  Source:                 imem_inst/instr_reg/CLKARDCLK
                            (rising edge-triggered cell RAMB18E1)
  Destination:            led[13]
                            (output port)
  Path Group:             (none)
  Path Type:              Max at Slow Process Corner
  Data Path Delay:        8.397ns  (logic 6.008ns (71.549%)  route 2.389ns (28.451%))
  Logic Levels:           2  (OBUF=1 RAMB18E1=1)

    Location             Delay type                Incr(ns)  Path(ns)    Netlist Resource(s)
  -------------------------------------------------------------------    -------------------
    RAMB18_X0Y26         RAMB18E1                     0.000     0.000 r  imem_inst/instr_reg/CLKARDCLK
    RAMB18_X0Y26         RAMB18E1 (Prop_ramb18e1_CLKARDCLK_DOADO[13])
                                                      2.454     2.454 r  imem_inst/instr_reg/DOADO[13]
                         net (fo=1, routed)           2.389     4.843    led_OBUF[13]
    V14                  OBUF (Prop_obuf_I_O)         3.554     8.397 r  led_OBUF[13]_inst/O
                         net (fo=0)                   0.000     8.397    led[13]
    V14                                                               r  led[13] (OUT)
  -------------------------------------------------------------------    -------------------

Slack:                    inf
  Source:                 imem_inst/instr_reg/CLKARDCLK
                            (rising edge-triggered cell RAMB18E1)
  Destination:            led[14]
                            (output port)
  Path Group:             (none)
  Path Type:              Max at Slow Process Corner
  Data Path Delay:        8.396ns  (logic 6.024ns (71.751%)  route 2.372ns (28.249%))
  Logic Levels:           2  (OBUF=1 RAMB18E1=1)

    Location             Delay type                Incr(ns)  Path(ns)    Netlist Resource(s)
  -------------------------------------------------------------------    -------------------
    RAMB18_X0Y26         RAMB18E1                     0.000     0.000 r  imem_inst/instr_reg/CLKARDCLK
    RAMB18_X0Y26         RAMB18E1 (Prop_ramb18e1_CLKARDCLK_DOADO[14])
                                                      2.454     2.454 r  imem_inst/instr_reg/DOADO[14]
                         net (fo=1, routed)           2.372     4.826    led_OBUF[14]
    V12                  OBUF (Prop_obuf_I_O)         3.570     8.396 r  led_OBUF[14]_inst/O
                         net (fo=0)                   0.000     8.396    led[14]
    V12                                                               r  led[14] (OUT)
  -------------------------------------------------------------------    -------------------

Slack:                    inf
  Source:                 imem_inst/instr_reg/CLKARDCLK
                            (rising edge-triggered cell RAMB18E1)
  Destination:            led[10]
                            (output port)
  Path Group:             (none)
  Path Type:              Max at Slow Process Corner
  Data Path Delay:        8.379ns  (logic 6.006ns (71.685%)  route 2.373ns (28.315%))
  Logic Levels:           2  (OBUF=1 RAMB18E1=1)

    Location             Delay type                Incr(ns)  Path(ns)    Netlist Resource(s)
  -------------------------------------------------------------------    -------------------
    RAMB18_X0Y26         RAMB18E1                     0.000     0.000 r  imem_inst/instr_reg/CLKARDCLK
    RAMB18_X0Y26         RAMB18E1 (Prop_ramb18e1_CLKARDCLK_DOADO[10])
                                                      2.454     2.454 r  imem_inst/instr_reg/DOADO[10]
                         net (fo=1, routed)           2.373     4.827    led_OBUF[10]
    U14                  OBUF (Prop_obuf_I_O)         3.552     8.379 r  led_OBUF[10]_inst/O
                         net (fo=0)                   0.000     8.379    led[10]
    U14                                                               r  led[10] (OUT)
  -------------------------------------------------------------------    -------------------

Slack:                    inf
  Source:                 imem_inst/instr_reg/CLKARDCLK
                            (rising edge-triggered cell RAMB18E1)
  Destination:            led[5]
                            (output port)
  Path Group:             (none)
  Path Type:              Max at Slow Process Corner
  Data Path Delay:        8.340ns  (logic 6.006ns (72.016%)  route 2.334ns (27.984%))
  Logic Levels:           2  (OBUF=1 RAMB18E1=1)

    Location             Delay type                Incr(ns)  Path(ns)    Netlist Resource(s)
  -------------------------------------------------------------------    -------------------
    RAMB18_X0Y26         RAMB18E1                     0.000     0.000 r  imem_inst/instr_reg/CLKARDCLK
    RAMB18_X0Y26         RAMB18E1 (Prop_ramb18e1_CLKARDCLK_DOADO[5])
                                                      2.454     2.454 r  imem_inst/instr_reg/DOADO[5]
                         net (fo=1, routed)           2.334     4.788    led_OBUF[5]
    V17                  OBUF (Prop_obuf_I_O)         3.552     8.340 r  led_OBUF[5]_inst/O
                         net (fo=0)                   0.000     8.340    led[5]
    V17                                                               r  led[5] (OUT)
  -------------------------------------------------------------------    -------------------





Min Delay Paths
--------------------------------------------------------------------------------------
Slack:                    inf
  Source:                 pc_reg[5]/C
                            (rising edge-triggered cell FDCE)
  Destination:            pc_reg[5]/D
  Path Group:             (none)
  Path Type:              Min at Fast Process Corner
  Data Path Delay:        0.372ns  (logic 0.249ns (67.019%)  route 0.123ns (32.981%))
  Logic Levels:           2  (CARRY4=1 FDCE=1)

    Location             Delay type                Incr(ns)  Path(ns)    Netlist Resource(s)
  -------------------------------------------------------------------    -------------------
    SLICE_X9Y61          FDCE                         0.000     0.000 r  pc_reg[5]/C
    SLICE_X9Y61          FDCE (Prop_fdce_C_Q)         0.141     0.141 r  pc_reg[5]/Q
                         net (fo=3, routed)           0.123     0.264    pc_reg[5]
    SLICE_X9Y61          CARRY4 (Prop_carry4_S[3]_O[3])
                                                      0.108     0.372 r  pc_reg[2]_i_1/O[3]
                         net (fo=1, routed)           0.000     0.372    pc_reg[2]_i_1_n_4
    SLICE_X9Y61          FDCE                                         r  pc_reg[5]/D
  -------------------------------------------------------------------    -------------------

Slack:                    inf
  Source:                 pc_reg[6]/C
                            (rising edge-triggered cell FDCE)
  Destination:            pc_reg[6]/D
  Path Group:             (none)
  Path Type:              Min at Fast Process Corner
  Data Path Delay:        0.376ns  (logic 0.256ns (68.169%)  route 0.120ns (31.831%))
  Logic Levels:           2  (CARRY4=1 FDCE=1)

    Location             Delay type                Incr(ns)  Path(ns)    Netlist Resource(s)
  -------------------------------------------------------------------    -------------------
    SLICE_X9Y62          FDCE                         0.000     0.000 r  pc_reg[6]/C
    SLICE_X9Y62          FDCE (Prop_fdce_C_Q)         0.141     0.141 r  pc_reg[6]/Q
                         net (fo=3, routed)           0.120     0.261    pc_reg[6]
    SLICE_X9Y62          CARRY4 (Prop_carry4_S[0]_O[0])
                                                      0.115     0.376 r  pc_reg[6]_i_1/O[0]
                         net (fo=1, routed)           0.000     0.376    pc_reg[6]_i_1_n_7
    SLICE_X9Y62          FDCE                                         r  pc_reg[6]/D
  -------------------------------------------------------------------    -------------------

Slack:                    inf
  Source:                 pc_reg[4]/C
                            (rising edge-triggered cell FDCE)
  Destination:            pc_reg[4]/D
  Path Group:             (none)
  Path Type:              Min at Fast Process Corner
  Data Path Delay:        0.376ns  (logic 0.252ns (67.067%)  route 0.124ns (32.933%))
  Logic Levels:           2  (CARRY4=1 FDCE=1)

    Location             Delay type                Incr(ns)  Path(ns)    Netlist Resource(s)
  -------------------------------------------------------------------    -------------------
    SLICE_X9Y61          FDCE                         0.000     0.000 r  pc_reg[4]/C
    SLICE_X9Y61          FDCE (Prop_fdce_C_Q)         0.141     0.141 r  pc_reg[4]/Q
                         net (fo=3, routed)           0.124     0.265    pc_reg[4]
    SLICE_X9Y61          CARRY4 (Prop_carry4_S[2]_O[2])
                                                      0.111     0.376 r  pc_reg[2]_i_1/O[2]
                         net (fo=1, routed)           0.000     0.376    pc_reg[2]_i_1_n_5
    SLICE_X9Y61          FDCE                                         r  pc_reg[4]/D
  -------------------------------------------------------------------    -------------------

Slack:                    inf
  Source:                 pc_reg[6]/C
                            (rising edge-triggered cell FDCE)
  Destination:            imem_inst/instr_reg/ADDRARDADDR[8]
  Path Group:             (none)
  Path Type:              Min at Fast Process Corner
  Data Path Delay:        0.395ns  (logic 0.141ns (35.702%)  route 0.254ns (64.298%))
  Logic Levels:           1  (FDCE=1)

    Location             Delay type                Incr(ns)  Path(ns)    Netlist Resource(s)
  -------------------------------------------------------------------    -------------------
    SLICE_X9Y62          FDCE                         0.000     0.000 r  pc_reg[6]/C
    SLICE_X9Y62          FDCE (Prop_fdce_C_Q)         0.141     0.141 r  pc_reg[6]/Q
                         net (fo=3, routed)           0.254     0.395    imem_inst/ADDRARDADDR[4]
    RAMB18_X0Y26         RAMB18E1                                     r  imem_inst/instr_reg/ADDRARDADDR[8]
  -------------------------------------------------------------------    -------------------

Slack:                    inf
  Source:                 pc_reg[3]/C
                            (rising edge-triggered cell FDCE)
  Destination:            pc_reg[3]/D
  Path Group:             (none)
  Path Type:              Min at Fast Process Corner
  Data Path Delay:        0.425ns  (logic 0.251ns (59.001%)  route 0.174ns (40.999%))
  Logic Levels:           2  (CARRY4=1 FDCE=1)

    Location             Delay type                Incr(ns)  Path(ns)    Netlist Resource(s)
  -------------------------------------------------------------------    -------------------
    SLICE_X9Y61          FDCE                         0.000     0.000 r  pc_reg[3]/C
    SLICE_X9Y61          FDCE (Prop_fdce_C_Q)         0.141     0.141 r  pc_reg[3]/Q
                         net (fo=3, routed)           0.174     0.315    pc_reg[3]
    SLICE_X9Y61          CARRY4 (Prop_carry4_S[1]_O[1])
                                                      0.110     0.425 r  pc_reg[2]_i_1/O[1]
                         net (fo=1, routed)           0.000     0.425    pc_reg[2]_i_1_n_6
    SLICE_X9Y61          FDCE                                         r  pc_reg[3]/D
  -------------------------------------------------------------------    -------------------

Slack:                    inf
  Source:                 pc_reg[2]/C
                            (rising edge-triggered cell FDCE)
  Destination:            pc_reg[2]/D
  Path Group:             (none)
  Path Type:              Min at Fast Process Corner
  Data Path Delay:        0.426ns  (logic 0.256ns (60.028%)  route 0.170ns (39.972%))
  Logic Levels:           3  (CARRY4=1 FDCE=1 LUT1=1)

    Location             Delay type                Incr(ns)  Path(ns)    Netlist Resource(s)
  -------------------------------------------------------------------    -------------------
    SLICE_X9Y61          FDCE                         0.000     0.000 r  pc_reg[2]/C
    SLICE_X9Y61          FDCE (Prop_fdce_C_Q)         0.141     0.141 f  pc_reg[2]/Q
                         net (fo=3, routed)           0.170     0.311    pc_reg[2]
    SLICE_X9Y61          LUT1 (Prop_lut1_I0_O)        0.045     0.356 r  pc[2]_i_2/O
                         net (fo=1, routed)           0.000     0.356    pc[2]_i_2_n_0
    SLICE_X9Y61          CARRY4 (Prop_carry4_S[0]_O[0])
                                                      0.070     0.426 r  pc_reg[2]_i_1/O[0]
                         net (fo=1, routed)           0.000     0.426    pc_reg[2]_i_1_n_7
    SLICE_X9Y61          FDCE                                         r  pc_reg[2]/D
  -------------------------------------------------------------------    -------------------

Slack:                    inf
  Source:                 pc_reg[5]/C
                            (rising edge-triggered cell FDCE)
  Destination:            imem_inst/instr_reg/ADDRBWRADDR[7]
  Path Group:             (none)
  Path Type:              Min at Fast Process Corner
  Data Path Delay:        0.451ns  (logic 0.141ns (31.246%)  route 0.310ns (68.754%))
  Logic Levels:           1  (FDCE=1)

    Location             Delay type                Incr(ns)  Path(ns)    Netlist Resource(s)
  -------------------------------------------------------------------    -------------------
    SLICE_X9Y61          FDCE                         0.000     0.000 r  pc_reg[5]/C
    SLICE_X9Y61          FDCE (Prop_fdce_C_Q)         0.141     0.141 r  pc_reg[5]/Q
                         net (fo=3, routed)           0.310     0.451    imem_inst/ADDRARDADDR[3]
    RAMB18_X0Y26         RAMB18E1                                     r  imem_inst/instr_reg/ADDRBWRADDR[7]
  -------------------------------------------------------------------    -------------------

Slack:                    inf
  Source:                 pc_reg[6]/C
                            (rising edge-triggered cell FDCE)
  Destination:            imem_inst/instr_reg/ADDRBWRADDR[8]
  Path Group:             (none)
  Path Type:              Min at Fast Process Corner
  Data Path Delay:        0.454ns  (logic 0.141ns (31.067%)  route 0.313ns (68.933%))
  Logic Levels:           1  (FDCE=1)

    Location             Delay type                Incr(ns)  Path(ns)    Netlist Resource(s)
  -------------------------------------------------------------------    -------------------
    SLICE_X9Y62          FDCE                         0.000     0.000 r  pc_reg[6]/C
    SLICE_X9Y62          FDCE (Prop_fdce_C_Q)         0.141     0.141 r  pc_reg[6]/Q
                         net (fo=3, routed)           0.313     0.454    imem_inst/ADDRARDADDR[4]
    RAMB18_X0Y26         RAMB18E1                                     r  imem_inst/instr_reg/ADDRBWRADDR[8]
  -------------------------------------------------------------------    -------------------

Slack:                    inf
  Source:                 pc_reg[4]/C
                            (rising edge-triggered cell FDCE)
  Destination:            imem_inst/instr_reg/ADDRARDADDR[6]
  Path Group:             (none)
  Path Type:              Min at Fast Process Corner
  Data Path Delay:        0.457ns  (logic 0.141ns (30.832%)  route 0.316ns (69.168%))
  Logic Levels:           1  (FDCE=1)

    Location             Delay type                Incr(ns)  Path(ns)    Netlist Resource(s)
  -------------------------------------------------------------------    -------------------
    SLICE_X9Y61          FDCE                         0.000     0.000 r  pc_reg[4]/C
    SLICE_X9Y61          FDCE (Prop_fdce_C_Q)         0.141     0.141 r  pc_reg[4]/Q
                         net (fo=3, routed)           0.316     0.457    imem_inst/ADDRARDADDR[2]
    RAMB18_X0Y26         RAMB18E1                                     r  imem_inst/instr_reg/ADDRARDADDR[6]
  -------------------------------------------------------------------    -------------------

Slack:                    inf
  Source:                 pc_reg[4]/C
                            (rising edge-triggered cell FDCE)
  Destination:            imem_inst/instr_reg/ADDRBWRADDR[6]
  Path Group:             (none)
  Path Type:              Min at Fast Process Corner
  Data Path Delay:        0.457ns  (logic 0.141ns (30.832%)  route 0.316ns (69.168%))
  Logic Levels:           1  (FDCE=1)

    Location             Delay type                Incr(ns)  Path(ns)    Netlist Resource(s)
  -------------------------------------------------------------------    -------------------
    SLICE_X9Y61          FDCE                         0.000     0.000 r  pc_reg[4]/C
    SLICE_X9Y61          FDCE (Prop_fdce_C_Q)         0.141     0.141 r  pc_reg[4]/Q
                         net (fo=3, routed)           0.316     0.457    imem_inst/ADDRARDADDR[2]
    RAMB18_X0Y26         RAMB18E1                                     r  imem_inst/instr_reg/ADDRBWRADDR[6]
  -------------------------------------------------------------------    -------------------





--------------------------------------------------------------------------------------
Path Group:  (none)
From Clock:  
  To Clock:  sys_clk

Max Delay            27 Endpoints
Min Delay            27 Endpoints
--------------------------------------------------------------------------------------


Max Delay Paths
--------------------------------------------------------------------------------------
Slack:                    inf
  Source:                 reset
                            (input port)
  Destination:            cd/counter_reg[0]/R
                            (rising edge-triggered cell FDRE clocked by sys_clk  {rise@0.000ns fall@5.000ns period=10.000ns})
  Path Group:             (none)
  Path Type:              Setup (Max at Slow Process Corner)
  Data Path Delay:        5.669ns  (logic 1.602ns (28.252%)  route 4.067ns (71.748%))
  Logic Levels:           2  (IBUF=1 LUT2=1)
  Clock Path Skew:        4.945ns (DCD - SCD + CPR)
    Destination Clock Delay (DCD):    4.945ns
    Source Clock Delay      (SCD):    0.000ns
    Clock Pessimism Removal (CPR):    0.000ns
  Clock Uncertainty:      0.025ns  ((TSJ^2 + TIJ^2)^1/2 + DJ) / 2 + PE
    Total System Jitter     (TSJ):    0.050ns
    Total Input Jitter      (TIJ):    0.000ns
    Discrete Jitter          (DJ):    0.000ns
    Phase Error              (PE):    0.000ns

    Location             Delay type                Incr(ns)  Path(ns)    Netlist Resource(s)
  -------------------------------------------------------------------    -------------------
    J15                                               0.000     0.000 r  reset (IN)
                         net (fo=0)                   0.000     0.000    reset
    J15                  IBUF (Prop_ibuf_I_O)         1.478     1.478 r  reset_IBUF_inst/O
                         net (fo=7, routed)           3.119     4.596    cd/reset_IBUF
    SLICE_X9Y63          LUT2 (Prop_lut2_I1_O)        0.124     4.720 r  cd/counter[0]_i_1/O
                         net (fo=26, routed)          0.949     5.669    cd/counter[0]_i_1_n_0
    SLICE_X8Y60          FDRE                                         r  cd/counter_reg[0]/R
  -------------------------------------------------------------------    -------------------

                         (clock sys_clk rise edge)    0.000     0.000 r  
    E3                                                0.000     0.000 r  clock (IN)
                         net (fo=0)                   0.000     0.000    clock
    E3                   IBUF (Prop_ibuf_I_O)         1.411     1.411 r  clock_IBUF_inst/O
                         net (fo=1, routed)           1.920     3.331    clock_IBUF
    BUFGCTRL_X0Y16       BUFG (Prop_bufg_I_O)         0.091     3.422 r  clock_IBUF_BUFG_inst/O
                         net (fo=27, routed)          1.522     4.945    cd/clock_IBUF_BUFG
    SLICE_X8Y60          FDRE                                         r  cd/counter_reg[0]/C

Slack:                    inf
  Source:                 reset
                            (input port)
  Destination:            cd/counter_reg[1]/R
                            (rising edge-triggered cell FDRE clocked by sys_clk  {rise@0.000ns fall@5.000ns period=10.000ns})
  Path Group:             (none)
  Path Type:              Setup (Max at Slow Process Corner)
  Data Path Delay:        5.669ns  (logic 1.602ns (28.252%)  route 4.067ns (71.748%))
  Logic Levels:           2  (IBUF=1 LUT2=1)
  Clock Path Skew:        4.945ns (DCD - SCD + CPR)
    Destination Clock Delay (DCD):    4.945ns
    Source Clock Delay      (SCD):    0.000ns
    Clock Pessimism Removal (CPR):    0.000ns
  Clock Uncertainty:      0.025ns  ((TSJ^2 + TIJ^2)^1/2 + DJ) / 2 + PE
    Total System Jitter     (TSJ):    0.050ns
    Total Input Jitter      (TIJ):    0.000ns
    Discrete Jitter          (DJ):    0.000ns
    Phase Error              (PE):    0.000ns

    Location             Delay type                Incr(ns)  Path(ns)    Netlist Resource(s)
  -------------------------------------------------------------------    -------------------
    J15                                               0.000     0.000 r  reset (IN)
                         net (fo=0)                   0.000     0.000    reset
    J15                  IBUF (Prop_ibuf_I_O)         1.478     1.478 r  reset_IBUF_inst/O
                         net (fo=7, routed)           3.119     4.596    cd/reset_IBUF
    SLICE_X9Y63          LUT2 (Prop_lut2_I1_O)        0.124     4.720 r  cd/counter[0]_i_1/O
                         net (fo=26, routed)          0.949     5.669    cd/counter[0]_i_1_n_0
    SLICE_X8Y60          FDRE                                         r  cd/counter_reg[1]/R
  -------------------------------------------------------------------    -------------------

                         (clock sys_clk rise edge)    0.000     0.000 r  
    E3                                                0.000     0.000 r  clock (IN)
                         net (fo=0)                   0.000     0.000    clock
    E3                   IBUF (Prop_ibuf_I_O)         1.411     1.411 r  clock_IBUF_inst/O
                         net (fo=1, routed)           1.920     3.331    clock_IBUF
    BUFGCTRL_X0Y16       BUFG (Prop_bufg_I_O)         0.091     3.422 r  clock_IBUF_BUFG_inst/O
                         net (fo=27, routed)          1.522     4.945    cd/clock_IBUF_BUFG
    SLICE_X8Y60          FDRE                                         r  cd/counter_reg[1]/C

Slack:                    inf
  Source:                 reset
                            (input port)
  Destination:            cd/counter_reg[2]/R
                            (rising edge-triggered cell FDRE clocked by sys_clk  {rise@0.000ns fall@5.000ns period=10.000ns})
  Path Group:             (none)
  Path Type:              Setup (Max at Slow Process Corner)
  Data Path Delay:        5.669ns  (logic 1.602ns (28.252%)  route 4.067ns (71.748%))
  Logic Levels:           2  (IBUF=1 LUT2=1)
  Clock Path Skew:        4.945ns (DCD - SCD + CPR)
    Destination Clock Delay (DCD):    4.945ns
    Source Clock Delay      (SCD):    0.000ns
    Clock Pessimism Removal (CPR):    0.000ns
  Clock Uncertainty:      0.025ns  ((TSJ^2 + TIJ^2)^1/2 + DJ) / 2 + PE
    Total System Jitter     (TSJ):    0.050ns
    Total Input Jitter      (TIJ):    0.000ns
    Discrete Jitter          (DJ):    0.000ns
    Phase Error              (PE):    0.000ns

    Location             Delay type                Incr(ns)  Path(ns)    Netlist Resource(s)
  -------------------------------------------------------------------    -------------------
    J15                                               0.000     0.000 r  reset (IN)
                         net (fo=0)                   0.000     0.000    reset
    J15                  IBUF (Prop_ibuf_I_O)         1.478     1.478 r  reset_IBUF_inst/O
                         net (fo=7, routed)           3.119     4.596    cd/reset_IBUF
    SLICE_X9Y63          LUT2 (Prop_lut2_I1_O)        0.124     4.720 r  cd/counter[0]_i_1/O
                         net (fo=26, routed)          0.949     5.669    cd/counter[0]_i_1_n_0
    SLICE_X8Y60          FDRE                                         r  cd/counter_reg[2]/R
  -------------------------------------------------------------------    -------------------

                         (clock sys_clk rise edge)    0.000     0.000 r  
    E3                                                0.000     0.000 r  clock (IN)
                         net (fo=0)                   0.000     0.000    clock
    E3                   IBUF (Prop_ibuf_I_O)         1.411     1.411 r  clock_IBUF_inst/O
                         net (fo=1, routed)           1.920     3.331    clock_IBUF
    BUFGCTRL_X0Y16       BUFG (Prop_bufg_I_O)         0.091     3.422 r  clock_IBUF_BUFG_inst/O
                         net (fo=27, routed)          1.522     4.945    cd/clock_IBUF_BUFG
    SLICE_X8Y60          FDRE                                         r  cd/counter_reg[2]/C

Slack:                    inf
  Source:                 reset
                            (input port)
  Destination:            cd/counter_reg[3]/R
                            (rising edge-triggered cell FDRE clocked by sys_clk  {rise@0.000ns fall@5.000ns period=10.000ns})
  Path Group:             (none)
  Path Type:              Setup (Max at Slow Process Corner)
  Data Path Delay:        5.669ns  (logic 1.602ns (28.252%)  route 4.067ns (71.748%))
  Logic Levels:           2  (IBUF=1 LUT2=1)
  Clock Path Skew:        4.945ns (DCD - SCD + CPR)
    Destination Clock Delay (DCD):    4.945ns
    Source Clock Delay      (SCD):    0.000ns
    Clock Pessimism Removal (CPR):    0.000ns
  Clock Uncertainty:      0.025ns  ((TSJ^2 + TIJ^2)^1/2 + DJ) / 2 + PE
    Total System Jitter     (TSJ):    0.050ns
    Total Input Jitter      (TIJ):    0.000ns
    Discrete Jitter          (DJ):    0.000ns
    Phase Error              (PE):    0.000ns

    Location             Delay type                Incr(ns)  Path(ns)    Netlist Resource(s)
  -------------------------------------------------------------------    -------------------
    J15                                               0.000     0.000 r  reset (IN)
                         net (fo=0)                   0.000     0.000    reset
    J15                  IBUF (Prop_ibuf_I_O)         1.478     1.478 r  reset_IBUF_inst/O
                         net (fo=7, routed)           3.119     4.596    cd/reset_IBUF
    SLICE_X9Y63          LUT2 (Prop_lut2_I1_O)        0.124     4.720 r  cd/counter[0]_i_1/O
                         net (fo=26, routed)          0.949     5.669    cd/counter[0]_i_1_n_0
    SLICE_X8Y60          FDRE                                         r  cd/counter_reg[3]/R
  -------------------------------------------------------------------    -------------------

                         (clock sys_clk rise edge)    0.000     0.000 r  
    E3                                                0.000     0.000 r  clock (IN)
                         net (fo=0)                   0.000     0.000    clock
    E3                   IBUF (Prop_ibuf_I_O)         1.411     1.411 r  clock_IBUF_inst/O
                         net (fo=1, routed)           1.920     3.331    clock_IBUF
    BUFGCTRL_X0Y16       BUFG (Prop_bufg_I_O)         0.091     3.422 r  clock_IBUF_BUFG_inst/O
                         net (fo=27, routed)          1.522     4.945    cd/clock_IBUF_BUFG
    SLICE_X8Y60          FDRE                                         r  cd/counter_reg[3]/C

Slack:                    inf
  Source:                 reset
                            (input port)
  Destination:            cd/counter_reg[4]/R
                            (rising edge-triggered cell FDRE clocked by sys_clk  {rise@0.000ns fall@5.000ns period=10.000ns})
  Path Group:             (none)
  Path Type:              Setup (Max at Slow Process Corner)
  Data Path Delay:        5.620ns  (logic 1.602ns (28.499%)  route 4.018ns (71.501%))
  Logic Levels:           2  (IBUF=1 LUT2=1)
  Clock Path Skew:        4.944ns (DCD - SCD + CPR)
    Destination Clock Delay (DCD):    4.944ns
    Source Clock Delay      (SCD):    0.000ns
    Clock Pessimism Removal (CPR):    0.000ns
  Clock Uncertainty:      0.025ns  ((TSJ^2 + TIJ^2)^1/2 + DJ) / 2 + PE
    Total System Jitter     (TSJ):    0.050ns
    Total Input Jitter      (TIJ):    0.000ns
    Discrete Jitter          (DJ):    0.000ns
    Phase Error              (PE):    0.000ns

    Location             Delay type                Incr(ns)  Path(ns)    Netlist Resource(s)
  -------------------------------------------------------------------    -------------------
    J15                                               0.000     0.000 r  reset (IN)
                         net (fo=0)                   0.000     0.000    reset
    J15                  IBUF (Prop_ibuf_I_O)         1.478     1.478 r  reset_IBUF_inst/O
                         net (fo=7, routed)           3.119     4.596    cd/reset_IBUF
    SLICE_X9Y63          LUT2 (Prop_lut2_I1_O)        0.124     4.720 r  cd/counter[0]_i_1/O
                         net (fo=26, routed)          0.900     5.620    cd/counter[0]_i_1_n_0
    SLICE_X8Y61          FDRE                                         r  cd/counter_reg[4]/R
  -------------------------------------------------------------------    -------------------

                         (clock sys_clk rise edge)    0.000     0.000 r  
    E3                                                0.000     0.000 r  clock (IN)
                         net (fo=0)                   0.000     0.000    clock
    E3                   IBUF (Prop_ibuf_I_O)         1.411     1.411 r  clock_IBUF_inst/O
                         net (fo=1, routed)           1.920     3.331    clock_IBUF
    BUFGCTRL_X0Y16       BUFG (Prop_bufg_I_O)         0.091     3.422 r  clock_IBUF_BUFG_inst/O
                         net (fo=27, routed)          1.521     4.944    cd/clock_IBUF_BUFG
    SLICE_X8Y61          FDRE                                         r  cd/counter_reg[4]/C

Slack:                    inf
  Source:                 reset
                            (input port)
  Destination:            cd/counter_reg[5]/R
                            (rising edge-triggered cell FDRE clocked by sys_clk  {rise@0.000ns fall@5.000ns period=10.000ns})
  Path Group:             (none)
  Path Type:              Setup (Max at Slow Process Corner)
  Data Path Delay:        5.620ns  (logic 1.602ns (28.499%)  route 4.018ns (71.501%))
  Logic Levels:           2  (IBUF=1 LUT2=1)
  Clock Path Skew:        4.944ns (DCD - SCD + CPR)
    Destination Clock Delay (DCD):    4.944ns
    Source Clock Delay      (SCD):    0.000ns
    Clock Pessimism Removal (CPR):    0.000ns
  Clock Uncertainty:      0.025ns  ((TSJ^2 + TIJ^2)^1/2 + DJ) / 2 + PE
    Total System Jitter     (TSJ):    0.050ns
    Total Input Jitter      (TIJ):    0.000ns
    Discrete Jitter          (DJ):    0.000ns
    Phase Error              (PE):    0.000ns

    Location             Delay type                Incr(ns)  Path(ns)    Netlist Resource(s)
  -------------------------------------------------------------------    -------------------
    J15                                               0.000     0.000 r  reset (IN)
                         net (fo=0)                   0.000     0.000    reset
    J15                  IBUF (Prop_ibuf_I_O)         1.478     1.478 r  reset_IBUF_inst/O
                         net (fo=7, routed)           3.119     4.596    cd/reset_IBUF
    SLICE_X9Y63          LUT2 (Prop_lut2_I1_O)        0.124     4.720 r  cd/counter[0]_i_1/O
                         net (fo=26, routed)          0.900     5.620    cd/counter[0]_i_1_n_0
    SLICE_X8Y61          FDRE                                         r  cd/counter_reg[5]/R
  -------------------------------------------------------------------    -------------------

                         (clock sys_clk rise edge)    0.000     0.000 r  
    E3                                                0.000     0.000 r  clock (IN)
                         net (fo=0)                   0.000     0.000    clock
    E3                   IBUF (Prop_ibuf_I_O)         1.411     1.411 r  clock_IBUF_inst/O
                         net (fo=1, routed)           1.920     3.331    clock_IBUF
    BUFGCTRL_X0Y16       BUFG (Prop_bufg_I_O)         0.091     3.422 r  clock_IBUF_BUFG_inst/O
                         net (fo=27, routed)          1.521     4.944    cd/clock_IBUF_BUFG
    SLICE_X8Y61          FDRE                                         r  cd/counter_reg[5]/C

Slack:                    inf
  Source:                 reset
                            (input port)
  Destination:            cd/counter_reg[6]/R
                            (rising edge-triggered cell FDRE clocked by sys_clk  {rise@0.000ns fall@5.000ns period=10.000ns})
  Path Group:             (none)
  Path Type:              Setup (Max at Slow Process Corner)
  Data Path Delay:        5.620ns  (logic 1.602ns (28.499%)  route 4.018ns (71.501%))
  Logic Levels:           2  (IBUF=1 LUT2=1)
  Clock Path Skew:        4.944ns (DCD - SCD + CPR)
    Destination Clock Delay (DCD):    4.944ns
    Source Clock Delay      (SCD):    0.000ns
    Clock Pessimism Removal (CPR):    0.000ns
  Clock Uncertainty:      0.025ns  ((TSJ^2 + TIJ^2)^1/2 + DJ) / 2 + PE
    Total System Jitter     (TSJ):    0.050ns
    Total Input Jitter      (TIJ):    0.000ns
    Discrete Jitter          (DJ):    0.000ns
    Phase Error              (PE):    0.000ns

    Location             Delay type                Incr(ns)  Path(ns)    Netlist Resource(s)
  -------------------------------------------------------------------    -------------------
    J15                                               0.000     0.000 r  reset (IN)
                         net (fo=0)                   0.000     0.000    reset
    J15                  IBUF (Prop_ibuf_I_O)         1.478     1.478 r  reset_IBUF_inst/O
                         net (fo=7, routed)           3.119     4.596    cd/reset_IBUF
    SLICE_X9Y63          LUT2 (Prop_lut2_I1_O)        0.124     4.720 r  cd/counter[0]_i_1/O
                         net (fo=26, routed)          0.900     5.620    cd/counter[0]_i_1_n_0
    SLICE_X8Y61          FDRE                                         r  cd/counter_reg[6]/R
  -------------------------------------------------------------------    -------------------

                         (clock sys_clk rise edge)    0.000     0.000 r  
    E3                                                0.000     0.000 r  clock (IN)
                         net (fo=0)                   0.000     0.000    clock
    E3                   IBUF (Prop_ibuf_I_O)         1.411     1.411 r  clock_IBUF_inst/O
                         net (fo=1, routed)           1.920     3.331    clock_IBUF
    BUFGCTRL_X0Y16       BUFG (Prop_bufg_I_O)         0.091     3.422 r  clock_IBUF_BUFG_inst/O
                         net (fo=27, routed)          1.521     4.944    cd/clock_IBUF_BUFG
    SLICE_X8Y61          FDRE                                         r  cd/counter_reg[6]/C

Slack:                    inf
  Source:                 reset
                            (input port)
  Destination:            cd/counter_reg[7]/R
                            (rising edge-triggered cell FDRE clocked by sys_clk  {rise@0.000ns fall@5.000ns period=10.000ns})
  Path Group:             (none)
  Path Type:              Setup (Max at Slow Process Corner)
  Data Path Delay:        5.620ns  (logic 1.602ns (28.499%)  route 4.018ns (71.501%))
  Logic Levels:           2  (IBUF=1 LUT2=1)
  Clock Path Skew:        4.944ns (DCD - SCD + CPR)
    Destination Clock Delay (DCD):    4.944ns
    Source Clock Delay      (SCD):    0.000ns
    Clock Pessimism Removal (CPR):    0.000ns
  Clock Uncertainty:      0.025ns  ((TSJ^2 + TIJ^2)^1/2 + DJ) / 2 + PE
    Total System Jitter     (TSJ):    0.050ns
    Total Input Jitter      (TIJ):    0.000ns
    Discrete Jitter          (DJ):    0.000ns
    Phase Error              (PE):    0.000ns

    Location             Delay type                Incr(ns)  Path(ns)    Netlist Resource(s)
  -------------------------------------------------------------------    -------------------
    J15                                               0.000     0.000 r  reset (IN)
                         net (fo=0)                   0.000     0.000    reset
    J15                  IBUF (Prop_ibuf_I_O)         1.478     1.478 r  reset_IBUF_inst/O
                         net (fo=7, routed)           3.119     4.596    cd/reset_IBUF
    SLICE_X9Y63          LUT2 (Prop_lut2_I1_O)        0.124     4.720 r  cd/counter[0]_i_1/O
                         net (fo=26, routed)          0.900     5.620    cd/counter[0]_i_1_n_0
    SLICE_X8Y61          FDRE                                         r  cd/counter_reg[7]/R
  -------------------------------------------------------------------    -------------------

                         (clock sys_clk rise edge)    0.000     0.000 r  
    E3                                                0.000     0.000 r  clock (IN)
                         net (fo=0)                   0.000     0.000    clock
    E3                   IBUF (Prop_ibuf_I_O)         1.411     1.411 r  clock_IBUF_inst/O
                         net (fo=1, routed)           1.920     3.331    clock_IBUF
    BUFGCTRL_X0Y16       BUFG (Prop_bufg_I_O)         0.091     3.422 r  clock_IBUF_BUFG_inst/O
                         net (fo=27, routed)          1.521     4.944    cd/clock_IBUF_BUFG
    SLICE_X8Y61          FDRE                                         r  cd/counter_reg[7]/C

Slack:                    inf
  Source:                 reset
                            (input port)
  Destination:            cd/counter_reg[16]/R
                            (rising edge-triggered cell FDRE clocked by sys_clk  {rise@0.000ns fall@5.000ns period=10.000ns})
  Path Group:             (none)
  Path Type:              Setup (Max at Slow Process Corner)
  Data Path Delay:        5.479ns  (logic 1.602ns (29.231%)  route 3.877ns (70.769%))
  Logic Levels:           2  (IBUF=1 LUT2=1)
  Clock Path Skew:        4.942ns (DCD - SCD + CPR)
    Destination Clock Delay (DCD):    4.942ns
    Source Clock Delay      (SCD):    0.000ns
    Clock Pessimism Removal (CPR):    0.000ns
  Clock Uncertainty:      0.025ns  ((TSJ^2 + TIJ^2)^1/2 + DJ) / 2 + PE
    Total System Jitter     (TSJ):    0.050ns
    Total Input Jitter      (TIJ):    0.000ns
    Discrete Jitter          (DJ):    0.000ns
    Phase Error              (PE):    0.000ns

    Location             Delay type                Incr(ns)  Path(ns)    Netlist Resource(s)
  -------------------------------------------------------------------    -------------------
    J15                                               0.000     0.000 r  reset (IN)
                         net (fo=0)                   0.000     0.000    reset
    J15                  IBUF (Prop_ibuf_I_O)         1.478     1.478 r  reset_IBUF_inst/O
                         net (fo=7, routed)           3.119     4.596    cd/reset_IBUF
    SLICE_X9Y63          LUT2 (Prop_lut2_I1_O)        0.124     4.720 r  cd/counter[0]_i_1/O
                         net (fo=26, routed)          0.759     5.479    cd/counter[0]_i_1_n_0
    SLICE_X8Y64          FDRE                                         r  cd/counter_reg[16]/R
  -------------------------------------------------------------------    -------------------

                         (clock sys_clk rise edge)    0.000     0.000 r  
    E3                                                0.000     0.000 r  clock (IN)
                         net (fo=0)                   0.000     0.000    clock
    E3                   IBUF (Prop_ibuf_I_O)         1.411     1.411 r  clock_IBUF_inst/O
                         net (fo=1, routed)           1.920     3.331    clock_IBUF
    BUFGCTRL_X0Y16       BUFG (Prop_bufg_I_O)         0.091     3.422 r  clock_IBUF_BUFG_inst/O
                         net (fo=27, routed)          1.519     4.942    cd/clock_IBUF_BUFG
    SLICE_X8Y64          FDRE                                         r  cd/counter_reg[16]/C

Slack:                    inf
  Source:                 reset
                            (input port)
  Destination:            cd/counter_reg[17]/R
                            (rising edge-triggered cell FDRE clocked by sys_clk  {rise@0.000ns fall@5.000ns period=10.000ns})
  Path Group:             (none)
  Path Type:              Setup (Max at Slow Process Corner)
  Data Path Delay:        5.479ns  (logic 1.602ns (29.231%)  route 3.877ns (70.769%))
  Logic Levels:           2  (IBUF=1 LUT2=1)
  Clock Path Skew:        4.942ns (DCD - SCD + CPR)
    Destination Clock Delay (DCD):    4.942ns
    Source Clock Delay      (SCD):    0.000ns
    Clock Pessimism Removal (CPR):    0.000ns
  Clock Uncertainty:      0.025ns  ((TSJ^2 + TIJ^2)^1/2 + DJ) / 2 + PE
    Total System Jitter     (TSJ):    0.050ns
    Total Input Jitter      (TIJ):    0.000ns
    Discrete Jitter          (DJ):    0.000ns
    Phase Error              (PE):    0.000ns

    Location             Delay type                Incr(ns)  Path(ns)    Netlist Resource(s)
  -------------------------------------------------------------------    -------------------
    J15                                               0.000     0.000 r  reset (IN)
                         net (fo=0)                   0.000     0.000    reset
    J15                  IBUF (Prop_ibuf_I_O)         1.478     1.478 r  reset_IBUF_inst/O
                         net (fo=7, routed)           3.119     4.596    cd/reset_IBUF
    SLICE_X9Y63          LUT2 (Prop_lut2_I1_O)        0.124     4.720 r  cd/counter[0]_i_1/O
                         net (fo=26, routed)          0.759     5.479    cd/counter[0]_i_1_n_0
    SLICE_X8Y64          FDRE                                         r  cd/counter_reg[17]/R
  -------------------------------------------------------------------    -------------------

                         (clock sys_clk rise edge)    0.000     0.000 r  
    E3                                                0.000     0.000 r  clock (IN)
                         net (fo=0)                   0.000     0.000    clock
    E3                   IBUF (Prop_ibuf_I_O)         1.411     1.411 r  clock_IBUF_inst/O
                         net (fo=1, routed)           1.920     3.331    clock_IBUF
    BUFGCTRL_X0Y16       BUFG (Prop_bufg_I_O)         0.091     3.422 r  clock_IBUF_BUFG_inst/O
                         net (fo=27, routed)          1.519     4.942    cd/clock_IBUF_BUFG
    SLICE_X8Y64          FDRE                                         r  cd/counter_reg[17]/C





Min Delay Paths
--------------------------------------------------------------------------------------
Slack:                    inf
  Source:                 reset
                            (input port)
  Destination:            cd/clk_en_reg/D
                            (rising edge-triggered cell FDRE clocked by sys_clk  {rise@0.000ns fall@5.000ns period=10.000ns})
  Path Group:             (none)
  Path Type:              Hold (Min at Fast Process Corner)
  Data Path Delay:        1.531ns  (logic 0.290ns (18.977%)  route 1.240ns (81.023%))
  Logic Levels:           2  (IBUF=1 LUT3=1)
  Clock Path Skew:        2.006ns (DCD - SCD - CPR)
    Destination Clock Delay (DCD):    2.006ns
    Source Clock Delay      (SCD):    0.000ns
    Clock Pessimism Removal (CPR):    -0.000ns

    Location             Delay type                Incr(ns)  Path(ns)    Netlist Resource(s)
  -------------------------------------------------------------------    -------------------
    J15                                               0.000     0.000 f  reset (IN)
                         net (fo=0)                   0.000     0.000    reset
    J15                  IBUF (Prop_ibuf_I_O)         0.245     0.245 f  reset_IBUF_inst/O
                         net (fo=7, routed)           1.240     1.486    cd/reset_IBUF
    SLICE_X9Y63          LUT3 (Prop_lut3_I2_O)        0.045     1.531 r  cd/clk_en_i_1/O
                         net (fo=1, routed)           0.000     1.531    cd/clk_en_i_1_n_0
    SLICE_X9Y63          FDRE                                         r  cd/clk_en_reg/D
  -------------------------------------------------------------------    -------------------

                         (clock sys_clk rise edge)    0.000     0.000 r  
    E3                                                0.000     0.000 r  clock (IN)
                         net (fo=0)                   0.000     0.000    clock
    E3                   IBUF (Prop_ibuf_I_O)         0.438     0.438 r  clock_IBUF_inst/O
                         net (fo=1, routed)           0.699     1.136    clock_IBUF
    BUFGCTRL_X0Y16       BUFG (Prop_bufg_I_O)         0.029     1.165 r  clock_IBUF_BUFG_inst/O
                         net (fo=27, routed)          0.841     2.006    cd/clock_IBUF_BUFG
    SLICE_X9Y63          FDRE                                         r  cd/clk_en_reg/C

Slack:                    inf
  Source:                 reset
                            (input port)
  Destination:            cd/counter_reg[12]/R
                            (rising edge-triggered cell FDRE clocked by sys_clk  {rise@0.000ns fall@5.000ns period=10.000ns})
  Path Group:             (none)
  Path Type:              Hold (Min at Fast Process Corner)
  Data Path Delay:        1.726ns  (logic 0.290ns (16.826%)  route 1.436ns (83.174%))
  Logic Levels:           2  (IBUF=1 LUT2=1)
  Clock Path Skew:        2.006ns (DCD - SCD - CPR)
    Destination Clock Delay (DCD):    2.006ns
    Source Clock Delay      (SCD):    0.000ns
    Clock Pessimism Removal (CPR):    -0.000ns

    Location             Delay type                Incr(ns)  Path(ns)    Netlist Resource(s)
  -------------------------------------------------------------------    -------------------
    J15                                               0.000     0.000 r  reset (IN)
                         net (fo=0)                   0.000     0.000    reset
    J15                  IBUF (Prop_ibuf_I_O)         0.245     0.245 r  reset_IBUF_inst/O
                         net (fo=7, routed)           1.305     1.550    cd/reset_IBUF
    SLICE_X9Y63          LUT2 (Prop_lut2_I1_O)        0.045     1.595 r  cd/counter[0]_i_1/O
                         net (fo=26, routed)          0.131     1.726    cd/counter[0]_i_1_n_0
    SLICE_X8Y63          FDRE                                         r  cd/counter_reg[12]/R
  -------------------------------------------------------------------    -------------------

                         (clock sys_clk rise edge)    0.000     0.000 r  
    E3                                                0.000     0.000 r  clock (IN)
                         net (fo=0)                   0.000     0.000    clock
    E3                   IBUF (Prop_ibuf_I_O)         0.438     0.438 r  clock_IBUF_inst/O
                         net (fo=1, routed)           0.699     1.136    clock_IBUF
    BUFGCTRL_X0Y16       BUFG (Prop_bufg_I_O)         0.029     1.165 r  clock_IBUF_BUFG_inst/O
                         net (fo=27, routed)          0.841     2.006    cd/clock_IBUF_BUFG
    SLICE_X8Y63          FDRE                                         r  cd/counter_reg[12]/C

Slack:                    inf
  Source:                 reset
                            (input port)
  Destination:            cd/counter_reg[13]/R
                            (rising edge-triggered cell FDRE clocked by sys_clk  {rise@0.000ns fall@5.000ns period=10.000ns})
  Path Group:             (none)
  Path Type:              Hold (Min at Fast Process Corner)
  Data Path Delay:        1.726ns  (logic 0.290ns (16.826%)  route 1.436ns (83.174%))
  Logic Levels:           2  (IBUF=1 LUT2=1)
  Clock Path Skew:        2.006ns (DCD - SCD - CPR)
    Destination Clock Delay (DCD):    2.006ns
    Source Clock Delay      (SCD):    0.000ns
    Clock Pessimism Removal (CPR):    -0.000ns

    Location             Delay type                Incr(ns)  Path(ns)    Netlist Resource(s)
  -------------------------------------------------------------------    -------------------
    J15                                               0.000     0.000 r  reset (IN)
                         net (fo=0)                   0.000     0.000    reset
    J15                  IBUF (Prop_ibuf_I_O)         0.245     0.245 r  reset_IBUF_inst/O
                         net (fo=7, routed)           1.305     1.550    cd/reset_IBUF
    SLICE_X9Y63          LUT2 (Prop_lut2_I1_O)        0.045     1.595 r  cd/counter[0]_i_1/O
                         net (fo=26, routed)          0.131     1.726    cd/counter[0]_i_1_n_0
    SLICE_X8Y63          FDRE                                         r  cd/counter_reg[13]/R
  -------------------------------------------------------------------    -------------------

                         (clock sys_clk rise edge)    0.000     0.000 r  
    E3                                                0.000     0.000 r  clock (IN)
                         net (fo=0)                   0.000     0.000    clock
    E3                   IBUF (Prop_ibuf_I_O)         0.438     0.438 r  clock_IBUF_inst/O
                         net (fo=1, routed)           0.699     1.136    clock_IBUF
    BUFGCTRL_X0Y16       BUFG (Prop_bufg_I_O)         0.029     1.165 r  clock_IBUF_BUFG_inst/O
                         net (fo=27, routed)          0.841     2.006    cd/clock_IBUF_BUFG
    SLICE_X8Y63          FDRE                                         r  cd/counter_reg[13]/C

Slack:                    inf
  Source:                 reset
                            (input port)
  Destination:            cd/counter_reg[14]/R
                            (rising edge-triggered cell FDRE clocked by sys_clk  {rise@0.000ns fall@5.000ns period=10.000ns})
  Path Group:             (none)
  Path Type:              Hold (Min at Fast Process Corner)
  Data Path Delay:        1.726ns  (logic 0.290ns (16.826%)  route 1.436ns (83.174%))
  Logic Levels:           2  (IBUF=1 LUT2=1)
  Clock Path Skew:        2.006ns (DCD - SCD - CPR)
    Destination Clock Delay (DCD):    2.006ns
    Source Clock Delay      (SCD):    0.000ns
    Clock Pessimism Removal (CPR):    -0.000ns

    Location             Delay type                Incr(ns)  Path(ns)    Netlist Resource(s)
  -------------------------------------------------------------------    -------------------
    J15                                               0.000     0.000 r  reset (IN)
                         net (fo=0)                   0.000     0.000    reset
    J15                  IBUF (Prop_ibuf_I_O)         0.245     0.245 r  reset_IBUF_inst/O
                         net (fo=7, routed)           1.305     1.550    cd/reset_IBUF
    SLICE_X9Y63          LUT2 (Prop_lut2_I1_O)        0.045     1.595 r  cd/counter[0]_i_1/O
                         net (fo=26, routed)          0.131     1.726    cd/counter[0]_i_1_n_0
    SLICE_X8Y63          FDRE                                         r  cd/counter_reg[14]/R
  -------------------------------------------------------------------    -------------------

                         (clock sys_clk rise edge)    0.000     0.000 r  
    E3                                                0.000     0.000 r  clock (IN)
                         net (fo=0)                   0.000     0.000    clock
    E3                   IBUF (Prop_ibuf_I_O)         0.438     0.438 r  clock_IBUF_inst/O
                         net (fo=1, routed)           0.699     1.136    clock_IBUF
    BUFGCTRL_X0Y16       BUFG (Prop_bufg_I_O)         0.029     1.165 r  clock_IBUF_BUFG_inst/O
                         net (fo=27, routed)          0.841     2.006    cd/clock_IBUF_BUFG
    SLICE_X8Y63          FDRE                                         r  cd/counter_reg[14]/C

Slack:                    inf
  Source:                 reset
                            (input port)
  Destination:            cd/counter_reg[15]/R
                            (rising edge-triggered cell FDRE clocked by sys_clk  {rise@0.000ns fall@5.000ns period=10.000ns})
  Path Group:             (none)
  Path Type:              Hold (Min at Fast Process Corner)
  Data Path Delay:        1.726ns  (logic 0.290ns (16.826%)  route 1.436ns (83.174%))
  Logic Levels:           2  (IBUF=1 LUT2=1)
  Clock Path Skew:        2.006ns (DCD - SCD - CPR)
    Destination Clock Delay (DCD):    2.006ns
    Source Clock Delay      (SCD):    0.000ns
    Clock Pessimism Removal (CPR):    -0.000ns

    Location             Delay type                Incr(ns)  Path(ns)    Netlist Resource(s)
  -------------------------------------------------------------------    -------------------
    J15                                               0.000     0.000 r  reset (IN)
                         net (fo=0)                   0.000     0.000    reset
    J15                  IBUF (Prop_ibuf_I_O)         0.245     0.245 r  reset_IBUF_inst/O
                         net (fo=7, routed)           1.305     1.550    cd/reset_IBUF
    SLICE_X9Y63          LUT2 (Prop_lut2_I1_O)        0.045     1.595 r  cd/counter[0]_i_1/O
                         net (fo=26, routed)          0.131     1.726    cd/counter[0]_i_1_n_0
    SLICE_X8Y63          FDRE                                         r  cd/counter_reg[15]/R
  -------------------------------------------------------------------    -------------------

                         (clock sys_clk rise edge)    0.000     0.000 r  
    E3                                                0.000     0.000 r  clock (IN)
                         net (fo=0)                   0.000     0.000    clock
    E3                   IBUF (Prop_ibuf_I_O)         0.438     0.438 r  clock_IBUF_inst/O
                         net (fo=1, routed)           0.699     1.136    clock_IBUF
    BUFGCTRL_X0Y16       BUFG (Prop_bufg_I_O)         0.029     1.165 r  clock_IBUF_BUFG_inst/O
                         net (fo=27, routed)          0.841     2.006    cd/clock_IBUF_BUFG
    SLICE_X8Y63          FDRE                                         r  cd/counter_reg[15]/C

Slack:                    inf
  Source:                 reset
                            (input port)
  Destination:            cd/counter_reg[20]/R
                            (rising edge-triggered cell FDRE clocked by sys_clk  {rise@0.000ns fall@5.000ns period=10.000ns})
  Path Group:             (none)
  Path Type:              Hold (Min at Fast Process Corner)
  Data Path Delay:        1.785ns  (logic 0.290ns (16.273%)  route 1.494ns (83.727%))
  Logic Levels:           2  (IBUF=1 LUT2=1)
  Clock Path Skew:        2.005ns (DCD - SCD - CPR)
    Destination Clock Delay (DCD):    2.005ns
    Source Clock Delay      (SCD):    0.000ns
    Clock Pessimism Removal (CPR):    -0.000ns

    Location             Delay type                Incr(ns)  Path(ns)    Netlist Resource(s)
  -------------------------------------------------------------------    -------------------
    J15                                               0.000     0.000 r  reset (IN)
                         net (fo=0)                   0.000     0.000    reset
    J15                  IBUF (Prop_ibuf_I_O)         0.245     0.245 r  reset_IBUF_inst/O
                         net (fo=7, routed)           1.305     1.550    cd/reset_IBUF
    SLICE_X9Y63          LUT2 (Prop_lut2_I1_O)        0.045     1.595 r  cd/counter[0]_i_1/O
                         net (fo=26, routed)          0.190     1.785    cd/counter[0]_i_1_n_0
    SLICE_X8Y65          FDRE                                         r  cd/counter_reg[20]/R
  -------------------------------------------------------------------    -------------------

                         (clock sys_clk rise edge)    0.000     0.000 r  
    E3                                                0.000     0.000 r  clock (IN)
                         net (fo=0)                   0.000     0.000    clock
    E3                   IBUF (Prop_ibuf_I_O)         0.438     0.438 r  clock_IBUF_inst/O
                         net (fo=1, routed)           0.699     1.136    clock_IBUF
    BUFGCTRL_X0Y16       BUFG (Prop_bufg_I_O)         0.029     1.165 r  clock_IBUF_BUFG_inst/O
                         net (fo=27, routed)          0.840     2.005    cd/clock_IBUF_BUFG
    SLICE_X8Y65          FDRE                                         r  cd/counter_reg[20]/C

Slack:                    inf
  Source:                 reset
                            (input port)
  Destination:            cd/counter_reg[21]/R
                            (rising edge-triggered cell FDRE clocked by sys_clk  {rise@0.000ns fall@5.000ns period=10.000ns})
  Path Group:             (none)
  Path Type:              Hold (Min at Fast Process Corner)
  Data Path Delay:        1.785ns  (logic 0.290ns (16.273%)  route 1.494ns (83.727%))
  Logic Levels:           2  (IBUF=1 LUT2=1)
  Clock Path Skew:        2.005ns (DCD - SCD - CPR)
    Destination Clock Delay (DCD):    2.005ns
    Source Clock Delay      (SCD):    0.000ns
    Clock Pessimism Removal (CPR):    -0.000ns

    Location             Delay type                Incr(ns)  Path(ns)    Netlist Resource(s)
  -------------------------------------------------------------------    -------------------
    J15                                               0.000     0.000 r  reset (IN)
                         net (fo=0)                   0.000     0.000    reset
    J15                  IBUF (Prop_ibuf_I_O)         0.245     0.245 r  reset_IBUF_inst/O
                         net (fo=7, routed)           1.305     1.550    cd/reset_IBUF
    SLICE_X9Y63          LUT2 (Prop_lut2_I1_O)        0.045     1.595 r  cd/counter[0]_i_1/O
                         net (fo=26, routed)          0.190     1.785    cd/counter[0]_i_1_n_0
    SLICE_X8Y65          FDRE                                         r  cd/counter_reg[21]/R
  -------------------------------------------------------------------    -------------------

                         (clock sys_clk rise edge)    0.000     0.000 r  
    E3                                                0.000     0.000 r  clock (IN)
                         net (fo=0)                   0.000     0.000    clock
    E3                   IBUF (Prop_ibuf_I_O)         0.438     0.438 r  clock_IBUF_inst/O
                         net (fo=1, routed)           0.699     1.136    clock_IBUF
    BUFGCTRL_X0Y16       BUFG (Prop_bufg_I_O)         0.029     1.165 r  clock_IBUF_BUFG_inst/O
                         net (fo=27, routed)          0.840     2.005    cd/clock_IBUF_BUFG
    SLICE_X8Y65          FDRE                                         r  cd/counter_reg[21]/C

Slack:                    inf
  Source:                 reset
                            (input port)
  Destination:            cd/counter_reg[22]/R
                            (rising edge-triggered cell FDRE clocked by sys_clk  {rise@0.000ns fall@5.000ns period=10.000ns})
  Path Group:             (none)
  Path Type:              Hold (Min at Fast Process Corner)
  Data Path Delay:        1.785ns  (logic 0.290ns (16.273%)  route 1.494ns (83.727%))
  Logic Levels:           2  (IBUF=1 LUT2=1)
  Clock Path Skew:        2.005ns (DCD - SCD - CPR)
    Destination Clock Delay (DCD):    2.005ns
    Source Clock Delay      (SCD):    0.000ns
    Clock Pessimism Removal (CPR):    -0.000ns

    Location             Delay type                Incr(ns)  Path(ns)    Netlist Resource(s)
  -------------------------------------------------------------------    -------------------
    J15                                               0.000     0.000 r  reset (IN)
                         net (fo=0)                   0.000     0.000    reset
    J15                  IBUF (Prop_ibuf_I_O)         0.245     0.245 r  reset_IBUF_inst/O
                         net (fo=7, routed)           1.305     1.550    cd/reset_IBUF
    SLICE_X9Y63          LUT2 (Prop_lut2_I1_O)        0.045     1.595 r  cd/counter[0]_i_1/O
                         net (fo=26, routed)          0.190     1.785    cd/counter[0]_i_1_n_0
    SLICE_X8Y65          FDRE                                         r  cd/counter_reg[22]/R
  -------------------------------------------------------------------    -------------------

                         (clock sys_clk rise edge)    0.000     0.000 r  
    E3                                                0.000     0.000 r  clock (IN)
                         net (fo=0)                   0.000     0.000    clock
    E3                   IBUF (Prop_ibuf_I_O)         0.438     0.438 r  clock_IBUF_inst/O
                         net (fo=1, routed)           0.699     1.136    clock_IBUF
    BUFGCTRL_X0Y16       BUFG (Prop_bufg_I_O)         0.029     1.165 r  clock_IBUF_BUFG_inst/O
                         net (fo=27, routed)          0.840     2.005    cd/clock_IBUF_BUFG
    SLICE_X8Y65          FDRE                                         r  cd/counter_reg[22]/C

Slack:                    inf
  Source:                 reset
                            (input port)
  Destination:            cd/counter_reg[23]/R
                            (rising edge-triggered cell FDRE clocked by sys_clk  {rise@0.000ns fall@5.000ns period=10.000ns})
  Path Group:             (none)
  Path Type:              Hold (Min at Fast Process Corner)
  Data Path Delay:        1.785ns  (logic 0.290ns (16.273%)  route 1.494ns (83.727%))
  Logic Levels:           2  (IBUF=1 LUT2=1)
  Clock Path Skew:        2.005ns (DCD - SCD - CPR)
    Destination Clock Delay (DCD):    2.005ns
    Source Clock Delay      (SCD):    0.000ns
    Clock Pessimism Removal (CPR):    -0.000ns

    Location             Delay type                Incr(ns)  Path(ns)    Netlist Resource(s)
  -------------------------------------------------------------------    -------------------
    J15                                               0.000     0.000 r  reset (IN)
                         net (fo=0)                   0.000     0.000    reset
    J15                  IBUF (Prop_ibuf_I_O)         0.245     0.245 r  reset_IBUF_inst/O
                         net (fo=7, routed)           1.305     1.550    cd/reset_IBUF
    SLICE_X9Y63          LUT2 (Prop_lut2_I1_O)        0.045     1.595 r  cd/counter[0]_i_1/O
                         net (fo=26, routed)          0.190     1.785    cd/counter[0]_i_1_n_0
    SLICE_X8Y65          FDRE                                         r  cd/counter_reg[23]/R
  -------------------------------------------------------------------    -------------------

                         (clock sys_clk rise edge)    0.000     0.000 r  
    E3                                                0.000     0.000 r  clock (IN)
                         net (fo=0)                   0.000     0.000    clock
    E3                   IBUF (Prop_ibuf_I_O)         0.438     0.438 r  clock_IBUF_inst/O
                         net (fo=1, routed)           0.699     1.136    clock_IBUF
    BUFGCTRL_X0Y16       BUFG (Prop_bufg_I_O)         0.029     1.165 r  clock_IBUF_BUFG_inst/O
                         net (fo=27, routed)          0.840     2.005    cd/clock_IBUF_BUFG
    SLICE_X8Y65          FDRE                                         r  cd/counter_reg[23]/C

Slack:                    inf
  Source:                 reset
                            (input port)
  Destination:            cd/counter_reg[10]/R
                            (rising edge-triggered cell FDRE clocked by sys_clk  {rise@0.000ns fall@5.000ns period=10.000ns})
  Path Group:             (none)
  Path Type:              Hold (Min at Fast Process Corner)
  Data Path Delay:        1.838ns  (logic 0.290ns (15.801%)  route 1.548ns (84.199%))
  Logic Levels:           2  (IBUF=1 LUT2=1)
  Clock Path Skew:        2.007ns (DCD - SCD - CPR)
    Destination Clock Delay (DCD):    2.007ns
    Source Clock Delay      (SCD):    0.000ns
    Clock Pessimism Removal (CPR):    -0.000ns

    Location             Delay type                Incr(ns)  Path(ns)    Netlist Resource(s)
  -------------------------------------------------------------------    -------------------
    J15                                               0.000     0.000 r  reset (IN)
                         net (fo=0)                   0.000     0.000    reset
    J15                  IBUF (Prop_ibuf_I_O)         0.245     0.245 r  reset_IBUF_inst/O
                         net (fo=7, routed)           1.305     1.550    cd/reset_IBUF
    SLICE_X9Y63          LUT2 (Prop_lut2_I1_O)        0.045     1.595 r  cd/counter[0]_i_1/O
                         net (fo=26, routed)          0.243     1.838    cd/counter[0]_i_1_n_0
    SLICE_X8Y62          FDRE                                         r  cd/counter_reg[10]/R
  -------------------------------------------------------------------    -------------------

                         (clock sys_clk rise edge)    0.000     0.000 r  
    E3                                                0.000     0.000 r  clock (IN)
                         net (fo=0)                   0.000     0.000    clock
    E3                   IBUF (Prop_ibuf_I_O)         0.438     0.438 r  clock_IBUF_inst/O
                         net (fo=1, routed)           0.699     1.136    clock_IBUF
    BUFGCTRL_X0Y16       BUFG (Prop_bufg_I_O)         0.029     1.165 r  clock_IBUF_BUFG_inst/O
                         net (fo=27, routed)          0.842     2.007    cd/clock_IBUF_BUFG
    SLICE_X8Y62          FDRE                                         r  cd/counter_reg[10]/C





