Copyright 1986-2022 Xilinx, Inc. All Rights Reserved. Copyright 2022-2025 Advanced Micro Devices, Inc. All Rights Reserved.
------------------------------------------------------------------------------------------------------------------------------------------------------------------------------------------------------------------------------------------
| Tool Version : Vivado v.2025.2 (win64) Build 6299465 Fri Nov 14 19:35:11 GMT 2025
| Date         : Fri Feb  6 16:59:10 2026
| Host         : DESKTOP-9LLI76O running 64-bit major release  (build 9200)
| Command      : report_timing_summary -max_paths 10 -routable_nets -report_unconstrained -file top_module_timing_summary_routed.rpt -pb top_module_timing_summary_routed.pb -rpx top_module_timing_summary_routed.rpx -warn_on_violation
| Design       : top_module
| Device       : 7a100t-csg324
| Speed File   : -1  PRODUCTION 1.23 2018-06-13
| Design State : Routed
------------------------------------------------------------------------------------------------------------------------------------------------------------------------------------------------------------------------------------------

Timing Summary Report

------------------------------------------------------------------------------------------------
| Timer Settings
| --------------
------------------------------------------------------------------------------------------------

  Enable Multi Corner Analysis               :  Yes
  Enable Pessimism Removal                   :  Yes
  Pessimism Removal Resolution               :  Nearest Common Node
  Enable Input Delay Default Clock           :  No
  Enable Preset / Clear Arcs                 :  No
  Disable Flight Delays                      :  No
  Ignore I/O Paths                           :  No
  Timing Early Launch at Borrowing Latches   :  No
  Borrow Time for Max Delay Exceptions       :  Yes
  Merge Timing Exceptions                    :  Yes
  Inter-SLR Compensation                     :  Conservative

  Corner  Analyze    Analyze    
  Name    Max Paths  Min Paths  
  ------  ---------  ---------  
  Slow    Yes        Yes        
  Fast    Yes        Yes        


------------------------------------------------------------------------------------------------
| Report Methodology
| ------------------
------------------------------------------------------------------------------------------------

Rule       Severity          Description                    Violations  
---------  ----------------  -----------------------------  ----------  
TIMING-17  Critical Warning  Non-clocked sequential cell    13          
TIMING-18  Warning           Missing input or output delay  1           

Note: This report is based on the most recent report_methodology run and may not be up-to-date. Run report_methodology on the current design for the latest report.



check_timing report

Table of Contents
-----------------
1. checking no_clock (13)
2. checking constant_clock (0)
3. checking pulse_width_clock (0)
4. checking unconstrained_internal_endpoints (26)
5. checking no_input_delay (1)
6. checking no_output_delay (5)
7. checking multiple_clock (0)
8. checking generated_clocks (0)
9. checking loops (0)
10. checking partial_input_delay (0)
11. checking partial_output_delay (0)
12. checking latch_loops (0)

1. checking no_clock (13)
-------------------------
 There are 13 register/latch pins with no clock driven by root clock pin: clk_div_u/clk_en_reg/Q (HIGH)


2. checking constant_clock (0)
------------------------------
 There are 0 register/latch pins with constant_clock.


3. checking pulse_width_clock (0)
---------------------------------
 There are 0 register/latch pins which need pulse_width check


4. checking unconstrained_internal_endpoints (26)
-------------------------------------------------
 There are 26 pins that are not constrained for maximum delay. (HIGH)

 There are 0 pins that are not constrained for maximum delay due to constant clock.


5. checking no_input_delay (1)
------------------------------
 There is 1 input port with no input delay specified. (HIGH)

 There are 0 input ports with no input delay but user has a false path constraint.


6. checking no_output_delay (5)
-------------------------------
 There are 5 ports with no output delay specified. (HIGH)

 There are 0 ports with no output delay but user has a false path constraint

 There are 0 ports with no output delay but with a timing clock defined on it or propagating through it


7. checking multiple_clock (0)
------------------------------
 There are 0 register/latch pins with multiple clocks.


8. checking generated_clocks (0)
--------------------------------
 There are 0 generated clocks that are not connected to a clock source.


9. checking loops (0)
---------------------
 There are 0 combinational loops in the design.


10. checking partial_input_delay (0)
------------------------------------
 There are 0 input ports with partial input delay specified.


11. checking partial_output_delay (0)
-------------------------------------
 There are 0 ports with partial output delay specified.


12. checking latch_loops (0)
----------------------------
 There are 0 combinational latch loops in the design through latch input



------------------------------------------------------------------------------------------------
| Design Timing Summary
| ---------------------
------------------------------------------------------------------------------------------------

    WNS(ns)      TNS(ns)  TNS Failing Endpoints  TNS Total Endpoints      WHS(ns)      THS(ns)  THS Failing Endpoints  THS Total Endpoints     WPWS(ns)     TPWS(ns)  TPWS Failing Endpoints  TPWS Total Endpoints  
    -------      -------  ---------------------  -------------------      -------      -------  ---------------------  -------------------     --------     --------  ----------------------  --------------------  
      6.021        0.000                      0                   28        0.433        0.000                      0                   28        4.500        0.000                       0                    29  


All user specified timing constraints are met.


------------------------------------------------------------------------------------------------
| Clock Summary
| -------------
------------------------------------------------------------------------------------------------

Clock    Waveform(ns)       Period(ns)      Frequency(MHz)
-----    ------------       ----------      --------------
sys_clk  {0.000 5.000}      10.000          100.000         


------------------------------------------------------------------------------------------------
| Intra Clock Table
| -----------------
------------------------------------------------------------------------------------------------

Clock             WNS(ns)      TNS(ns)  TNS Failing Endpoints  TNS Total Endpoints      WHS(ns)      THS(ns)  THS Failing Endpoints  THS Total Endpoints     WPWS(ns)     TPWS(ns)  TPWS Failing Endpoints  TPWS Total Endpoints  
-----             -------      -------  ---------------------  -------------------      -------      -------  ---------------------  -------------------     --------     --------  ----------------------  --------------------  
sys_clk             6.021        0.000                      0                   28        0.433        0.000                      0                   28        4.500        0.000                       0                    29  


------------------------------------------------------------------------------------------------
| Inter Clock Table
| -----------------
------------------------------------------------------------------------------------------------

From Clock    To Clock          WNS(ns)      TNS(ns)  TNS Failing Endpoints  TNS Total Endpoints      WHS(ns)      THS(ns)  THS Failing Endpoints  THS Total Endpoints  
----------    --------          -------      -------  ---------------------  -------------------      -------      -------  ---------------------  -------------------  


------------------------------------------------------------------------------------------------
| Other Path Groups Table
| -----------------------
------------------------------------------------------------------------------------------------

Path Group    From Clock    To Clock          WNS(ns)      TNS(ns)  TNS Failing Endpoints  TNS Total Endpoints      WHS(ns)      THS(ns)  THS Failing Endpoints  THS Total Endpoints  
----------    ----------    --------          -------      -------  ---------------------  -------------------      -------      -------  ---------------------  -------------------  


------------------------------------------------------------------------------------------------
| User Ignored Path Table
| -----------------------
------------------------------------------------------------------------------------------------

Path Group    From Clock    To Clock    
----------    ----------    --------    


------------------------------------------------------------------------------------------------
| Unconstrained Path Table
| ------------------------
------------------------------------------------------------------------------------------------

Path Group    From Clock    To Clock    
----------    ----------    --------    
(none)                                    
(none)                      sys_clk       


------------------------------------------------------------------------------------------------
| Timing Details
| --------------
------------------------------------------------------------------------------------------------


---------------------------------------------------------------------------------------------------
From Clock:  sys_clk
  To Clock:  sys_clk

Setup :            0  Failing Endpoints,  Worst Slack        6.021ns,  Total Violation        0.000ns
Hold  :            0  Failing Endpoints,  Worst Slack        0.433ns,  Total Violation        0.000ns
PW    :            0  Failing Endpoints,  Worst Slack        4.500ns,  Total Violation        0.000ns
---------------------------------------------------------------------------------------------------


Max Delay Paths
--------------------------------------------------------------------------------------
Slack (MET) :             6.021ns  (required time - arrival time)
  Source:                 clk_div_u/counter_reg[1]/C
                            (rising edge-triggered cell FDCE clocked by sys_clk  {rise@0.000ns fall@5.000ns period=10.000ns})
  Destination:            clk_div_u/counter_reg[1]/D
                            (rising edge-triggered cell FDCE clocked by sys_clk  {rise@0.000ns fall@5.000ns period=10.000ns})
  Path Group:             sys_clk
  Path Type:              Setup (Max at Slow Process Corner)
  Requirement:            10.000ns  (sys_clk rise@10.000ns - sys_clk rise@0.000ns)
  Data Path Delay:        3.973ns  (logic 0.828ns (20.841%)  route 3.145ns (79.159%))
  Logic Levels:           3  (LUT4=2 LUT5=1)
  Clock Path Skew:        0.000ns (DCD - SCD + CPR)
    Destination Clock Delay (DCD):    5.027ns = ( 15.027 - 10.000 ) 
    Source Clock Delay      (SCD):    5.327ns
    Clock Pessimism Removal (CPR):    0.300ns
  Clock Uncertainty:      0.035ns  ((TSJ^2 + TIJ^2)^1/2 + DJ) / 2 + PE
    Total System Jitter     (TSJ):    0.071ns
    Total Input Jitter      (TIJ):    0.000ns
    Discrete Jitter          (DJ):    0.000ns
    Phase Error              (PE):    0.000ns

    Location             Delay type                Incr(ns)  Path(ns)    Netlist Resource(s)
  -------------------------------------------------------------------    -------------------
                         (clock sys_clk rise edge)    0.000     0.000 r  
    E3                                                0.000     0.000 r  clock (IN)
                         net (fo=0)                   0.000     0.000    clock
    E3                   IBUF (Prop_ibuf_I_O)         1.482     1.482 r  clock_IBUF_inst/O
                         net (fo=1, routed)           2.025     3.506    clock_IBUF
    BUFGCTRL_X0Y16       BUFG (Prop_bufg_I_O)         0.096     3.602 r  clock_IBUF_BUFG_inst/O
                         net (fo=28, routed)          1.724     5.327    clk_div_u/clk_en_reg_0
    SLICE_X0Y91          FDCE                                         r  clk_div_u/counter_reg[1]/C
  -------------------------------------------------------------------    -------------------
    SLICE_X0Y91          FDCE (Prop_fdce_C_Q)         0.456     5.783 f  clk_div_u/counter_reg[1]/Q
                         net (fo=2, routed)           0.819     6.602    clk_div_u/counter[1]
    SLICE_X0Y91          LUT4 (Prop_lut4_I1_O)        0.124     6.726 r  clk_div_u/counter[26]_i_6/O
                         net (fo=1, routed)           0.853     7.579    clk_div_u/counter[26]_i_6_n_0
    SLICE_X0Y96          LUT5 (Prop_lut5_I4_O)        0.124     7.703 r  clk_div_u/counter[26]_i_2/O
                         net (fo=27, routed)          1.473     9.176    clk_div_u/counter[26]_i_2_n_0
    SLICE_X0Y91          LUT4 (Prop_lut4_I0_O)        0.124     9.300 r  clk_div_u/counter[1]_i_1/O
                         net (fo=1, routed)           0.000     9.300    clk_div_u/counter_0[1]
    SLICE_X0Y91          FDCE                                         r  clk_div_u/counter_reg[1]/D
  -------------------------------------------------------------------    -------------------

                         (clock sys_clk rise edge)   10.000    10.000 r  
    E3                                                0.000    10.000 r  clock (IN)
                         net (fo=0)                   0.000    10.000    clock
    E3                   IBUF (Prop_ibuf_I_O)         1.411    11.411 r  clock_IBUF_inst/O
                         net (fo=1, routed)           1.920    13.331    clock_IBUF
    BUFGCTRL_X0Y16       BUFG (Prop_bufg_I_O)         0.091    13.422 r  clock_IBUF_BUFG_inst/O
                         net (fo=28, routed)          1.604    15.027    clk_div_u/clk_en_reg_0
    SLICE_X0Y91          FDCE                                         r  clk_div_u/counter_reg[1]/C
                         clock pessimism              0.300    15.327    
                         clock uncertainty           -0.035    15.291    
    SLICE_X0Y91          FDCE (Setup_fdce_C_D)        0.029    15.320    clk_div_u/counter_reg[1]
  -------------------------------------------------------------------
                         required time                         15.320    
                         arrival time                          -9.300    
  -------------------------------------------------------------------
                         slack                                  6.021    

Slack (MET) :             6.030ns  (required time - arrival time)
  Source:                 clk_div_u/counter_reg[1]/C
                            (rising edge-triggered cell FDCE clocked by sys_clk  {rise@0.000ns fall@5.000ns period=10.000ns})
  Destination:            clk_div_u/counter_reg[2]/D
                            (rising edge-triggered cell FDCE clocked by sys_clk  {rise@0.000ns fall@5.000ns period=10.000ns})
  Path Group:             sys_clk
  Path Type:              Setup (Max at Slow Process Corner)
  Requirement:            10.000ns  (sys_clk rise@10.000ns - sys_clk rise@0.000ns)
  Data Path Delay:        3.966ns  (logic 0.828ns (20.879%)  route 3.138ns (79.121%))
  Logic Levels:           3  (LUT4=2 LUT5=1)
  Clock Path Skew:        0.000ns (DCD - SCD + CPR)
    Destination Clock Delay (DCD):    5.027ns = ( 15.027 - 10.000 ) 
    Source Clock Delay      (SCD):    5.327ns
    Clock Pessimism Removal (CPR):    0.300ns
  Clock Uncertainty:      0.035ns  ((TSJ^2 + TIJ^2)^1/2 + DJ) / 2 + PE
    Total System Jitter     (TSJ):    0.071ns
    Total Input Jitter      (TIJ):    0.000ns
    Discrete Jitter          (DJ):    0.000ns
    Phase Error              (PE):    0.000ns

    Location             Delay type                Incr(ns)  Path(ns)    Netlist Resource(s)
  -------------------------------------------------------------------    -------------------
                         (clock sys_clk rise edge)    0.000     0.000 r  
    E3                                                0.000     0.000 r  clock (IN)
                         net (fo=0)                   0.000     0.000    clock
    E3                   IBUF (Prop_ibuf_I_O)         1.482     1.482 r  clock_IBUF_inst/O
                         net (fo=1, routed)           2.025     3.506    clock_IBUF
    BUFGCTRL_X0Y16       BUFG (Prop_bufg_I_O)         0.096     3.602 r  clock_IBUF_BUFG_inst/O
                         net (fo=28, routed)          1.724     5.327    clk_div_u/clk_en_reg_0
    SLICE_X0Y91          FDCE                                         r  clk_div_u/counter_reg[1]/C
  -------------------------------------------------------------------    -------------------
    SLICE_X0Y91          FDCE (Prop_fdce_C_Q)         0.456     5.783 f  clk_div_u/counter_reg[1]/Q
                         net (fo=2, routed)           0.819     6.602    clk_div_u/counter[1]
    SLICE_X0Y91          LUT4 (Prop_lut4_I1_O)        0.124     6.726 r  clk_div_u/counter[26]_i_6/O
                         net (fo=1, routed)           0.853     7.579    clk_div_u/counter[26]_i_6_n_0
    SLICE_X0Y96          LUT5 (Prop_lut5_I4_O)        0.124     7.703 r  clk_div_u/counter[26]_i_2/O
                         net (fo=27, routed)          1.466     9.168    clk_div_u/counter[26]_i_2_n_0
    SLICE_X0Y91          LUT4 (Prop_lut4_I0_O)        0.124     9.292 r  clk_div_u/counter[2]_i_1/O
                         net (fo=1, routed)           0.000     9.292    clk_div_u/counter_0[2]
    SLICE_X0Y91          FDCE                                         r  clk_div_u/counter_reg[2]/D
  -------------------------------------------------------------------    -------------------

                         (clock sys_clk rise edge)   10.000    10.000 r  
    E3                                                0.000    10.000 r  clock (IN)
                         net (fo=0)                   0.000    10.000    clock
    E3                   IBUF (Prop_ibuf_I_O)         1.411    11.411 r  clock_IBUF_inst/O
                         net (fo=1, routed)           1.920    13.331    clock_IBUF
    BUFGCTRL_X0Y16       BUFG (Prop_bufg_I_O)         0.091    13.422 r  clock_IBUF_BUFG_inst/O
                         net (fo=28, routed)          1.604    15.027    clk_div_u/clk_en_reg_0
    SLICE_X0Y91          FDCE                                         r  clk_div_u/counter_reg[2]/C
                         clock pessimism              0.300    15.327    
                         clock uncertainty           -0.035    15.291    
    SLICE_X0Y91          FDCE (Setup_fdce_C_D)        0.031    15.322    clk_div_u/counter_reg[2]
  -------------------------------------------------------------------
                         required time                         15.322    
                         arrival time                          -9.292    
  -------------------------------------------------------------------
                         slack                                  6.030    

Slack (MET) :             6.039ns  (required time - arrival time)
  Source:                 clk_div_u/counter_reg[1]/C
                            (rising edge-triggered cell FDCE clocked by sys_clk  {rise@0.000ns fall@5.000ns period=10.000ns})
  Destination:            clk_div_u/counter_reg[3]/D
                            (rising edge-triggered cell FDCE clocked by sys_clk  {rise@0.000ns fall@5.000ns period=10.000ns})
  Path Group:             sys_clk
  Path Type:              Setup (Max at Slow Process Corner)
  Requirement:            10.000ns  (sys_clk rise@10.000ns - sys_clk rise@0.000ns)
  Data Path Delay:        4.001ns  (logic 0.856ns (21.395%)  route 3.145ns (78.605%))
  Logic Levels:           3  (LUT4=2 LUT5=1)
  Clock Path Skew:        0.000ns (DCD - SCD + CPR)
    Destination Clock Delay (DCD):    5.027ns = ( 15.027 - 10.000 ) 
    Source Clock Delay      (SCD):    5.327ns
    Clock Pessimism Removal (CPR):    0.300ns
  Clock Uncertainty:      0.035ns  ((TSJ^2 + TIJ^2)^1/2 + DJ) / 2 + PE
    Total System Jitter     (TSJ):    0.071ns
    Total Input Jitter      (TIJ):    0.000ns
    Discrete Jitter          (DJ):    0.000ns
    Phase Error              (PE):    0.000ns

    Location             Delay type                Incr(ns)  Path(ns)    Netlist Resource(s)
  -------------------------------------------------------------------    -------------------
                         (clock sys_clk rise edge)    0.000     0.000 r  
    E3                                                0.000     0.000 r  clock (IN)
                         net (fo=0)                   0.000     0.000    clock
    E3                   IBUF (Prop_ibuf_I_O)         1.482     1.482 r  clock_IBUF_inst/O
                         net (fo=1, routed)           2.025     3.506    clock_IBUF
    BUFGCTRL_X0Y16       BUFG (Prop_bufg_I_O)         0.096     3.602 r  clock_IBUF_BUFG_inst/O
                         net (fo=28, routed)          1.724     5.327    clk_div_u/clk_en_reg_0
    SLICE_X0Y91          FDCE                                         r  clk_div_u/counter_reg[1]/C
  -------------------------------------------------------------------    -------------------
    SLICE_X0Y91          FDCE (Prop_fdce_C_Q)         0.456     5.783 f  clk_div_u/counter_reg[1]/Q
                         net (fo=2, routed)           0.819     6.602    clk_div_u/counter[1]
    SLICE_X0Y91          LUT4 (Prop_lut4_I1_O)        0.124     6.726 r  clk_div_u/counter[26]_i_6/O
                         net (fo=1, routed)           0.853     7.579    clk_div_u/counter[26]_i_6_n_0
    SLICE_X0Y96          LUT5 (Prop_lut5_I4_O)        0.124     7.703 r  clk_div_u/counter[26]_i_2/O
                         net (fo=27, routed)          1.473     9.176    clk_div_u/counter[26]_i_2_n_0
    SLICE_X0Y91          LUT4 (Prop_lut4_I0_O)        0.152     9.328 r  clk_div_u/counter[3]_i_1/O
                         net (fo=1, routed)           0.000     9.328    clk_div_u/counter_0[3]
    SLICE_X0Y91          FDCE                                         r  clk_div_u/counter_reg[3]/D
  -------------------------------------------------------------------    -------------------

                         (clock sys_clk rise edge)   10.000    10.000 r  
    E3                                                0.000    10.000 r  clock (IN)
                         net (fo=0)                   0.000    10.000    clock
    E3                   IBUF (Prop_ibuf_I_O)         1.411    11.411 r  clock_IBUF_inst/O
                         net (fo=1, routed)           1.920    13.331    clock_IBUF
    BUFGCTRL_X0Y16       BUFG (Prop_bufg_I_O)         0.091    13.422 r  clock_IBUF_BUFG_inst/O
                         net (fo=28, routed)          1.604    15.027    clk_div_u/clk_en_reg_0
    SLICE_X0Y91          FDCE                                         r  clk_div_u/counter_reg[3]/C
                         clock pessimism              0.300    15.327    
                         clock uncertainty           -0.035    15.291    
    SLICE_X0Y91          FDCE (Setup_fdce_C_D)        0.075    15.366    clk_div_u/counter_reg[3]
  -------------------------------------------------------------------
                         required time                         15.366    
                         arrival time                          -9.328    
  -------------------------------------------------------------------
                         slack                                  6.039    

Slack (MET) :             6.046ns  (required time - arrival time)
  Source:                 clk_div_u/counter_reg[1]/C
                            (rising edge-triggered cell FDCE clocked by sys_clk  {rise@0.000ns fall@5.000ns period=10.000ns})
  Destination:            clk_div_u/counter_reg[4]/D
                            (rising edge-triggered cell FDCE clocked by sys_clk  {rise@0.000ns fall@5.000ns period=10.000ns})
  Path Group:             sys_clk
  Path Type:              Setup (Max at Slow Process Corner)
  Requirement:            10.000ns  (sys_clk rise@10.000ns - sys_clk rise@0.000ns)
  Data Path Delay:        3.994ns  (logic 0.856ns (21.433%)  route 3.138ns (78.566%))
  Logic Levels:           3  (LUT4=2 LUT5=1)
  Clock Path Skew:        0.000ns (DCD - SCD + CPR)
    Destination Clock Delay (DCD):    5.027ns = ( 15.027 - 10.000 ) 
    Source Clock Delay      (SCD):    5.327ns
    Clock Pessimism Removal (CPR):    0.300ns
  Clock Uncertainty:      0.035ns  ((TSJ^2 + TIJ^2)^1/2 + DJ) / 2 + PE
    Total System Jitter     (TSJ):    0.071ns
    Total Input Jitter      (TIJ):    0.000ns
    Discrete Jitter          (DJ):    0.000ns
    Phase Error              (PE):    0.000ns

    Location             Delay type                Incr(ns)  Path(ns)    Netlist Resource(s)
  -------------------------------------------------------------------    -------------------
                         (clock sys_clk rise edge)    0.000     0.000 r  
    E3                                                0.000     0.000 r  clock (IN)
                         net (fo=0)                   0.000     0.000    clock
    E3                   IBUF (Prop_ibuf_I_O)         1.482     1.482 r  clock_IBUF_inst/O
                         net (fo=1, routed)           2.025     3.506    clock_IBUF
    BUFGCTRL_X0Y16       BUFG (Prop_bufg_I_O)         0.096     3.602 r  clock_IBUF_BUFG_inst/O
                         net (fo=28, routed)          1.724     5.327    clk_div_u/clk_en_reg_0
    SLICE_X0Y91          FDCE                                         r  clk_div_u/counter_reg[1]/C
  -------------------------------------------------------------------    -------------------
    SLICE_X0Y91          FDCE (Prop_fdce_C_Q)         0.456     5.783 f  clk_div_u/counter_reg[1]/Q
                         net (fo=2, routed)           0.819     6.602    clk_div_u/counter[1]
    SLICE_X0Y91          LUT4 (Prop_lut4_I1_O)        0.124     6.726 r  clk_div_u/counter[26]_i_6/O
                         net (fo=1, routed)           0.853     7.579    clk_div_u/counter[26]_i_6_n_0
    SLICE_X0Y96          LUT5 (Prop_lut5_I4_O)        0.124     7.703 r  clk_div_u/counter[26]_i_2/O
                         net (fo=27, routed)          1.466     9.168    clk_div_u/counter[26]_i_2_n_0
    SLICE_X0Y91          LUT4 (Prop_lut4_I0_O)        0.152     9.320 r  clk_div_u/counter[4]_i_1/O
                         net (fo=1, routed)           0.000     9.320    clk_div_u/counter_0[4]
    SLICE_X0Y91          FDCE                                         r  clk_div_u/counter_reg[4]/D
  -------------------------------------------------------------------    -------------------

                         (clock sys_clk rise edge)   10.000    10.000 r  
    E3                                                0.000    10.000 r  clock (IN)
                         net (fo=0)                   0.000    10.000    clock
    E3                   IBUF (Prop_ibuf_I_O)         1.411    11.411 r  clock_IBUF_inst/O
                         net (fo=1, routed)           1.920    13.331    clock_IBUF
    BUFGCTRL_X0Y16       BUFG (Prop_bufg_I_O)         0.091    13.422 r  clock_IBUF_BUFG_inst/O
                         net (fo=28, routed)          1.604    15.027    clk_div_u/clk_en_reg_0
    SLICE_X0Y91          FDCE                                         r  clk_div_u/counter_reg[4]/C
                         clock pessimism              0.300    15.327    
                         clock uncertainty           -0.035    15.291    
    SLICE_X0Y91          FDCE (Setup_fdce_C_D)        0.075    15.366    clk_div_u/counter_reg[4]
  -------------------------------------------------------------------
                         required time                         15.366    
                         arrival time                          -9.320    
  -------------------------------------------------------------------
                         slack                                  6.046    

Slack (MET) :             6.145ns  (required time - arrival time)
  Source:                 clk_div_u/counter_reg[1]/C
                            (rising edge-triggered cell FDCE clocked by sys_clk  {rise@0.000ns fall@5.000ns period=10.000ns})
  Destination:            clk_div_u/counter_reg[5]/D
                            (rising edge-triggered cell FDCE clocked by sys_clk  {rise@0.000ns fall@5.000ns period=10.000ns})
  Path Group:             sys_clk
  Path Type:              Setup (Max at Slow Process Corner)
  Requirement:            10.000ns  (sys_clk rise@10.000ns - sys_clk rise@0.000ns)
  Data Path Delay:        3.824ns  (logic 0.828ns (21.653%)  route 2.996ns (78.347%))
  Logic Levels:           3  (LUT4=2 LUT5=1)
  Clock Path Skew:        -0.025ns (DCD - SCD + CPR)
    Destination Clock Delay (DCD):    5.027ns = ( 15.027 - 10.000 ) 
    Source Clock Delay      (SCD):    5.327ns
    Clock Pessimism Removal (CPR):    0.275ns
  Clock Uncertainty:      0.035ns  ((TSJ^2 + TIJ^2)^1/2 + DJ) / 2 + PE
    Total System Jitter     (TSJ):    0.071ns
    Total Input Jitter      (TIJ):    0.000ns
    Discrete Jitter          (DJ):    0.000ns
    Phase Error              (PE):    0.000ns

    Location             Delay type                Incr(ns)  Path(ns)    Netlist Resource(s)
  -------------------------------------------------------------------    -------------------
                         (clock sys_clk rise edge)    0.000     0.000 r  
    E3                                                0.000     0.000 r  clock (IN)
                         net (fo=0)                   0.000     0.000    clock
    E3                   IBUF (Prop_ibuf_I_O)         1.482     1.482 r  clock_IBUF_inst/O
                         net (fo=1, routed)           2.025     3.506    clock_IBUF
    BUFGCTRL_X0Y16       BUFG (Prop_bufg_I_O)         0.096     3.602 r  clock_IBUF_BUFG_inst/O
                         net (fo=28, routed)          1.724     5.327    clk_div_u/clk_en_reg_0
    SLICE_X0Y91          FDCE                                         r  clk_div_u/counter_reg[1]/C
  -------------------------------------------------------------------    -------------------
    SLICE_X0Y91          FDCE (Prop_fdce_C_Q)         0.456     5.783 f  clk_div_u/counter_reg[1]/Q
                         net (fo=2, routed)           0.819     6.602    clk_div_u/counter[1]
    SLICE_X0Y91          LUT4 (Prop_lut4_I1_O)        0.124     6.726 r  clk_div_u/counter[26]_i_6/O
                         net (fo=1, routed)           0.853     7.579    clk_div_u/counter[26]_i_6_n_0
    SLICE_X0Y96          LUT5 (Prop_lut5_I4_O)        0.124     7.703 r  clk_div_u/counter[26]_i_2/O
                         net (fo=27, routed)          1.324     9.027    clk_div_u/counter[26]_i_2_n_0
    SLICE_X0Y92          LUT4 (Prop_lut4_I0_O)        0.124     9.151 r  clk_div_u/counter[5]_i_1/O
                         net (fo=1, routed)           0.000     9.151    clk_div_u/counter_0[5]
    SLICE_X0Y92          FDCE                                         r  clk_div_u/counter_reg[5]/D
  -------------------------------------------------------------------    -------------------

                         (clock sys_clk rise edge)   10.000    10.000 r  
    E3                                                0.000    10.000 r  clock (IN)
                         net (fo=0)                   0.000    10.000    clock
    E3                   IBUF (Prop_ibuf_I_O)         1.411    11.411 r  clock_IBUF_inst/O
                         net (fo=1, routed)           1.920    13.331    clock_IBUF
    BUFGCTRL_X0Y16       BUFG (Prop_bufg_I_O)         0.091    13.422 r  clock_IBUF_BUFG_inst/O
                         net (fo=28, routed)          1.604    15.027    clk_div_u/clk_en_reg_0
    SLICE_X0Y92          FDCE                                         r  clk_div_u/counter_reg[5]/C
                         clock pessimism              0.275    15.302    
                         clock uncertainty           -0.035    15.266    
    SLICE_X0Y92          FDCE (Setup_fdce_C_D)        0.029    15.295    clk_div_u/counter_reg[5]
  -------------------------------------------------------------------
                         required time                         15.295    
                         arrival time                          -9.151    
  -------------------------------------------------------------------
                         slack                                  6.145    

Slack (MET) :             6.154ns  (required time - arrival time)
  Source:                 clk_div_u/counter_reg[1]/C
                            (rising edge-triggered cell FDCE clocked by sys_clk  {rise@0.000ns fall@5.000ns period=10.000ns})
  Destination:            clk_div_u/counter_reg[6]/D
                            (rising edge-triggered cell FDCE clocked by sys_clk  {rise@0.000ns fall@5.000ns period=10.000ns})
  Path Group:             sys_clk
  Path Type:              Setup (Max at Slow Process Corner)
  Requirement:            10.000ns  (sys_clk rise@10.000ns - sys_clk rise@0.000ns)
  Data Path Delay:        3.817ns  (logic 0.828ns (21.694%)  route 2.989ns (78.306%))
  Logic Levels:           3  (LUT4=2 LUT5=1)
  Clock Path Skew:        -0.025ns (DCD - SCD + CPR)
    Destination Clock Delay (DCD):    5.027ns = ( 15.027 - 10.000 ) 
    Source Clock Delay      (SCD):    5.327ns
    Clock Pessimism Removal (CPR):    0.275ns
  Clock Uncertainty:      0.035ns  ((TSJ^2 + TIJ^2)^1/2 + DJ) / 2 + PE
    Total System Jitter     (TSJ):    0.071ns
    Total Input Jitter      (TIJ):    0.000ns
    Discrete Jitter          (DJ):    0.000ns
    Phase Error              (PE):    0.000ns

    Location             Delay type                Incr(ns)  Path(ns)    Netlist Resource(s)
  -------------------------------------------------------------------    -------------------
                         (clock sys_clk rise edge)    0.000     0.000 r  
    E3                                                0.000     0.000 r  clock (IN)
                         net (fo=0)                   0.000     0.000    clock
    E3                   IBUF (Prop_ibuf_I_O)         1.482     1.482 r  clock_IBUF_inst/O
                         net (fo=1, routed)           2.025     3.506    clock_IBUF
    BUFGCTRL_X0Y16       BUFG (Prop_bufg_I_O)         0.096     3.602 r  clock_IBUF_BUFG_inst/O
                         net (fo=28, routed)          1.724     5.327    clk_div_u/clk_en_reg_0
    SLICE_X0Y91          FDCE                                         r  clk_div_u/counter_reg[1]/C
  -------------------------------------------------------------------    -------------------
    SLICE_X0Y91          FDCE (Prop_fdce_C_Q)         0.456     5.783 f  clk_div_u/counter_reg[1]/Q
                         net (fo=2, routed)           0.819     6.602    clk_div_u/counter[1]
    SLICE_X0Y91          LUT4 (Prop_lut4_I1_O)        0.124     6.726 r  clk_div_u/counter[26]_i_6/O
                         net (fo=1, routed)           0.853     7.579    clk_div_u/counter[26]_i_6_n_0
    SLICE_X0Y96          LUT5 (Prop_lut5_I4_O)        0.124     7.703 r  clk_div_u/counter[26]_i_2/O
                         net (fo=27, routed)          1.316     9.019    clk_div_u/counter[26]_i_2_n_0
    SLICE_X0Y92          LUT4 (Prop_lut4_I0_O)        0.124     9.143 r  clk_div_u/counter[6]_i_1/O
                         net (fo=1, routed)           0.000     9.143    clk_div_u/counter_0[6]
    SLICE_X0Y92          FDCE                                         r  clk_div_u/counter_reg[6]/D
  -------------------------------------------------------------------    -------------------

                         (clock sys_clk rise edge)   10.000    10.000 r  
    E3                                                0.000    10.000 r  clock (IN)
                         net (fo=0)                   0.000    10.000    clock
    E3                   IBUF (Prop_ibuf_I_O)         1.411    11.411 r  clock_IBUF_inst/O
                         net (fo=1, routed)           1.920    13.331    clock_IBUF
    BUFGCTRL_X0Y16       BUFG (Prop_bufg_I_O)         0.091    13.422 r  clock_IBUF_BUFG_inst/O
                         net (fo=28, routed)          1.604    15.027    clk_div_u/clk_en_reg_0
    SLICE_X0Y92          FDCE                                         r  clk_div_u/counter_reg[6]/C
                         clock pessimism              0.275    15.302    
                         clock uncertainty           -0.035    15.266    
    SLICE_X0Y92          FDCE (Setup_fdce_C_D)        0.031    15.297    clk_div_u/counter_reg[6]
  -------------------------------------------------------------------
                         required time                         15.297    
                         arrival time                          -9.143    
  -------------------------------------------------------------------
                         slack                                  6.154    

Slack (MET) :             6.163ns  (required time - arrival time)
  Source:                 clk_div_u/counter_reg[1]/C
                            (rising edge-triggered cell FDCE clocked by sys_clk  {rise@0.000ns fall@5.000ns period=10.000ns})
  Destination:            clk_div_u/counter_reg[7]/D
                            (rising edge-triggered cell FDCE clocked by sys_clk  {rise@0.000ns fall@5.000ns period=10.000ns})
  Path Group:             sys_clk
  Path Type:              Setup (Max at Slow Process Corner)
  Requirement:            10.000ns  (sys_clk rise@10.000ns - sys_clk rise@0.000ns)
  Data Path Delay:        3.852ns  (logic 0.856ns (22.223%)  route 2.996ns (77.777%))
  Logic Levels:           3  (LUT4=2 LUT5=1)
  Clock Path Skew:        -0.025ns (DCD - SCD + CPR)
    Destination Clock Delay (DCD):    5.027ns = ( 15.027 - 10.000 ) 
    Source Clock Delay      (SCD):    5.327ns
    Clock Pessimism Removal (CPR):    0.275ns
  Clock Uncertainty:      0.035ns  ((TSJ^2 + TIJ^2)^1/2 + DJ) / 2 + PE
    Total System Jitter     (TSJ):    0.071ns
    Total Input Jitter      (TIJ):    0.000ns
    Discrete Jitter          (DJ):    0.000ns
    Phase Error              (PE):    0.000ns

    Location             Delay type                Incr(ns)  Path(ns)    Netlist Resource(s)
  -------------------------------------------------------------------    -------------------
                         (clock sys_clk rise edge)    0.000     0.000 r  
    E3                                                0.000     0.000 r  clock (IN)
                         net (fo=0)                   0.000     0.000    clock
    E3                   IBUF (Prop_ibuf_I_O)         1.482     1.482 r  clock_IBUF_inst/O
                         net (fo=1, routed)           2.025     3.506    clock_IBUF
    BUFGCTRL_X0Y16       BUFG (Prop_bufg_I_O)         0.096     3.602 r  clock_IBUF_BUFG_inst/O
                         net (fo=28, routed)          1.724     5.327    clk_div_u/clk_en_reg_0
    SLICE_X0Y91          FDCE                                         r  clk_div_u/counter_reg[1]/C
  -------------------------------------------------------------------    -------------------
    SLICE_X0Y91          FDCE (Prop_fdce_C_Q)         0.456     5.783 f  clk_div_u/counter_reg[1]/Q
                         net (fo=2, routed)           0.819     6.602    clk_div_u/counter[1]
    SLICE_X0Y91          LUT4 (Prop_lut4_I1_O)        0.124     6.726 r  clk_div_u/counter[26]_i_6/O
                         net (fo=1, routed)           0.853     7.579    clk_div_u/counter[26]_i_6_n_0
    SLICE_X0Y96          LUT5 (Prop_lut5_I4_O)        0.124     7.703 r  clk_div_u/counter[26]_i_2/O
                         net (fo=27, routed)          1.324     9.027    clk_div_u/counter[26]_i_2_n_0
    SLICE_X0Y92          LUT4 (Prop_lut4_I0_O)        0.152     9.179 r  clk_div_u/counter[7]_i_1/O
                         net (fo=1, routed)           0.000     9.179    clk_div_u/counter_0[7]
    SLICE_X0Y92          FDCE                                         r  clk_div_u/counter_reg[7]/D
  -------------------------------------------------------------------    -------------------

                         (clock sys_clk rise edge)   10.000    10.000 r  
    E3                                                0.000    10.000 r  clock (IN)
                         net (fo=0)                   0.000    10.000    clock
    E3                   IBUF (Prop_ibuf_I_O)         1.411    11.411 r  clock_IBUF_inst/O
                         net (fo=1, routed)           1.920    13.331    clock_IBUF
    BUFGCTRL_X0Y16       BUFG (Prop_bufg_I_O)         0.091    13.422 r  clock_IBUF_BUFG_inst/O
                         net (fo=28, routed)          1.604    15.027    clk_div_u/clk_en_reg_0
    SLICE_X0Y92          FDCE                                         r  clk_div_u/counter_reg[7]/C
                         clock pessimism              0.275    15.302    
                         clock uncertainty           -0.035    15.266    
    SLICE_X0Y92          FDCE (Setup_fdce_C_D)        0.075    15.341    clk_div_u/counter_reg[7]
  -------------------------------------------------------------------
                         required time                         15.341    
                         arrival time                          -9.179    
  -------------------------------------------------------------------
                         slack                                  6.163    

Slack (MET) :             6.170ns  (required time - arrival time)
  Source:                 clk_div_u/counter_reg[1]/C
                            (rising edge-triggered cell FDCE clocked by sys_clk  {rise@0.000ns fall@5.000ns period=10.000ns})
  Destination:            clk_div_u/counter_reg[8]/D
                            (rising edge-triggered cell FDCE clocked by sys_clk  {rise@0.000ns fall@5.000ns period=10.000ns})
  Path Group:             sys_clk
  Path Type:              Setup (Max at Slow Process Corner)
  Requirement:            10.000ns  (sys_clk rise@10.000ns - sys_clk rise@0.000ns)
  Data Path Delay:        3.845ns  (logic 0.856ns (22.265%)  route 2.989ns (77.735%))
  Logic Levels:           3  (LUT4=2 LUT5=1)
  Clock Path Skew:        -0.025ns (DCD - SCD + CPR)
    Destination Clock Delay (DCD):    5.027ns = ( 15.027 - 10.000 ) 
    Source Clock Delay      (SCD):    5.327ns
    Clock Pessimism Removal (CPR):    0.275ns
  Clock Uncertainty:      0.035ns  ((TSJ^2 + TIJ^2)^1/2 + DJ) / 2 + PE
    Total System Jitter     (TSJ):    0.071ns
    Total Input Jitter      (TIJ):    0.000ns
    Discrete Jitter          (DJ):    0.000ns
    Phase Error              (PE):    0.000ns

    Location             Delay type                Incr(ns)  Path(ns)    Netlist Resource(s)
  -------------------------------------------------------------------    -------------------
                         (clock sys_clk rise edge)    0.000     0.000 r  
    E3                                                0.000     0.000 r  clock (IN)
                         net (fo=0)                   0.000     0.000    clock
    E3                   IBUF (Prop_ibuf_I_O)         1.482     1.482 r  clock_IBUF_inst/O
                         net (fo=1, routed)           2.025     3.506    clock_IBUF
    BUFGCTRL_X0Y16       BUFG (Prop_bufg_I_O)         0.096     3.602 r  clock_IBUF_BUFG_inst/O
                         net (fo=28, routed)          1.724     5.327    clk_div_u/clk_en_reg_0
    SLICE_X0Y91          FDCE                                         r  clk_div_u/counter_reg[1]/C
  -------------------------------------------------------------------    -------------------
    SLICE_X0Y91          FDCE (Prop_fdce_C_Q)         0.456     5.783 f  clk_div_u/counter_reg[1]/Q
                         net (fo=2, routed)           0.819     6.602    clk_div_u/counter[1]
    SLICE_X0Y91          LUT4 (Prop_lut4_I1_O)        0.124     6.726 r  clk_div_u/counter[26]_i_6/O
                         net (fo=1, routed)           0.853     7.579    clk_div_u/counter[26]_i_6_n_0
    SLICE_X0Y96          LUT5 (Prop_lut5_I4_O)        0.124     7.703 r  clk_div_u/counter[26]_i_2/O
                         net (fo=27, routed)          1.316     9.019    clk_div_u/counter[26]_i_2_n_0
    SLICE_X0Y92          LUT4 (Prop_lut4_I0_O)        0.152     9.171 r  clk_div_u/counter[8]_i_1/O
                         net (fo=1, routed)           0.000     9.171    clk_div_u/counter_0[8]
    SLICE_X0Y92          FDCE                                         r  clk_div_u/counter_reg[8]/D
  -------------------------------------------------------------------    -------------------

                         (clock sys_clk rise edge)   10.000    10.000 r  
    E3                                                0.000    10.000 r  clock (IN)
                         net (fo=0)                   0.000    10.000    clock
    E3                   IBUF (Prop_ibuf_I_O)         1.411    11.411 r  clock_IBUF_inst/O
                         net (fo=1, routed)           1.920    13.331    clock_IBUF
    BUFGCTRL_X0Y16       BUFG (Prop_bufg_I_O)         0.091    13.422 r  clock_IBUF_BUFG_inst/O
                         net (fo=28, routed)          1.604    15.027    clk_div_u/clk_en_reg_0
    SLICE_X0Y92          FDCE                                         r  clk_div_u/counter_reg[8]/C
                         clock pessimism              0.275    15.302    
                         clock uncertainty           -0.035    15.266    
    SLICE_X0Y92          FDCE (Setup_fdce_C_D)        0.075    15.341    clk_div_u/counter_reg[8]
  -------------------------------------------------------------------
                         required time                         15.341    
                         arrival time                          -9.171    
  -------------------------------------------------------------------
                         slack                                  6.170    

Slack (MET) :             6.213ns  (required time - arrival time)
  Source:                 clk_div_u/counter_reg[2]/C
                            (rising edge-triggered cell FDCE clocked by sys_clk  {rise@0.000ns fall@5.000ns period=10.000ns})
  Destination:            clk_div_u/counter_reg[22]/D
                            (rising edge-triggered cell FDCE clocked by sys_clk  {rise@0.000ns fall@5.000ns period=10.000ns})
  Path Group:             sys_clk
  Path Type:              Setup (Max at Slow Process Corner)
  Requirement:            10.000ns  (sys_clk rise@10.000ns - sys_clk rise@0.000ns)
  Data Path Delay:        3.759ns  (logic 2.223ns (59.136%)  route 1.536ns (40.864%))
  Logic Levels:           7  (CARRY4=6 LUT4=1)
  Clock Path Skew:        -0.024ns (DCD - SCD + CPR)
    Destination Clock Delay (DCD):    5.028ns = ( 15.028 - 10.000 ) 
    Source Clock Delay      (SCD):    5.327ns
    Clock Pessimism Removal (CPR):    0.275ns
  Clock Uncertainty:      0.035ns  ((TSJ^2 + TIJ^2)^1/2 + DJ) / 2 + PE
    Total System Jitter     (TSJ):    0.071ns
    Total Input Jitter      (TIJ):    0.000ns
    Discrete Jitter          (DJ):    0.000ns
    Phase Error              (PE):    0.000ns

    Location             Delay type                Incr(ns)  Path(ns)    Netlist Resource(s)
  -------------------------------------------------------------------    -------------------
                         (clock sys_clk rise edge)    0.000     0.000 r  
    E3                                                0.000     0.000 r  clock (IN)
                         net (fo=0)                   0.000     0.000    clock
    E3                   IBUF (Prop_ibuf_I_O)         1.482     1.482 r  clock_IBUF_inst/O
                         net (fo=1, routed)           2.025     3.506    clock_IBUF
    BUFGCTRL_X0Y16       BUFG (Prop_bufg_I_O)         0.096     3.602 r  clock_IBUF_BUFG_inst/O
                         net (fo=28, routed)          1.724     5.327    clk_div_u/clk_en_reg_0
    SLICE_X0Y91          FDCE                                         r  clk_div_u/counter_reg[2]/C
  -------------------------------------------------------------------    -------------------
    SLICE_X0Y91          FDCE (Prop_fdce_C_Q)         0.456     5.783 r  clk_div_u/counter_reg[2]/Q
                         net (fo=2, routed)           0.632     6.415    clk_div_u/counter[2]
    SLICE_X1Y91          CARRY4 (Prop_carry4_S[1]_CO[3])
                                                      0.674     7.089 r  clk_div_u/counter0_carry/CO[3]
                         net (fo=1, routed)           0.000     7.089    clk_div_u/counter0_carry_n_0
    SLICE_X1Y92          CARRY4 (Prop_carry4_CI_CO[3])
                                                      0.114     7.203 r  clk_div_u/counter0_carry__0/CO[3]
                         net (fo=1, routed)           0.000     7.203    clk_div_u/counter0_carry__0_n_0
    SLICE_X1Y93          CARRY4 (Prop_carry4_CI_CO[3])
                                                      0.114     7.317 r  clk_div_u/counter0_carry__1/CO[3]
                         net (fo=1, routed)           0.000     7.317    clk_div_u/counter0_carry__1_n_0
    SLICE_X1Y94          CARRY4 (Prop_carry4_CI_CO[3])
                                                      0.114     7.431 r  clk_div_u/counter0_carry__2/CO[3]
                         net (fo=1, routed)           0.000     7.431    clk_div_u/counter0_carry__2_n_0
    SLICE_X1Y95          CARRY4 (Prop_carry4_CI_CO[3])
                                                      0.114     7.545 r  clk_div_u/counter0_carry__3/CO[3]
                         net (fo=1, routed)           0.000     7.545    clk_div_u/counter0_carry__3_n_0
    SLICE_X1Y96          CARRY4 (Prop_carry4_CI_O[1])
                                                      0.334     7.879 r  clk_div_u/counter0_carry__4/O[1]
                         net (fo=1, routed)           0.904     8.783    clk_div_u/data0[22]
    SLICE_X0Y96          LUT4 (Prop_lut4_I3_O)        0.303     9.086 r  clk_div_u/counter[22]_i_1/O
                         net (fo=1, routed)           0.000     9.086    clk_div_u/counter_0[22]
    SLICE_X0Y96          FDCE                                         r  clk_div_u/counter_reg[22]/D
  -------------------------------------------------------------------    -------------------

                         (clock sys_clk rise edge)   10.000    10.000 r  
    E3                                                0.000    10.000 r  clock (IN)
                         net (fo=0)                   0.000    10.000    clock
    E3                   IBUF (Prop_ibuf_I_O)         1.411    11.411 r  clock_IBUF_inst/O
                         net (fo=1, routed)           1.920    13.331    clock_IBUF
    BUFGCTRL_X0Y16       BUFG (Prop_bufg_I_O)         0.091    13.422 r  clock_IBUF_BUFG_inst/O
                         net (fo=28, routed)          1.605    15.028    clk_div_u/clk_en_reg_0
    SLICE_X0Y96          FDCE                                         r  clk_div_u/counter_reg[22]/C
                         clock pessimism              0.275    15.303    
                         clock uncertainty           -0.035    15.267    
    SLICE_X0Y96          FDCE (Setup_fdce_C_D)        0.031    15.298    clk_div_u/counter_reg[22]
  -------------------------------------------------------------------
                         required time                         15.298    
                         arrival time                          -9.086    
  -------------------------------------------------------------------
                         slack                                  6.213    

Slack (MET) :             6.225ns  (required time - arrival time)
  Source:                 clk_div_u/counter_reg[2]/C
                            (rising edge-triggered cell FDCE clocked by sys_clk  {rise@0.000ns fall@5.000ns period=10.000ns})
  Destination:            clk_div_u/counter_reg[25]/D
                            (rising edge-triggered cell FDCE clocked by sys_clk  {rise@0.000ns fall@5.000ns period=10.000ns})
  Path Group:             sys_clk
  Path Type:              Setup (Max at Slow Process Corner)
  Requirement:            10.000ns  (sys_clk rise@10.000ns - sys_clk rise@0.000ns)
  Data Path Delay:        3.793ns  (logic 2.221ns (58.555%)  route 1.572ns (41.445%))
  Logic Levels:           8  (CARRY4=7 LUT4=1)
  Clock Path Skew:        -0.024ns (DCD - SCD + CPR)
    Destination Clock Delay (DCD):    5.028ns = ( 15.028 - 10.000 ) 
    Source Clock Delay      (SCD):    5.327ns
    Clock Pessimism Removal (CPR):    0.275ns
  Clock Uncertainty:      0.035ns  ((TSJ^2 + TIJ^2)^1/2 + DJ) / 2 + PE
    Total System Jitter     (TSJ):    0.071ns
    Total Input Jitter      (TIJ):    0.000ns
    Discrete Jitter          (DJ):    0.000ns
    Phase Error              (PE):    0.000ns

    Location             Delay type                Incr(ns)  Path(ns)    Netlist Resource(s)
  -------------------------------------------------------------------    -------------------
                         (clock sys_clk rise edge)    0.000     0.000 r  
    E3                                                0.000     0.000 r  clock (IN)
                         net (fo=0)                   0.000     0.000    clock
    E3                   IBUF (Prop_ibuf_I_O)         1.482     1.482 r  clock_IBUF_inst/O
                         net (fo=1, routed)           2.025     3.506    clock_IBUF
    BUFGCTRL_X0Y16       BUFG (Prop_bufg_I_O)         0.096     3.602 r  clock_IBUF_BUFG_inst/O
                         net (fo=28, routed)          1.724     5.327    clk_div_u/clk_en_reg_0
    SLICE_X0Y91          FDCE                                         r  clk_div_u/counter_reg[2]/C
  -------------------------------------------------------------------    -------------------
    SLICE_X0Y91          FDCE (Prop_fdce_C_Q)         0.456     5.783 r  clk_div_u/counter_reg[2]/Q
                         net (fo=2, routed)           0.632     6.415    clk_div_u/counter[2]
    SLICE_X1Y91          CARRY4 (Prop_carry4_S[1]_CO[3])
                                                      0.674     7.089 r  clk_div_u/counter0_carry/CO[3]
                         net (fo=1, routed)           0.000     7.089    clk_div_u/counter0_carry_n_0
    SLICE_X1Y92          CARRY4 (Prop_carry4_CI_CO[3])
                                                      0.114     7.203 r  clk_div_u/counter0_carry__0/CO[3]
                         net (fo=1, routed)           0.000     7.203    clk_div_u/counter0_carry__0_n_0
    SLICE_X1Y93          CARRY4 (Prop_carry4_CI_CO[3])
                                                      0.114     7.317 r  clk_div_u/counter0_carry__1/CO[3]
                         net (fo=1, routed)           0.000     7.317    clk_div_u/counter0_carry__1_n_0
    SLICE_X1Y94          CARRY4 (Prop_carry4_CI_CO[3])
                                                      0.114     7.431 r  clk_div_u/counter0_carry__2/CO[3]
                         net (fo=1, routed)           0.000     7.431    clk_div_u/counter0_carry__2_n_0
    SLICE_X1Y95          CARRY4 (Prop_carry4_CI_CO[3])
                                                      0.114     7.545 r  clk_div_u/counter0_carry__3/CO[3]
                         net (fo=1, routed)           0.000     7.545    clk_div_u/counter0_carry__3_n_0
    SLICE_X1Y96          CARRY4 (Prop_carry4_CI_CO[3])
                                                      0.114     7.659 r  clk_div_u/counter0_carry__4/CO[3]
                         net (fo=1, routed)           0.000     7.659    clk_div_u/counter0_carry__4_n_0
    SLICE_X1Y97          CARRY4 (Prop_carry4_CI_O[0])
                                                      0.222     7.881 r  clk_div_u/counter0_carry__5/O[0]
                         net (fo=1, routed)           0.940     8.821    clk_div_u/data0[25]
    SLICE_X2Y96          LUT4 (Prop_lut4_I3_O)        0.299     9.120 r  clk_div_u/counter[25]_i_1/O
                         net (fo=1, routed)           0.000     9.120    clk_div_u/counter_0[25]
    SLICE_X2Y96          FDCE                                         r  clk_div_u/counter_reg[25]/D
  -------------------------------------------------------------------    -------------------

                         (clock sys_clk rise edge)   10.000    10.000 r  
    E3                                                0.000    10.000 r  clock (IN)
                         net (fo=0)                   0.000    10.000    clock
    E3                   IBUF (Prop_ibuf_I_O)         1.411    11.411 r  clock_IBUF_inst/O
                         net (fo=1, routed)           1.920    13.331    clock_IBUF
    BUFGCTRL_X0Y16       BUFG (Prop_bufg_I_O)         0.091    13.422 r  clock_IBUF_BUFG_inst/O
                         net (fo=28, routed)          1.605    15.028    clk_div_u/clk_en_reg_0
    SLICE_X2Y96          FDCE                                         r  clk_div_u/counter_reg[25]/C
                         clock pessimism              0.275    15.303    
                         clock uncertainty           -0.035    15.267    
    SLICE_X2Y96          FDCE (Setup_fdce_C_D)        0.077    15.344    clk_div_u/counter_reg[25]
  -------------------------------------------------------------------
                         required time                         15.344    
                         arrival time                          -9.120    
  -------------------------------------------------------------------
                         slack                                  6.225    





Min Delay Paths
--------------------------------------------------------------------------------------
Slack (MET) :             0.433ns  (arrival time - required time)
  Source:                 clk_div_u/counter_reg[16]/C
                            (rising edge-triggered cell FDCE clocked by sys_clk  {rise@0.000ns fall@5.000ns period=10.000ns})
  Destination:            clk_div_u/clk_en_reg/D
                            (rising edge-triggered cell FDCE clocked by sys_clk  {rise@0.000ns fall@5.000ns period=10.000ns})
  Path Group:             sys_clk
  Path Type:              Hold (Min at Fast Process Corner)
  Requirement:            0.000ns  (sys_clk rise@0.000ns - sys_clk rise@0.000ns)
  Data Path Delay:        0.540ns  (logic 0.271ns (50.221%)  route 0.269ns (49.779%))
  Logic Levels:           2  (LUT4=1 LUT5=1)
  Clock Path Skew:        0.016ns (DCD - SCD - CPR)
    Destination Clock Delay (DCD):    2.042ns
    Source Clock Delay      (SCD):    1.523ns
    Clock Pessimism Removal (CPR):    0.502ns

    Location             Delay type                Incr(ns)  Path(ns)    Netlist Resource(s)
  -------------------------------------------------------------------    -------------------
                         (clock sys_clk rise edge)    0.000     0.000 r  
    E3                                                0.000     0.000 r  clock (IN)
                         net (fo=0)                   0.000     0.000    clock
    E3                   IBUF (Prop_ibuf_I_O)         0.250     0.250 r  clock_IBUF_inst/O
                         net (fo=1, routed)           0.644     0.894    clock_IBUF
    BUFGCTRL_X0Y16       BUFG (Prop_bufg_I_O)         0.026     0.920 r  clock_IBUF_BUFG_inst/O
                         net (fo=28, routed)          0.604     1.523    clk_div_u/clk_en_reg_0
    SLICE_X0Y94          FDCE                                         r  clk_div_u/counter_reg[16]/C
  -------------------------------------------------------------------    -------------------
    SLICE_X0Y94          FDCE (Prop_fdce_C_Q)         0.128     1.651 f  clk_div_u/counter_reg[16]/Q
                         net (fo=2, routed)           0.123     1.774    clk_div_u/counter[16]
    SLICE_X0Y94          LUT5 (Prop_lut5_I1_O)        0.098     1.872 r  clk_div_u/counter[26]_i_4/O
                         net (fo=27, routed)          0.146     2.018    clk_div_u/counter[26]_i_4_n_0
    SLICE_X0Y95          LUT4 (Prop_lut4_I2_O)        0.045     2.063 r  clk_div_u/clk_en_i_1/O
                         net (fo=1, routed)           0.000     2.063    clk_div_u/clk_en_i_1_n_0
    SLICE_X0Y95          FDCE                                         r  clk_div_u/clk_en_reg/D
  -------------------------------------------------------------------    -------------------

                         (clock sys_clk rise edge)    0.000     0.000 r  
    E3                                                0.000     0.000 r  clock (IN)
                         net (fo=0)                   0.000     0.000    clock
    E3                   IBUF (Prop_ibuf_I_O)         0.438     0.438 r  clock_IBUF_inst/O
                         net (fo=1, routed)           0.699     1.136    clock_IBUF
    BUFGCTRL_X0Y16       BUFG (Prop_bufg_I_O)         0.029     1.165 r  clock_IBUF_BUFG_inst/O
                         net (fo=28, routed)          0.877     2.042    clk_div_u/clk_en_reg_0
    SLICE_X0Y95          FDCE                                         r  clk_div_u/clk_en_reg/C
                         clock pessimism             -0.502     1.539    
    SLICE_X0Y95          FDCE (Hold_fdce_C_D)         0.091     1.630    clk_div_u/clk_en_reg
  -------------------------------------------------------------------
                         required time                         -1.630    
                         arrival time                           2.063    
  -------------------------------------------------------------------
                         slack                                  0.433    

Slack (MET) :             0.491ns  (arrival time - required time)
  Source:                 clk_div_u/counter_reg[11]/C
                            (rising edge-triggered cell FDCE clocked by sys_clk  {rise@0.000ns fall@5.000ns period=10.000ns})
  Destination:            clk_div_u/counter_reg[11]/D
                            (rising edge-triggered cell FDCE clocked by sys_clk  {rise@0.000ns fall@5.000ns period=10.000ns})
  Path Group:             sys_clk
  Path Type:              Hold (Min at Fast Process Corner)
  Requirement:            0.000ns  (sys_clk rise@0.000ns - sys_clk rise@0.000ns)
  Data Path Delay:        0.583ns  (logic 0.360ns (61.746%)  route 0.223ns (38.254%))
  Logic Levels:           2  (CARRY4=1 LUT4=1)
  Clock Path Skew:        0.000ns (DCD - SCD - CPR)
    Destination Clock Delay (DCD):    2.042ns
    Source Clock Delay      (SCD):    1.523ns
    Clock Pessimism Removal (CPR):    0.518ns

    Location             Delay type                Incr(ns)  Path(ns)    Netlist Resource(s)
  -------------------------------------------------------------------    -------------------
                         (clock sys_clk rise edge)    0.000     0.000 r  
    E3                                                0.000     0.000 r  clock (IN)
                         net (fo=0)                   0.000     0.000    clock
    E3                   IBUF (Prop_ibuf_I_O)         0.250     0.250 r  clock_IBUF_inst/O
                         net (fo=1, routed)           0.644     0.894    clock_IBUF
    BUFGCTRL_X0Y16       BUFG (Prop_bufg_I_O)         0.026     0.920 r  clock_IBUF_BUFG_inst/O
                         net (fo=28, routed)          0.604     1.523    clk_div_u/clk_en_reg_0
    SLICE_X0Y93          FDCE                                         r  clk_div_u/counter_reg[11]/C
  -------------------------------------------------------------------    -------------------
    SLICE_X0Y93          FDCE (Prop_fdce_C_Q)         0.141     1.664 r  clk_div_u/counter_reg[11]/Q
                         net (fo=2, routed)           0.062     1.726    clk_div_u/counter[11]
    SLICE_X1Y93          CARRY4 (Prop_carry4_S[2]_O[2])
                                                      0.111     1.837 r  clk_div_u/counter0_carry__1/O[2]
                         net (fo=1, routed)           0.161     1.998    clk_div_u/data0[11]
    SLICE_X0Y93          LUT4 (Prop_lut4_I3_O)        0.108     2.106 r  clk_div_u/counter[11]_i_1/O
                         net (fo=1, routed)           0.000     2.106    clk_div_u/counter_0[11]
    SLICE_X0Y93          FDCE                                         r  clk_div_u/counter_reg[11]/D
  -------------------------------------------------------------------    -------------------

                         (clock sys_clk rise edge)    0.000     0.000 r  
    E3                                                0.000     0.000 r  clock (IN)
                         net (fo=0)                   0.000     0.000    clock
    E3                   IBUF (Prop_ibuf_I_O)         0.438     0.438 r  clock_IBUF_inst/O
                         net (fo=1, routed)           0.699     1.136    clock_IBUF
    BUFGCTRL_X0Y16       BUFG (Prop_bufg_I_O)         0.029     1.165 r  clock_IBUF_BUFG_inst/O
                         net (fo=28, routed)          0.877     2.042    clk_div_u/clk_en_reg_0
    SLICE_X0Y93          FDCE                                         r  clk_div_u/counter_reg[11]/C
                         clock pessimism             -0.518     1.523    
    SLICE_X0Y93          FDCE (Hold_fdce_C_D)         0.092     1.615    clk_div_u/counter_reg[11]
  -------------------------------------------------------------------
                         required time                         -1.615    
                         arrival time                           2.106    
  -------------------------------------------------------------------
                         slack                                  0.491    

Slack (MET) :             0.494ns  (arrival time - required time)
  Source:                 clk_div_u/counter_reg[18]/C
                            (rising edge-triggered cell FDCE clocked by sys_clk  {rise@0.000ns fall@5.000ns period=10.000ns})
  Destination:            clk_div_u/counter_reg[18]/D
                            (rising edge-triggered cell FDCE clocked by sys_clk  {rise@0.000ns fall@5.000ns period=10.000ns})
  Path Group:             sys_clk
  Path Type:              Hold (Min at Fast Process Corner)
  Requirement:            0.000ns  (sys_clk rise@0.000ns - sys_clk rise@0.000ns)
  Data Path Delay:        0.586ns  (logic 0.358ns (61.046%)  route 0.228ns (38.954%))
  Logic Levels:           2  (CARRY4=1 LUT4=1)
  Clock Path Skew:        0.000ns (DCD - SCD - CPR)
    Destination Clock Delay (DCD):    2.042ns
    Source Clock Delay      (SCD):    1.523ns
    Clock Pessimism Removal (CPR):    0.518ns

    Location             Delay type                Incr(ns)  Path(ns)    Netlist Resource(s)
  -------------------------------------------------------------------    -------------------
                         (clock sys_clk rise edge)    0.000     0.000 r  
    E3                                                0.000     0.000 r  clock (IN)
                         net (fo=0)                   0.000     0.000    clock
    E3                   IBUF (Prop_ibuf_I_O)         0.250     0.250 r  clock_IBUF_inst/O
                         net (fo=1, routed)           0.644     0.894    clock_IBUF
    BUFGCTRL_X0Y16       BUFG (Prop_bufg_I_O)         0.026     0.920 r  clock_IBUF_BUFG_inst/O
                         net (fo=28, routed)          0.604     1.523    clk_div_u/clk_en_reg_0
    SLICE_X0Y95          FDCE                                         r  clk_div_u/counter_reg[18]/C
  -------------------------------------------------------------------    -------------------
    SLICE_X0Y95          FDCE (Prop_fdce_C_Q)         0.141     1.664 r  clk_div_u/counter_reg[18]/Q
                         net (fo=2, routed)           0.064     1.728    clk_div_u/counter[18]
    SLICE_X1Y95          CARRY4 (Prop_carry4_S[1]_O[1])
                                                      0.110     1.838 r  clk_div_u/counter0_carry__3/O[1]
                         net (fo=1, routed)           0.164     2.003    clk_div_u/data0[18]
    SLICE_X0Y95          LUT4 (Prop_lut4_I3_O)        0.107     2.110 r  clk_div_u/counter[18]_i_1/O
                         net (fo=1, routed)           0.000     2.110    clk_div_u/counter_0[18]
    SLICE_X0Y95          FDCE                                         r  clk_div_u/counter_reg[18]/D
  -------------------------------------------------------------------    -------------------

                         (clock sys_clk rise edge)    0.000     0.000 r  
    E3                                                0.000     0.000 r  clock (IN)
                         net (fo=0)                   0.000     0.000    clock
    E3                   IBUF (Prop_ibuf_I_O)         0.438     0.438 r  clock_IBUF_inst/O
                         net (fo=1, routed)           0.699     1.136    clock_IBUF
    BUFGCTRL_X0Y16       BUFG (Prop_bufg_I_O)         0.029     1.165 r  clock_IBUF_BUFG_inst/O
                         net (fo=28, routed)          0.877     2.042    clk_div_u/clk_en_reg_0
    SLICE_X0Y95          FDCE                                         r  clk_div_u/counter_reg[18]/C
                         clock pessimism             -0.518     1.523    
    SLICE_X0Y95          FDCE (Hold_fdce_C_D)         0.092     1.615    clk_div_u/counter_reg[18]
  -------------------------------------------------------------------
                         required time                         -1.615    
                         arrival time                           2.110    
  -------------------------------------------------------------------
                         slack                                  0.494    

Slack (MET) :             0.502ns  (arrival time - required time)
  Source:                 clk_div_u/counter_reg[16]/C
                            (rising edge-triggered cell FDCE clocked by sys_clk  {rise@0.000ns fall@5.000ns period=10.000ns})
  Destination:            clk_div_u/counter_reg[20]/D
                            (rising edge-triggered cell FDCE clocked by sys_clk  {rise@0.000ns fall@5.000ns period=10.000ns})
  Path Group:             sys_clk
  Path Type:              Hold (Min at Fast Process Corner)
  Requirement:            0.000ns  (sys_clk rise@0.000ns - sys_clk rise@0.000ns)
  Data Path Delay:        0.625ns  (logic 0.271ns (43.386%)  route 0.354ns (56.614%))
  Logic Levels:           2  (LUT4=1 LUT5=1)
  Clock Path Skew:        0.016ns (DCD - SCD - CPR)
    Destination Clock Delay (DCD):    2.042ns
    Source Clock Delay      (SCD):    1.523ns
    Clock Pessimism Removal (CPR):    0.502ns

    Location             Delay type                Incr(ns)  Path(ns)    Netlist Resource(s)
  -------------------------------------------------------------------    -------------------
                         (clock sys_clk rise edge)    0.000     0.000 r  
    E3                                                0.000     0.000 r  clock (IN)
                         net (fo=0)                   0.000     0.000    clock
    E3                   IBUF (Prop_ibuf_I_O)         0.250     0.250 r  clock_IBUF_inst/O
                         net (fo=1, routed)           0.644     0.894    clock_IBUF
    BUFGCTRL_X0Y16       BUFG (Prop_bufg_I_O)         0.026     0.920 r  clock_IBUF_BUFG_inst/O
                         net (fo=28, routed)          0.604     1.523    clk_div_u/clk_en_reg_0
    SLICE_X0Y94          FDCE                                         r  clk_div_u/counter_reg[16]/C
  -------------------------------------------------------------------    -------------------
    SLICE_X0Y94          FDCE (Prop_fdce_C_Q)         0.128     1.651 f  clk_div_u/counter_reg[16]/Q
                         net (fo=2, routed)           0.123     1.774    clk_div_u/counter[16]
    SLICE_X0Y94          LUT5 (Prop_lut5_I1_O)        0.098     1.872 r  clk_div_u/counter[26]_i_4/O
                         net (fo=27, routed)          0.231     2.103    clk_div_u/counter[26]_i_4_n_0
    SLICE_X0Y95          LUT4 (Prop_lut4_I2_O)        0.045     2.148 r  clk_div_u/counter[20]_i_1/O
                         net (fo=1, routed)           0.000     2.148    clk_div_u/counter_0[20]
    SLICE_X0Y95          FDCE                                         r  clk_div_u/counter_reg[20]/D
  -------------------------------------------------------------------    -------------------

                         (clock sys_clk rise edge)    0.000     0.000 r  
    E3                                                0.000     0.000 r  clock (IN)
                         net (fo=0)                   0.000     0.000    clock
    E3                   IBUF (Prop_ibuf_I_O)         0.438     0.438 r  clock_IBUF_inst/O
                         net (fo=1, routed)           0.699     1.136    clock_IBUF
    BUFGCTRL_X0Y16       BUFG (Prop_bufg_I_O)         0.029     1.165 r  clock_IBUF_BUFG_inst/O
                         net (fo=28, routed)          0.877     2.042    clk_div_u/clk_en_reg_0
    SLICE_X0Y95          FDCE                                         r  clk_div_u/counter_reg[20]/C
                         clock pessimism             -0.502     1.539    
    SLICE_X0Y95          FDCE (Hold_fdce_C_D)         0.107     1.646    clk_div_u/counter_reg[20]
  -------------------------------------------------------------------
                         required time                         -1.646    
                         arrival time                           2.148    
  -------------------------------------------------------------------
                         slack                                  0.502    

Slack (MET) :             0.506ns  (arrival time - required time)
  Source:                 clk_div_u/counter_reg[16]/C
                            (rising edge-triggered cell FDCE clocked by sys_clk  {rise@0.000ns fall@5.000ns period=10.000ns})
  Destination:            clk_div_u/counter_reg[26]/D
                            (rising edge-triggered cell FDCE clocked by sys_clk  {rise@0.000ns fall@5.000ns period=10.000ns})
  Path Group:             sys_clk
  Path Type:              Hold (Min at Fast Process Corner)
  Requirement:            0.000ns  (sys_clk rise@0.000ns - sys_clk rise@0.000ns)
  Data Path Delay:        0.653ns  (logic 0.272ns (41.624%)  route 0.381ns (58.376%))
  Logic Levels:           2  (LUT4=1 LUT5=1)
  Clock Path Skew:        0.016ns (DCD - SCD - CPR)
    Destination Clock Delay (DCD):    2.042ns
    Source Clock Delay      (SCD):    1.523ns
    Clock Pessimism Removal (CPR):    0.502ns

    Location             Delay type                Incr(ns)  Path(ns)    Netlist Resource(s)
  -------------------------------------------------------------------    -------------------
                         (clock sys_clk rise edge)    0.000     0.000 r  
    E3                                                0.000     0.000 r  clock (IN)
                         net (fo=0)                   0.000     0.000    clock
    E3                   IBUF (Prop_ibuf_I_O)         0.250     0.250 r  clock_IBUF_inst/O
                         net (fo=1, routed)           0.644     0.894    clock_IBUF
    BUFGCTRL_X0Y16       BUFG (Prop_bufg_I_O)         0.026     0.920 r  clock_IBUF_BUFG_inst/O
                         net (fo=28, routed)          0.604     1.523    clk_div_u/clk_en_reg_0
    SLICE_X0Y94          FDCE                                         r  clk_div_u/counter_reg[16]/C
  -------------------------------------------------------------------    -------------------
    SLICE_X0Y94          FDCE (Prop_fdce_C_Q)         0.128     1.651 f  clk_div_u/counter_reg[16]/Q
                         net (fo=2, routed)           0.123     1.774    clk_div_u/counter[16]
    SLICE_X0Y94          LUT5 (Prop_lut5_I1_O)        0.098     1.872 r  clk_div_u/counter[26]_i_4/O
                         net (fo=27, routed)          0.259     2.131    clk_div_u/counter[26]_i_4_n_0
    SLICE_X2Y96          LUT4 (Prop_lut4_I2_O)        0.046     2.177 r  clk_div_u/counter[26]_i_1/O
                         net (fo=1, routed)           0.000     2.177    clk_div_u/counter_0[26]
    SLICE_X2Y96          FDCE                                         r  clk_div_u/counter_reg[26]/D
  -------------------------------------------------------------------    -------------------

                         (clock sys_clk rise edge)    0.000     0.000 r  
    E3                                                0.000     0.000 r  clock (IN)
                         net (fo=0)                   0.000     0.000    clock
    E3                   IBUF (Prop_ibuf_I_O)         0.438     0.438 r  clock_IBUF_inst/O
                         net (fo=1, routed)           0.699     1.136    clock_IBUF
    BUFGCTRL_X0Y16       BUFG (Prop_bufg_I_O)         0.029     1.165 r  clock_IBUF_BUFG_inst/O
                         net (fo=28, routed)          0.877     2.042    clk_div_u/clk_en_reg_0
    SLICE_X2Y96          FDCE                                         r  clk_div_u/counter_reg[26]/C
                         clock pessimism             -0.502     1.539    
    SLICE_X2Y96          FDCE (Hold_fdce_C_D)         0.131     1.670    clk_div_u/counter_reg[26]
  -------------------------------------------------------------------
                         required time                         -1.670    
                         arrival time                           2.177    
  -------------------------------------------------------------------
                         slack                                  0.506    

Slack (MET) :             0.513ns  (arrival time - required time)
  Source:                 clk_div_u/counter_reg[16]/C
                            (rising edge-triggered cell FDCE clocked by sys_clk  {rise@0.000ns fall@5.000ns period=10.000ns})
  Destination:            clk_div_u/counter_reg[15]/D
                            (rising edge-triggered cell FDCE clocked by sys_clk  {rise@0.000ns fall@5.000ns period=10.000ns})
  Path Group:             sys_clk
  Path Type:              Hold (Min at Fast Process Corner)
  Requirement:            0.000ns  (sys_clk rise@0.000ns - sys_clk rise@0.000ns)
  Data Path Delay:        0.620ns  (logic 0.274ns (44.195%)  route 0.346ns (55.805%))
  Logic Levels:           2  (LUT4=1 LUT5=1)
  Clock Path Skew:        0.000ns (DCD - SCD - CPR)
    Destination Clock Delay (DCD):    2.042ns
    Source Clock Delay      (SCD):    1.523ns
    Clock Pessimism Removal (CPR):    0.518ns

    Location             Delay type                Incr(ns)  Path(ns)    Netlist Resource(s)
  -------------------------------------------------------------------    -------------------
                         (clock sys_clk rise edge)    0.000     0.000 r  
    E3                                                0.000     0.000 r  clock (IN)
                         net (fo=0)                   0.000     0.000    clock
    E3                   IBUF (Prop_ibuf_I_O)         0.250     0.250 r  clock_IBUF_inst/O
                         net (fo=1, routed)           0.644     0.894    clock_IBUF
    BUFGCTRL_X0Y16       BUFG (Prop_bufg_I_O)         0.026     0.920 r  clock_IBUF_BUFG_inst/O
                         net (fo=28, routed)          0.604     1.523    clk_div_u/clk_en_reg_0
    SLICE_X0Y94          FDCE                                         r  clk_div_u/counter_reg[16]/C
  -------------------------------------------------------------------    -------------------
    SLICE_X0Y94          FDCE (Prop_fdce_C_Q)         0.128     1.651 f  clk_div_u/counter_reg[16]/Q
                         net (fo=2, routed)           0.123     1.774    clk_div_u/counter[16]
    SLICE_X0Y94          LUT5 (Prop_lut5_I1_O)        0.098     1.872 r  clk_div_u/counter[26]_i_4/O
                         net (fo=27, routed)          0.223     2.095    clk_div_u/counter[26]_i_4_n_0
    SLICE_X0Y94          LUT4 (Prop_lut4_I2_O)        0.048     2.143 r  clk_div_u/counter[15]_i_1/O
                         net (fo=1, routed)           0.000     2.143    clk_div_u/counter_0[15]
    SLICE_X0Y94          FDCE                                         r  clk_div_u/counter_reg[15]/D
  -------------------------------------------------------------------    -------------------

                         (clock sys_clk rise edge)    0.000     0.000 r  
    E3                                                0.000     0.000 r  clock (IN)
                         net (fo=0)                   0.000     0.000    clock
    E3                   IBUF (Prop_ibuf_I_O)         0.438     0.438 r  clock_IBUF_inst/O
                         net (fo=1, routed)           0.699     1.136    clock_IBUF
    BUFGCTRL_X0Y16       BUFG (Prop_bufg_I_O)         0.029     1.165 r  clock_IBUF_BUFG_inst/O
                         net (fo=28, routed)          0.877     2.042    clk_div_u/clk_en_reg_0
    SLICE_X0Y94          FDCE                                         r  clk_div_u/counter_reg[15]/C
                         clock pessimism             -0.518     1.523    
    SLICE_X0Y94          FDCE (Hold_fdce_C_D)         0.107     1.630    clk_div_u/counter_reg[15]
  -------------------------------------------------------------------
                         required time                         -1.630    
                         arrival time                           2.143    
  -------------------------------------------------------------------
                         slack                                  0.513    

Slack (MET) :             0.515ns  (arrival time - required time)
  Source:                 clk_div_u/counter_reg[16]/C
                            (rising edge-triggered cell FDCE clocked by sys_clk  {rise@0.000ns fall@5.000ns period=10.000ns})
  Destination:            clk_div_u/counter_reg[16]/D
                            (rising edge-triggered cell FDCE clocked by sys_clk  {rise@0.000ns fall@5.000ns period=10.000ns})
  Path Group:             sys_clk
  Path Type:              Hold (Min at Fast Process Corner)
  Requirement:            0.000ns  (sys_clk rise@0.000ns - sys_clk rise@0.000ns)
  Data Path Delay:        0.622ns  (logic 0.275ns (44.213%)  route 0.347ns (55.787%))
  Logic Levels:           2  (LUT4=1 LUT5=1)
  Clock Path Skew:        0.000ns (DCD - SCD - CPR)
    Destination Clock Delay (DCD):    2.042ns
    Source Clock Delay      (SCD):    1.523ns
    Clock Pessimism Removal (CPR):    0.518ns

    Location             Delay type                Incr(ns)  Path(ns)    Netlist Resource(s)
  -------------------------------------------------------------------    -------------------
                         (clock sys_clk rise edge)    0.000     0.000 r  
    E3                                                0.000     0.000 r  clock (IN)
                         net (fo=0)                   0.000     0.000    clock
    E3                   IBUF (Prop_ibuf_I_O)         0.250     0.250 r  clock_IBUF_inst/O
                         net (fo=1, routed)           0.644     0.894    clock_IBUF
    BUFGCTRL_X0Y16       BUFG (Prop_bufg_I_O)         0.026     0.920 r  clock_IBUF_BUFG_inst/O
                         net (fo=28, routed)          0.604     1.523    clk_div_u/clk_en_reg_0
    SLICE_X0Y94          FDCE                                         r  clk_div_u/counter_reg[16]/C
  -------------------------------------------------------------------    -------------------
    SLICE_X0Y94          FDCE (Prop_fdce_C_Q)         0.128     1.651 f  clk_div_u/counter_reg[16]/Q
                         net (fo=2, routed)           0.123     1.774    clk_div_u/counter[16]
    SLICE_X0Y94          LUT5 (Prop_lut5_I1_O)        0.098     1.872 r  clk_div_u/counter[26]_i_4/O
                         net (fo=27, routed)          0.224     2.096    clk_div_u/counter[26]_i_4_n_0
    SLICE_X0Y94          LUT4 (Prop_lut4_I2_O)        0.049     2.145 r  clk_div_u/counter[16]_i_1/O
                         net (fo=1, routed)           0.000     2.145    clk_div_u/counter_0[16]
    SLICE_X0Y94          FDCE                                         r  clk_div_u/counter_reg[16]/D
  -------------------------------------------------------------------    -------------------

                         (clock sys_clk rise edge)    0.000     0.000 r  
    E3                                                0.000     0.000 r  clock (IN)
                         net (fo=0)                   0.000     0.000    clock
    E3                   IBUF (Prop_ibuf_I_O)         0.438     0.438 r  clock_IBUF_inst/O
                         net (fo=1, routed)           0.699     1.136    clock_IBUF
    BUFGCTRL_X0Y16       BUFG (Prop_bufg_I_O)         0.029     1.165 r  clock_IBUF_BUFG_inst/O
                         net (fo=28, routed)          0.877     2.042    clk_div_u/clk_en_reg_0
    SLICE_X0Y94          FDCE                                         r  clk_div_u/counter_reg[16]/C
                         clock pessimism             -0.518     1.523    
    SLICE_X0Y94          FDCE (Hold_fdce_C_D)         0.107     1.630    clk_div_u/counter_reg[16]
  -------------------------------------------------------------------
                         required time                         -1.630    
                         arrival time                           2.145    
  -------------------------------------------------------------------
                         slack                                  0.515    

Slack (MET) :             0.516ns  (arrival time - required time)
  Source:                 clk_div_u/counter_reg[16]/C
                            (rising edge-triggered cell FDCE clocked by sys_clk  {rise@0.000ns fall@5.000ns period=10.000ns})
  Destination:            clk_div_u/counter_reg[25]/D
                            (rising edge-triggered cell FDCE clocked by sys_clk  {rise@0.000ns fall@5.000ns period=10.000ns})
  Path Group:             sys_clk
  Path Type:              Hold (Min at Fast Process Corner)
  Requirement:            0.000ns  (sys_clk rise@0.000ns - sys_clk rise@0.000ns)
  Data Path Delay:        0.652ns  (logic 0.271ns (41.535%)  route 0.381ns (58.465%))
  Logic Levels:           2  (LUT4=1 LUT5=1)
  Clock Path Skew:        0.016ns (DCD - SCD - CPR)
    Destination Clock Delay (DCD):    2.042ns
    Source Clock Delay      (SCD):    1.523ns
    Clock Pessimism Removal (CPR):    0.502ns

    Location             Delay type                Incr(ns)  Path(ns)    Netlist Resource(s)
  -------------------------------------------------------------------    -------------------
                         (clock sys_clk rise edge)    0.000     0.000 r  
    E3                                                0.000     0.000 r  clock (IN)
                         net (fo=0)                   0.000     0.000    clock
    E3                   IBUF (Prop_ibuf_I_O)         0.250     0.250 r  clock_IBUF_inst/O
                         net (fo=1, routed)           0.644     0.894    clock_IBUF
    BUFGCTRL_X0Y16       BUFG (Prop_bufg_I_O)         0.026     0.920 r  clock_IBUF_BUFG_inst/O
                         net (fo=28, routed)          0.604     1.523    clk_div_u/clk_en_reg_0
    SLICE_X0Y94          FDCE                                         r  clk_div_u/counter_reg[16]/C
  -------------------------------------------------------------------    -------------------
    SLICE_X0Y94          FDCE (Prop_fdce_C_Q)         0.128     1.651 f  clk_div_u/counter_reg[16]/Q
                         net (fo=2, routed)           0.123     1.774    clk_div_u/counter[16]
    SLICE_X0Y94          LUT5 (Prop_lut5_I1_O)        0.098     1.872 r  clk_div_u/counter[26]_i_4/O
                         net (fo=27, routed)          0.259     2.131    clk_div_u/counter[26]_i_4_n_0
    SLICE_X2Y96          LUT4 (Prop_lut4_I2_O)        0.045     2.176 r  clk_div_u/counter[25]_i_1/O
                         net (fo=1, routed)           0.000     2.176    clk_div_u/counter_0[25]
    SLICE_X2Y96          FDCE                                         r  clk_div_u/counter_reg[25]/D
  -------------------------------------------------------------------    -------------------

                         (clock sys_clk rise edge)    0.000     0.000 r  
    E3                                                0.000     0.000 r  clock (IN)
                         net (fo=0)                   0.000     0.000    clock
    E3                   IBUF (Prop_ibuf_I_O)         0.438     0.438 r  clock_IBUF_inst/O
                         net (fo=1, routed)           0.699     1.136    clock_IBUF
    BUFGCTRL_X0Y16       BUFG (Prop_bufg_I_O)         0.029     1.165 r  clock_IBUF_BUFG_inst/O
                         net (fo=28, routed)          0.877     2.042    clk_div_u/clk_en_reg_0
    SLICE_X2Y96          FDCE                                         r  clk_div_u/counter_reg[25]/C
                         clock pessimism             -0.502     1.539    
    SLICE_X2Y96          FDCE (Hold_fdce_C_D)         0.120     1.659    clk_div_u/counter_reg[25]
  -------------------------------------------------------------------
                         required time                         -1.659    
                         arrival time                           2.176    
  -------------------------------------------------------------------
                         slack                                  0.516    

Slack (MET) :             0.526ns  (arrival time - required time)
  Source:                 clk_div_u/counter_reg[16]/C
                            (rising edge-triggered cell FDCE clocked by sys_clk  {rise@0.000ns fall@5.000ns period=10.000ns})
  Destination:            clk_div_u/counter_reg[13]/D
                            (rising edge-triggered cell FDCE clocked by sys_clk  {rise@0.000ns fall@5.000ns period=10.000ns})
  Path Group:             sys_clk
  Path Type:              Hold (Min at Fast Process Corner)
  Requirement:            0.000ns  (sys_clk rise@0.000ns - sys_clk rise@0.000ns)
  Data Path Delay:        0.617ns  (logic 0.271ns (43.923%)  route 0.346ns (56.077%))
  Logic Levels:           2  (LUT4=1 LUT5=1)
  Clock Path Skew:        0.000ns (DCD - SCD - CPR)
    Destination Clock Delay (DCD):    2.042ns
    Source Clock Delay      (SCD):    1.523ns
    Clock Pessimism Removal (CPR):    0.518ns

    Location             Delay type                Incr(ns)  Path(ns)    Netlist Resource(s)
  -------------------------------------------------------------------    -------------------
                         (clock sys_clk rise edge)    0.000     0.000 r  
    E3                                                0.000     0.000 r  clock (IN)
                         net (fo=0)                   0.000     0.000    clock
    E3                   IBUF (Prop_ibuf_I_O)         0.250     0.250 r  clock_IBUF_inst/O
                         net (fo=1, routed)           0.644     0.894    clock_IBUF
    BUFGCTRL_X0Y16       BUFG (Prop_bufg_I_O)         0.026     0.920 r  clock_IBUF_BUFG_inst/O
                         net (fo=28, routed)          0.604     1.523    clk_div_u/clk_en_reg_0
    SLICE_X0Y94          FDCE                                         r  clk_div_u/counter_reg[16]/C
  -------------------------------------------------------------------    -------------------
    SLICE_X0Y94          FDCE (Prop_fdce_C_Q)         0.128     1.651 f  clk_div_u/counter_reg[16]/Q
                         net (fo=2, routed)           0.123     1.774    clk_div_u/counter[16]
    SLICE_X0Y94          LUT5 (Prop_lut5_I1_O)        0.098     1.872 r  clk_div_u/counter[26]_i_4/O
                         net (fo=27, routed)          0.223     2.095    clk_div_u/counter[26]_i_4_n_0
    SLICE_X0Y94          LUT4 (Prop_lut4_I2_O)        0.045     2.140 r  clk_div_u/counter[13]_i_1/O
                         net (fo=1, routed)           0.000     2.140    clk_div_u/counter_0[13]
    SLICE_X0Y94          FDCE                                         r  clk_div_u/counter_reg[13]/D
  -------------------------------------------------------------------    -------------------

                         (clock sys_clk rise edge)    0.000     0.000 r  
    E3                                                0.000     0.000 r  clock (IN)
                         net (fo=0)                   0.000     0.000    clock
    E3                   IBUF (Prop_ibuf_I_O)         0.438     0.438 r  clock_IBUF_inst/O
                         net (fo=1, routed)           0.699     1.136    clock_IBUF
    BUFGCTRL_X0Y16       BUFG (Prop_bufg_I_O)         0.029     1.165 r  clock_IBUF_BUFG_inst/O
                         net (fo=28, routed)          0.877     2.042    clk_div_u/clk_en_reg_0
    SLICE_X0Y94          FDCE                                         r  clk_div_u/counter_reg[13]/C
                         clock pessimism             -0.518     1.523    
    SLICE_X0Y94          FDCE (Hold_fdce_C_D)         0.091     1.614    clk_div_u/counter_reg[13]
  -------------------------------------------------------------------
                         required time                         -1.614    
                         arrival time                           2.140    
  -------------------------------------------------------------------
                         slack                                  0.526    

Slack (MET) :             0.526ns  (arrival time - required time)
  Source:                 clk_div_u/counter_reg[16]/C
                            (rising edge-triggered cell FDCE clocked by sys_clk  {rise@0.000ns fall@5.000ns period=10.000ns})
  Destination:            clk_div_u/counter_reg[14]/D
                            (rising edge-triggered cell FDCE clocked by sys_clk  {rise@0.000ns fall@5.000ns period=10.000ns})
  Path Group:             sys_clk
  Path Type:              Hold (Min at Fast Process Corner)
  Requirement:            0.000ns  (sys_clk rise@0.000ns - sys_clk rise@0.000ns)
  Data Path Delay:        0.618ns  (logic 0.271ns (43.852%)  route 0.347ns (56.148%))
  Logic Levels:           2  (LUT4=1 LUT5=1)
  Clock Path Skew:        0.000ns (DCD - SCD - CPR)
    Destination Clock Delay (DCD):    2.042ns
    Source Clock Delay      (SCD):    1.523ns
    Clock Pessimism Removal (CPR):    0.518ns

    Location             Delay type                Incr(ns)  Path(ns)    Netlist Resource(s)
  -------------------------------------------------------------------    -------------------
                         (clock sys_clk rise edge)    0.000     0.000 r  
    E3                                                0.000     0.000 r  clock (IN)
                         net (fo=0)                   0.000     0.000    clock
    E3                   IBUF (Prop_ibuf_I_O)         0.250     0.250 r  clock_IBUF_inst/O
                         net (fo=1, routed)           0.644     0.894    clock_IBUF
    BUFGCTRL_X0Y16       BUFG (Prop_bufg_I_O)         0.026     0.920 r  clock_IBUF_BUFG_inst/O
                         net (fo=28, routed)          0.604     1.523    clk_div_u/clk_en_reg_0
    SLICE_X0Y94          FDCE                                         r  clk_div_u/counter_reg[16]/C
  -------------------------------------------------------------------    -------------------
    SLICE_X0Y94          FDCE (Prop_fdce_C_Q)         0.128     1.651 f  clk_div_u/counter_reg[16]/Q
                         net (fo=2, routed)           0.123     1.774    clk_div_u/counter[16]
    SLICE_X0Y94          LUT5 (Prop_lut5_I1_O)        0.098     1.872 r  clk_div_u/counter[26]_i_4/O
                         net (fo=27, routed)          0.224     2.096    clk_div_u/counter[26]_i_4_n_0
    SLICE_X0Y94          LUT4 (Prop_lut4_I2_O)        0.045     2.141 r  clk_div_u/counter[14]_i_1/O
                         net (fo=1, routed)           0.000     2.141    clk_div_u/counter_0[14]
    SLICE_X0Y94          FDCE                                         r  clk_div_u/counter_reg[14]/D
  -------------------------------------------------------------------    -------------------

                         (clock sys_clk rise edge)    0.000     0.000 r  
    E3                                                0.000     0.000 r  clock (IN)
                         net (fo=0)                   0.000     0.000    clock
    E3                   IBUF (Prop_ibuf_I_O)         0.438     0.438 r  clock_IBUF_inst/O
                         net (fo=1, routed)           0.699     1.136    clock_IBUF
    BUFGCTRL_X0Y16       BUFG (Prop_bufg_I_O)         0.029     1.165 r  clock_IBUF_BUFG_inst/O
                         net (fo=28, routed)          0.877     2.042    clk_div_u/clk_en_reg_0
    SLICE_X0Y94          FDCE                                         r  clk_div_u/counter_reg[14]/C
                         clock pessimism             -0.518     1.523    
    SLICE_X0Y94          FDCE (Hold_fdce_C_D)         0.092     1.615    clk_div_u/counter_reg[14]
  -------------------------------------------------------------------
                         required time                         -1.615    
                         arrival time                           2.141    
  -------------------------------------------------------------------
                         slack                                  0.526    





Pulse Width Checks
--------------------------------------------------------------------------------------
Clock Name:         sys_clk
Waveform(ns):       { 0.000 5.000 }
Period(ns):         10.000
Sources:            { clock }

Check Type        Corner  Lib Pin  Reference Pin  Required(ns)  Actual(ns)  Slack(ns)  Location        Pin
Min Period        n/a     BUFG/I   n/a            2.155         10.000      7.845      BUFGCTRL_X0Y16  clock_IBUF_BUFG_inst/I
Min Period        n/a     FDCE/C   n/a            1.000         10.000      9.000      SLICE_X0Y95     clk_div_u/clk_en_reg/C
Min Period        n/a     FDCE/C   n/a            1.000         10.000      9.000      SLICE_X1Y96     clk_div_u/counter_reg[0]/C
Min Period        n/a     FDCE/C   n/a            1.000         10.000      9.000      SLICE_X0Y93     clk_div_u/counter_reg[10]/C
Min Period        n/a     FDCE/C   n/a            1.000         10.000      9.000      SLICE_X0Y93     clk_div_u/counter_reg[11]/C
Min Period        n/a     FDCE/C   n/a            1.000         10.000      9.000      SLICE_X0Y93     clk_div_u/counter_reg[12]/C
Min Period        n/a     FDCE/C   n/a            1.000         10.000      9.000      SLICE_X0Y94     clk_div_u/counter_reg[13]/C
Min Period        n/a     FDCE/C   n/a            1.000         10.000      9.000      SLICE_X0Y94     clk_div_u/counter_reg[14]/C
Min Period        n/a     FDCE/C   n/a            1.000         10.000      9.000      SLICE_X0Y94     clk_div_u/counter_reg[15]/C
Min Period        n/a     FDCE/C   n/a            1.000         10.000      9.000      SLICE_X0Y94     clk_div_u/counter_reg[16]/C
Low Pulse Width   Slow    FDCE/C   n/a            0.500         5.000       4.500      SLICE_X0Y95     clk_div_u/clk_en_reg/C
Low Pulse Width   Fast    FDCE/C   n/a            0.500         5.000       4.500      SLICE_X0Y95     clk_div_u/clk_en_reg/C
Low Pulse Width   Slow    FDCE/C   n/a            0.500         5.000       4.500      SLICE_X1Y96     clk_div_u/counter_reg[0]/C
Low Pulse Width   Fast    FDCE/C   n/a            0.500         5.000       4.500      SLICE_X1Y96     clk_div_u/counter_reg[0]/C
Low Pulse Width   Slow    FDCE/C   n/a            0.500         5.000       4.500      SLICE_X0Y93     clk_div_u/counter_reg[10]/C
Low Pulse Width   Fast    FDCE/C   n/a            0.500         5.000       4.500      SLICE_X0Y93     clk_div_u/counter_reg[10]/C
Low Pulse Width   Slow    FDCE/C   n/a            0.500         5.000       4.500      SLICE_X0Y93     clk_div_u/counter_reg[11]/C
Low Pulse Width   Fast    FDCE/C   n/a            0.500         5.000       4.500      SLICE_X0Y93     clk_div_u/counter_reg[11]/C
Low Pulse Width   Slow    FDCE/C   n/a            0.500         5.000       4.500      SLICE_X0Y93     clk_div_u/counter_reg[12]/C
Low Pulse Width   Fast    FDCE/C   n/a            0.500         5.000       4.500      SLICE_X0Y93     clk_div_u/counter_reg[12]/C
High Pulse Width  Slow    FDCE/C   n/a            0.500         5.000       4.500      SLICE_X0Y95     clk_div_u/clk_en_reg/C
High Pulse Width  Fast    FDCE/C   n/a            0.500         5.000       4.500      SLICE_X0Y95     clk_div_u/clk_en_reg/C
High Pulse Width  Slow    FDCE/C   n/a            0.500         5.000       4.500      SLICE_X1Y96     clk_div_u/counter_reg[0]/C
High Pulse Width  Fast    FDCE/C   n/a            0.500         5.000       4.500      SLICE_X1Y96     clk_div_u/counter_reg[0]/C
High Pulse Width  Slow    FDCE/C   n/a            0.500         5.000       4.500      SLICE_X0Y93     clk_div_u/counter_reg[10]/C
High Pulse Width  Fast    FDCE/C   n/a            0.500         5.000       4.500      SLICE_X0Y93     clk_div_u/counter_reg[10]/C
High Pulse Width  Slow    FDCE/C   n/a            0.500         5.000       4.500      SLICE_X0Y93     clk_div_u/counter_reg[11]/C
High Pulse Width  Fast    FDCE/C   n/a            0.500         5.000       4.500      SLICE_X0Y93     clk_div_u/counter_reg[11]/C
High Pulse Width  Slow    FDCE/C   n/a            0.500         5.000       4.500      SLICE_X0Y93     clk_div_u/counter_reg[12]/C
High Pulse Width  Fast    FDCE/C   n/a            0.500         5.000       4.500      SLICE_X0Y93     clk_div_u/counter_reg[12]/C



--------------------------------------------------------------------------------------
Path Group:  (none)
From Clock:  
  To Clock:  

Max Delay            31 Endpoints
Min Delay            31 Endpoints
--------------------------------------------------------------------------------------


Max Delay Paths
--------------------------------------------------------------------------------------
Slack:                    inf
  Source:                 dut/u_ex_mem_wb/ex_mem_dest_reg_sel_reg[3]/C
                            (rising edge-triggered cell FDCE)
  Destination:            led[3]
                            (output port)
  Path Group:             (none)
  Path Type:              Max at Slow Process Corner
  Data Path Delay:        6.424ns  (logic 4.142ns (64.467%)  route 2.283ns (35.533%))
  Logic Levels:           2  (FDCE=1 OBUF=1)

    Location             Delay type                Incr(ns)  Path(ns)    Netlist Resource(s)
  -------------------------------------------------------------------    -------------------
    SLICE_X0Y99          FDCE                         0.000     0.000 r  dut/u_ex_mem_wb/ex_mem_dest_reg_sel_reg[3]/C
    SLICE_X0Y99          FDCE (Prop_fdce_C_Q)         0.419     0.419 r  dut/u_ex_mem_wb/ex_mem_dest_reg_sel_reg[3]/Q
                         net (fo=1, routed)           2.283     2.702    led_OBUF[3]
    N14                  OBUF (Prop_obuf_I_O)         3.723     6.424 r  led_OBUF[3]_inst/O
                         net (fo=0)                   0.000     6.424    led[3]
    N14                                                               r  led[3] (OUT)
  -------------------------------------------------------------------    -------------------

Slack:                    inf
  Source:                 dut/u_ex_mem_wb/ex_mem_dest_reg_sel_reg[2]/C
                            (rising edge-triggered cell FDCE)
  Destination:            led[2]
                            (output port)
  Path Group:             (none)
  Path Type:              Max at Slow Process Corner
  Data Path Delay:        6.418ns  (logic 4.147ns (64.610%)  route 2.271ns (35.390%))
  Logic Levels:           2  (FDCE=1 OBUF=1)

    Location             Delay type                Incr(ns)  Path(ns)    Netlist Resource(s)
  -------------------------------------------------------------------    -------------------
    SLICE_X0Y99          FDCE                         0.000     0.000 r  dut/u_ex_mem_wb/ex_mem_dest_reg_sel_reg[2]/C
    SLICE_X0Y99          FDCE (Prop_fdce_C_Q)         0.419     0.419 r  dut/u_ex_mem_wb/ex_mem_dest_reg_sel_reg[2]/Q
                         net (fo=1, routed)           2.271     2.690    led_OBUF[2]
    J13                  OBUF (Prop_obuf_I_O)         3.728     6.418 r  led_OBUF[2]_inst/O
                         net (fo=0)                   0.000     6.418    led[2]
    J13                                                               r  led[2] (OUT)
  -------------------------------------------------------------------    -------------------

Slack:                    inf
  Source:                 dut/u_ex_mem_wb/ex_mem_dest_reg_sel_reg[0]/C
                            (rising edge-triggered cell FDCE)
  Destination:            led[0]
                            (output port)
  Path Group:             (none)
  Path Type:              Max at Slow Process Corner
  Data Path Delay:        6.086ns  (logic 3.976ns (65.335%)  route 2.110ns (34.665%))
  Logic Levels:           2  (FDCE=1 OBUF=1)

    Location             Delay type                Incr(ns)  Path(ns)    Netlist Resource(s)
  -------------------------------------------------------------------    -------------------
    SLICE_X0Y99          FDCE                         0.000     0.000 r  dut/u_ex_mem_wb/ex_mem_dest_reg_sel_reg[0]/C
    SLICE_X0Y99          FDCE (Prop_fdce_C_Q)         0.456     0.456 r  dut/u_ex_mem_wb/ex_mem_dest_reg_sel_reg[0]/Q
                         net (fo=1, routed)           2.110     2.566    led_OBUF[0]
    H17                  OBUF (Prop_obuf_I_O)         3.520     6.086 r  led_OBUF[0]_inst/O
                         net (fo=0)                   0.000     6.086    led[0]
    H17                                                               r  led[0] (OUT)
  -------------------------------------------------------------------    -------------------

Slack:                    inf
  Source:                 dut/u_ex_mem_wb/ex_mem_dest_reg_sel_reg[4]/C
                            (rising edge-triggered cell FDCE)
  Destination:            led[4]
                            (output port)
  Path Group:             (none)
  Path Type:              Max at Slow Process Corner
  Data Path Delay:        5.928ns  (logic 4.008ns (67.605%)  route 1.920ns (32.395%))
  Logic Levels:           2  (FDCE=1 OBUF=1)

    Location             Delay type                Incr(ns)  Path(ns)    Netlist Resource(s)
  -------------------------------------------------------------------    -------------------
    SLICE_X0Y97          FDCE                         0.000     0.000 r  dut/u_ex_mem_wb/ex_mem_dest_reg_sel_reg[4]/C
    SLICE_X0Y97          FDCE (Prop_fdce_C_Q)         0.456     0.456 r  dut/u_ex_mem_wb/ex_mem_dest_reg_sel_reg[4]/Q
                         net (fo=1, routed)           1.920     2.376    led_OBUF[4]
    R18                  OBUF (Prop_obuf_I_O)         3.552     5.928 r  led_OBUF[4]_inst/O
                         net (fo=0)                   0.000     5.928    led[4]
    R18                                                               r  led[4] (OUT)
  -------------------------------------------------------------------    -------------------

Slack:                    inf
  Source:                 dut/u_ex_mem_wb/ex_mem_dest_reg_sel_reg[1]/C
                            (rising edge-triggered cell FDCE)
  Destination:            led[1]
                            (output port)
  Path Group:             (none)
  Path Type:              Max at Slow Process Corner
  Data Path Delay:        5.819ns  (logic 3.991ns (68.589%)  route 1.828ns (31.411%))
  Logic Levels:           2  (FDCE=1 OBUF=1)

    Location             Delay type                Incr(ns)  Path(ns)    Netlist Resource(s)
  -------------------------------------------------------------------    -------------------
    SLICE_X0Y99          FDCE                         0.000     0.000 r  dut/u_ex_mem_wb/ex_mem_dest_reg_sel_reg[1]/C
    SLICE_X0Y99          FDCE (Prop_fdce_C_Q)         0.456     0.456 r  dut/u_ex_mem_wb/ex_mem_dest_reg_sel_reg[1]/Q
                         net (fo=1, routed)           1.828     2.284    led_OBUF[1]
    K15                  OBUF (Prop_obuf_I_O)         3.535     5.819 r  led_OBUF[1]_inst/O
                         net (fo=0)                   0.000     5.819    led[1]
    K15                                                               r  led[1] (OUT)
  -------------------------------------------------------------------    -------------------

Slack:                    inf
  Source:                 reset
                            (input port)
  Destination:            dut/u_ex_mem_wb/ex_mem_dest_reg_sel_reg[0]/CLR
  Path Group:             (none)
  Path Type:              Max at Slow Process Corner
  Data Path Delay:        3.706ns  (logic 1.477ns (39.842%)  route 2.229ns (60.158%))
  Logic Levels:           1  (IBUF=1)

    Location             Delay type                Incr(ns)  Path(ns)    Netlist Resource(s)
  -------------------------------------------------------------------    -------------------
    N17                                               0.000     0.000 f  reset (IN)
                         net (fo=0)                   0.000     0.000    reset
    N17                  IBUF (Prop_ibuf_I_O)         1.477     1.477 f  reset_IBUF_inst/O
                         net (fo=41, routed)          2.229     3.706    dut/u_ex_mem_wb/reset_IBUF
    SLICE_X0Y99          FDCE                                         f  dut/u_ex_mem_wb/ex_mem_dest_reg_sel_reg[0]/CLR
  -------------------------------------------------------------------    -------------------

Slack:                    inf
  Source:                 reset
                            (input port)
  Destination:            dut/u_ex_mem_wb/ex_mem_dest_reg_sel_reg[1]/CLR
  Path Group:             (none)
  Path Type:              Max at Slow Process Corner
  Data Path Delay:        3.706ns  (logic 1.477ns (39.842%)  route 2.229ns (60.158%))
  Logic Levels:           1  (IBUF=1)

    Location             Delay type                Incr(ns)  Path(ns)    Netlist Resource(s)
  -------------------------------------------------------------------    -------------------
    N17                                               0.000     0.000 f  reset (IN)
                         net (fo=0)                   0.000     0.000    reset
    N17                  IBUF (Prop_ibuf_I_O)         1.477     1.477 f  reset_IBUF_inst/O
                         net (fo=41, routed)          2.229     3.706    dut/u_ex_mem_wb/reset_IBUF
    SLICE_X0Y99          FDCE                                         f  dut/u_ex_mem_wb/ex_mem_dest_reg_sel_reg[1]/CLR
  -------------------------------------------------------------------    -------------------

Slack:                    inf
  Source:                 reset
                            (input port)
  Destination:            dut/u_ex_mem_wb/ex_mem_dest_reg_sel_reg[2]/CLR
  Path Group:             (none)
  Path Type:              Max at Slow Process Corner
  Data Path Delay:        3.706ns  (logic 1.477ns (39.842%)  route 2.229ns (60.158%))
  Logic Levels:           1  (IBUF=1)

    Location             Delay type                Incr(ns)  Path(ns)    Netlist Resource(s)
  -------------------------------------------------------------------    -------------------
    N17                                               0.000     0.000 f  reset (IN)
                         net (fo=0)                   0.000     0.000    reset
    N17                  IBUF (Prop_ibuf_I_O)         1.477     1.477 f  reset_IBUF_inst/O
                         net (fo=41, routed)          2.229     3.706    dut/u_ex_mem_wb/reset_IBUF
    SLICE_X0Y99          FDCE                                         f  dut/u_ex_mem_wb/ex_mem_dest_reg_sel_reg[2]/CLR
  -------------------------------------------------------------------    -------------------

Slack:                    inf
  Source:                 reset
                            (input port)
  Destination:            dut/u_ex_mem_wb/ex_mem_dest_reg_sel_reg[3]/CLR
  Path Group:             (none)
  Path Type:              Max at Slow Process Corner
  Data Path Delay:        3.706ns  (logic 1.477ns (39.842%)  route 2.229ns (60.158%))
  Logic Levels:           1  (IBUF=1)

    Location             Delay type                Incr(ns)  Path(ns)    Netlist Resource(s)
  -------------------------------------------------------------------    -------------------
    N17                                               0.000     0.000 f  reset (IN)
                         net (fo=0)                   0.000     0.000    reset
    N17                  IBUF (Prop_ibuf_I_O)         1.477     1.477 f  reset_IBUF_inst/O
                         net (fo=41, routed)          2.229     3.706    dut/u_ex_mem_wb/reset_IBUF
    SLICE_X0Y99          FDCE                                         f  dut/u_ex_mem_wb/ex_mem_dest_reg_sel_reg[3]/CLR
  -------------------------------------------------------------------    -------------------

Slack:                    inf
  Source:                 reset
                            (input port)
  Destination:            addr_reg[6]/CLR
  Path Group:             (none)
  Path Type:              Max at Slow Process Corner
  Data Path Delay:        3.693ns  (logic 1.477ns (39.985%)  route 2.216ns (60.015%))
  Logic Levels:           1  (IBUF=1)

    Location             Delay type                Incr(ns)  Path(ns)    Netlist Resource(s)
  -------------------------------------------------------------------    -------------------
    N17                                               0.000     0.000 f  reset (IN)
                         net (fo=0)                   0.000     0.000    reset
    N17                  IBUF (Prop_ibuf_I_O)         1.477     1.477 f  reset_IBUF_inst/O
                         net (fo=41, routed)          2.216     3.693    reset_IBUF
    SLICE_X2Y98          FDCE                                         f  addr_reg[6]/CLR
  -------------------------------------------------------------------    -------------------





Min Delay Paths
--------------------------------------------------------------------------------------
Slack:                    inf
  Source:                 addr_reg[3]/C
                            (rising edge-triggered cell FDCE)
  Destination:            dut/u_ex_mem_wb/ex_mem_dest_reg_sel_reg[4]/D
  Path Group:             (none)
  Path Type:              Min at Fast Process Corner
  Data Path Delay:        0.318ns  (logic 0.227ns (71.456%)  route 0.091ns (28.544%))
  Logic Levels:           2  (FDCE=1 LUT5=1)

    Location             Delay type                Incr(ns)  Path(ns)    Netlist Resource(s)
  -------------------------------------------------------------------    -------------------
    SLICE_X0Y97          FDCE                         0.000     0.000 r  addr_reg[3]/C
    SLICE_X0Y97          FDCE (Prop_fdce_C_Q)         0.128     0.128 f  addr_reg[3]/Q
                         net (fo=11, routed)          0.091     0.219    dut/u_ex_mem_wb/Q[3]
    SLICE_X0Y97          LUT5 (Prop_lut5_I2_O)        0.099     0.318 r  dut/u_ex_mem_wb/ex_mem_dest_reg_sel[4]_i_1/O
                         net (fo=1, routed)           0.000     0.318    dut/u_ex_mem_wb/dest_reg_sel[4]
    SLICE_X0Y97          FDCE                                         r  dut/u_ex_mem_wb/ex_mem_dest_reg_sel_reg[4]/D
  -------------------------------------------------------------------    -------------------

Slack:                    inf
  Source:                 addr_reg[5]/C
                            (rising edge-triggered cell FDCE)
  Destination:            addr_reg[5]/D
  Path Group:             (none)
  Path Type:              Min at Fast Process Corner
  Data Path Delay:        0.354ns  (logic 0.186ns (52.507%)  route 0.168ns (47.493%))
  Logic Levels:           2  (FDCE=1 LUT6=1)

    Location             Delay type                Incr(ns)  Path(ns)    Netlist Resource(s)
  -------------------------------------------------------------------    -------------------
    SLICE_X1Y98          FDCE                         0.000     0.000 r  addr_reg[5]/C
    SLICE_X1Y98          FDCE (Prop_fdce_C_Q)         0.141     0.141 r  addr_reg[5]/Q
                         net (fo=5, routed)           0.168     0.309    addr_reg_n_0_[5]
    SLICE_X1Y98          LUT6 (Prop_lut6_I5_O)        0.045     0.354 r  addr[5]_i_1/O
                         net (fo=1, routed)           0.000     0.354    addr[5]
    SLICE_X1Y98          FDCE                                         r  addr_reg[5]/D
  -------------------------------------------------------------------    -------------------

Slack:                    inf
  Source:                 addr_reg[1]/C
                            (rising edge-triggered cell FDCE)
  Destination:            addr_reg[4]/D
  Path Group:             (none)
  Path Type:              Min at Fast Process Corner
  Data Path Delay:        0.357ns  (logic 0.186ns (52.052%)  route 0.171ns (47.948%))
  Logic Levels:           2  (FDCE=1 LUT6=1)

    Location             Delay type                Incr(ns)  Path(ns)    Netlist Resource(s)
  -------------------------------------------------------------------    -------------------
    SLICE_X0Y98          FDCE                         0.000     0.000 r  addr_reg[1]/C
    SLICE_X0Y98          FDCE (Prop_fdce_C_Q)         0.141     0.141 r  addr_reg[1]/Q
                         net (fo=12, routed)          0.171     0.312    addr_reg_n_0_[1]
    SLICE_X1Y98          LUT6 (Prop_lut6_I1_O)        0.045     0.357 r  addr[4]_i_1/O
                         net (fo=1, routed)           0.000     0.357    addr[4]
    SLICE_X1Y98          FDCE                                         r  addr_reg[4]/D
  -------------------------------------------------------------------    -------------------

Slack:                    inf
  Source:                 addr_reg[7]/C
                            (rising edge-triggered cell FDCE)
  Destination:            addr_reg[7]/D
  Path Group:             (none)
  Path Type:              Min at Fast Process Corner
  Data Path Delay:        0.384ns  (logic 0.209ns (54.393%)  route 0.175ns (45.607%))
  Logic Levels:           2  (FDCE=1 LUT6=1)

    Location             Delay type                Incr(ns)  Path(ns)    Netlist Resource(s)
  -------------------------------------------------------------------    -------------------
    SLICE_X2Y98          FDCE                         0.000     0.000 r  addr_reg[7]/C
    SLICE_X2Y98          FDCE (Prop_fdce_C_Q)         0.164     0.164 r  addr_reg[7]/Q
                         net (fo=3, routed)           0.175     0.339    addr_reg_n_0_[7]
    SLICE_X2Y98          LUT6 (Prop_lut6_I5_O)        0.045     0.384 r  addr[7]_i_1/O
                         net (fo=1, routed)           0.000     0.384    addr[7]
    SLICE_X2Y98          FDCE                                         r  addr_reg[7]/D
  -------------------------------------------------------------------    -------------------

Slack:                    inf
  Source:                 addr_reg[2]/C
                            (rising edge-triggered cell FDCE)
  Destination:            addr_reg[3]/D
  Path Group:             (none)
  Path Type:              Min at Fast Process Corner
  Data Path Delay:        0.391ns  (logic 0.183ns (46.799%)  route 0.208ns (53.201%))
  Logic Levels:           2  (FDCE=1 LUT4=1)

    Location             Delay type                Incr(ns)  Path(ns)    Netlist Resource(s)
  -------------------------------------------------------------------    -------------------
    SLICE_X0Y97          FDCE                         0.000     0.000 r  addr_reg[2]/C
    SLICE_X0Y97          FDCE (Prop_fdce_C_Q)         0.141     0.141 r  addr_reg[2]/Q
                         net (fo=11, routed)          0.208     0.349    addr_reg_n_0_[2]
    SLICE_X0Y97          LUT4 (Prop_lut4_I0_O)        0.042     0.391 r  addr[3]_i_1/O
                         net (fo=1, routed)           0.000     0.391    addr[3]
    SLICE_X0Y97          FDCE                                         r  addr_reg[3]/D
  -------------------------------------------------------------------    -------------------

Slack:                    inf
  Source:                 addr_reg[4]/C
                            (rising edge-triggered cell FDCE)
  Destination:            dut/u_ex_mem_wb/ex_mem_dest_reg_sel_reg[0]/D
  Path Group:             (none)
  Path Type:              Min at Fast Process Corner
  Data Path Delay:        0.392ns  (logic 0.186ns (47.395%)  route 0.206ns (52.605%))
  Logic Levels:           2  (FDCE=1 LUT5=1)

    Location             Delay type                Incr(ns)  Path(ns)    Netlist Resource(s)
  -------------------------------------------------------------------    -------------------
    SLICE_X1Y98          FDCE                         0.000     0.000 r  addr_reg[4]/C
    SLICE_X1Y98          FDCE (Prop_fdce_C_Q)         0.141     0.141 f  addr_reg[4]/Q
                         net (fo=10, routed)          0.206     0.347    dut/u_ex_mem_wb/Q[4]
    SLICE_X0Y99          LUT5 (Prop_lut5_I4_O)        0.045     0.392 r  dut/u_ex_mem_wb/ex_mem_dest_reg_sel[0]_i_1/O
                         net (fo=1, routed)           0.000     0.392    dut/u_ex_mem_wb/dest_reg_sel[0]
    SLICE_X0Y99          FDCE                                         r  dut/u_ex_mem_wb/ex_mem_dest_reg_sel_reg[0]/D
  -------------------------------------------------------------------    -------------------

Slack:                    inf
  Source:                 addr_reg[4]/C
                            (rising edge-triggered cell FDCE)
  Destination:            dut/u_ex_mem_wb/ex_mem_dest_reg_sel_reg[1]/D
  Path Group:             (none)
  Path Type:              Min at Fast Process Corner
  Data Path Delay:        0.393ns  (logic 0.186ns (47.274%)  route 0.207ns (52.726%))
  Logic Levels:           2  (FDCE=1 LUT5=1)

    Location             Delay type                Incr(ns)  Path(ns)    Netlist Resource(s)
  -------------------------------------------------------------------    -------------------
    SLICE_X1Y98          FDCE                         0.000     0.000 r  addr_reg[4]/C
    SLICE_X1Y98          FDCE (Prop_fdce_C_Q)         0.141     0.141 f  addr_reg[4]/Q
                         net (fo=10, routed)          0.207     0.348    dut/u_ex_mem_wb/Q[4]
    SLICE_X0Y99          LUT5 (Prop_lut5_I4_O)        0.045     0.393 r  dut/u_ex_mem_wb/ex_mem_dest_reg_sel[1]_i_1/O
                         net (fo=1, routed)           0.000     0.393    dut/u_ex_mem_wb/dest_reg_sel[1]
    SLICE_X0Y99          FDCE                                         r  dut/u_ex_mem_wb/ex_mem_dest_reg_sel_reg[1]/D
  -------------------------------------------------------------------    -------------------

Slack:                    inf
  Source:                 addr_reg[2]/C
                            (rising edge-triggered cell FDCE)
  Destination:            addr_reg[2]/D
  Path Group:             (none)
  Path Type:              Min at Fast Process Corner
  Data Path Delay:        0.394ns  (logic 0.186ns (47.204%)  route 0.208ns (52.796%))
  Logic Levels:           2  (FDCE=1 LUT3=1)

    Location             Delay type                Incr(ns)  Path(ns)    Netlist Resource(s)
  -------------------------------------------------------------------    -------------------
    SLICE_X0Y97          FDCE                         0.000     0.000 r  addr_reg[2]/C
    SLICE_X0Y97          FDCE (Prop_fdce_C_Q)         0.141     0.141 r  addr_reg[2]/Q
                         net (fo=11, routed)          0.208     0.349    addr_reg_n_0_[2]
    SLICE_X0Y97          LUT3 (Prop_lut3_I2_O)        0.045     0.394 r  addr[2]_i_1/O
                         net (fo=1, routed)           0.000     0.394    addr[2]
    SLICE_X0Y97          FDCE                                         r  addr_reg[2]/D
  -------------------------------------------------------------------    -------------------

Slack:                    inf
  Source:                 addr_reg[0]/C
                            (rising edge-triggered cell FDCE)
  Destination:            addr_reg[1]/D
  Path Group:             (none)
  Path Type:              Min at Fast Process Corner
  Data Path Delay:        0.395ns  (logic 0.186ns (47.066%)  route 0.209ns (52.934%))
  Logic Levels:           2  (FDCE=1 LUT3=1)

    Location             Delay type                Incr(ns)  Path(ns)    Netlist Resource(s)
  -------------------------------------------------------------------    -------------------
    SLICE_X0Y98          FDCE                         0.000     0.000 r  addr_reg[0]/C
    SLICE_X0Y98          FDCE (Prop_fdce_C_Q)         0.141     0.141 r  addr_reg[0]/Q
                         net (fo=12, routed)          0.209     0.350    addr_reg_n_0_[0]
    SLICE_X0Y98          LUT3 (Prop_lut3_I2_O)        0.045     0.395 r  addr[1]_i_1/O
                         net (fo=1, routed)           0.000     0.395    addr[1]
    SLICE_X0Y98          FDCE                                         r  addr_reg[1]/D
  -------------------------------------------------------------------    -------------------

Slack:                    inf
  Source:                 addr_reg[4]/C
                            (rising edge-triggered cell FDCE)
  Destination:            dut/u_ex_mem_wb/ex_mem_dest_reg_sel_reg[2]/D
  Path Group:             (none)
  Path Type:              Min at Fast Process Corner
  Data Path Delay:        0.395ns  (logic 0.189ns (47.794%)  route 0.206ns (52.206%))
  Logic Levels:           2  (FDCE=1 LUT5=1)

    Location             Delay type                Incr(ns)  Path(ns)    Netlist Resource(s)
  -------------------------------------------------------------------    -------------------
    SLICE_X1Y98          FDCE                         0.000     0.000 r  addr_reg[4]/C
    SLICE_X1Y98          FDCE (Prop_fdce_C_Q)         0.141     0.141 f  addr_reg[4]/Q
                         net (fo=10, routed)          0.206     0.347    dut/u_ex_mem_wb/Q[4]
    SLICE_X0Y99          LUT5 (Prop_lut5_I4_O)        0.048     0.395 r  dut/u_ex_mem_wb/ex_mem_dest_reg_sel[2]_i_1/O
                         net (fo=1, routed)           0.000     0.395    dut/u_ex_mem_wb/dest_reg_sel[2]
    SLICE_X0Y99          FDCE                                         r  dut/u_ex_mem_wb/ex_mem_dest_reg_sel_reg[2]/D
  -------------------------------------------------------------------    -------------------





--------------------------------------------------------------------------------------
Path Group:  (none)
From Clock:  
  To Clock:  sys_clk

Max Delay            28 Endpoints
Min Delay            28 Endpoints
--------------------------------------------------------------------------------------


Max Delay Paths
--------------------------------------------------------------------------------------
Slack:                    inf
  Source:                 reset
                            (input port)
  Destination:            clk_div_u/counter_reg[21]/CLR
                            (recovery check against rising-edge clock sys_clk  {rise@0.000ns fall@5.000ns period=10.000ns})
  Path Group:             (none)
  Path Type:              Recovery (Max at Slow Process Corner)
  Data Path Delay:        3.547ns  (logic 1.477ns (41.625%)  route 2.071ns (58.375%))
  Logic Levels:           1  (IBUF=1)
  Clock Path Skew:        5.028ns (DCD - SCD + CPR)
    Destination Clock Delay (DCD):    5.028ns
    Source Clock Delay      (SCD):    0.000ns
    Clock Pessimism Removal (CPR):    0.000ns
  Clock Uncertainty:      0.025ns  ((TSJ^2 + TIJ^2)^1/2 + DJ) / 2 + PE
    Total System Jitter     (TSJ):    0.050ns
    Total Input Jitter      (TIJ):    0.000ns
    Discrete Jitter          (DJ):    0.000ns
    Phase Error              (PE):    0.000ns

    Location             Delay type                Incr(ns)  Path(ns)    Netlist Resource(s)
  -------------------------------------------------------------------    -------------------
    N17                                               0.000     0.000 f  reset (IN)
                         net (fo=0)                   0.000     0.000    reset
    N17                  IBUF (Prop_ibuf_I_O)         1.477     1.477 f  reset_IBUF_inst/O
                         net (fo=41, routed)          2.071     3.547    clk_div_u/reset_IBUF
    SLICE_X0Y96          FDCE                                         f  clk_div_u/counter_reg[21]/CLR
  -------------------------------------------------------------------    -------------------

                         (clock sys_clk rise edge)    0.000     0.000 r  
    E3                                                0.000     0.000 r  clock (IN)
                         net (fo=0)                   0.000     0.000    clock
    E3                   IBUF (Prop_ibuf_I_O)         1.411     1.411 r  clock_IBUF_inst/O
                         net (fo=1, routed)           1.920     3.331    clock_IBUF
    BUFGCTRL_X0Y16       BUFG (Prop_bufg_I_O)         0.091     3.422 r  clock_IBUF_BUFG_inst/O
                         net (fo=28, routed)          1.605     5.028    clk_div_u/clk_en_reg_0
    SLICE_X0Y96          FDCE                                         r  clk_div_u/counter_reg[21]/C

Slack:                    inf
  Source:                 reset
                            (input port)
  Destination:            clk_div_u/counter_reg[22]/CLR
                            (recovery check against rising-edge clock sys_clk  {rise@0.000ns fall@5.000ns period=10.000ns})
  Path Group:             (none)
  Path Type:              Recovery (Max at Slow Process Corner)
  Data Path Delay:        3.547ns  (logic 1.477ns (41.625%)  route 2.071ns (58.375%))
  Logic Levels:           1  (IBUF=1)
  Clock Path Skew:        5.028ns (DCD - SCD + CPR)
    Destination Clock Delay (DCD):    5.028ns
    Source Clock Delay      (SCD):    0.000ns
    Clock Pessimism Removal (CPR):    0.000ns
  Clock Uncertainty:      0.025ns  ((TSJ^2 + TIJ^2)^1/2 + DJ) / 2 + PE
    Total System Jitter     (TSJ):    0.050ns
    Total Input Jitter      (TIJ):    0.000ns
    Discrete Jitter          (DJ):    0.000ns
    Phase Error              (PE):    0.000ns

    Location             Delay type                Incr(ns)  Path(ns)    Netlist Resource(s)
  -------------------------------------------------------------------    -------------------
    N17                                               0.000     0.000 f  reset (IN)
                         net (fo=0)                   0.000     0.000    reset
    N17                  IBUF (Prop_ibuf_I_O)         1.477     1.477 f  reset_IBUF_inst/O
                         net (fo=41, routed)          2.071     3.547    clk_div_u/reset_IBUF
    SLICE_X0Y96          FDCE                                         f  clk_div_u/counter_reg[22]/CLR
  -------------------------------------------------------------------    -------------------

                         (clock sys_clk rise edge)    0.000     0.000 r  
    E3                                                0.000     0.000 r  clock (IN)
                         net (fo=0)                   0.000     0.000    clock
    E3                   IBUF (Prop_ibuf_I_O)         1.411     1.411 r  clock_IBUF_inst/O
                         net (fo=1, routed)           1.920     3.331    clock_IBUF
    BUFGCTRL_X0Y16       BUFG (Prop_bufg_I_O)         0.091     3.422 r  clock_IBUF_BUFG_inst/O
                         net (fo=28, routed)          1.605     5.028    clk_div_u/clk_en_reg_0
    SLICE_X0Y96          FDCE                                         r  clk_div_u/counter_reg[22]/C

Slack:                    inf
  Source:                 reset
                            (input port)
  Destination:            clk_div_u/counter_reg[23]/CLR
                            (recovery check against rising-edge clock sys_clk  {rise@0.000ns fall@5.000ns period=10.000ns})
  Path Group:             (none)
  Path Type:              Recovery (Max at Slow Process Corner)
  Data Path Delay:        3.547ns  (logic 1.477ns (41.625%)  route 2.071ns (58.375%))
  Logic Levels:           1  (IBUF=1)
  Clock Path Skew:        5.028ns (DCD - SCD + CPR)
    Destination Clock Delay (DCD):    5.028ns
    Source Clock Delay      (SCD):    0.000ns
    Clock Pessimism Removal (CPR):    0.000ns
  Clock Uncertainty:      0.025ns  ((TSJ^2 + TIJ^2)^1/2 + DJ) / 2 + PE
    Total System Jitter     (TSJ):    0.050ns
    Total Input Jitter      (TIJ):    0.000ns
    Discrete Jitter          (DJ):    0.000ns
    Phase Error              (PE):    0.000ns

    Location             Delay type                Incr(ns)  Path(ns)    Netlist Resource(s)
  -------------------------------------------------------------------    -------------------
    N17                                               0.000     0.000 f  reset (IN)
                         net (fo=0)                   0.000     0.000    reset
    N17                  IBUF (Prop_ibuf_I_O)         1.477     1.477 f  reset_IBUF_inst/O
                         net (fo=41, routed)          2.071     3.547    clk_div_u/reset_IBUF
    SLICE_X0Y96          FDCE                                         f  clk_div_u/counter_reg[23]/CLR
  -------------------------------------------------------------------    -------------------

                         (clock sys_clk rise edge)    0.000     0.000 r  
    E3                                                0.000     0.000 r  clock (IN)
                         net (fo=0)                   0.000     0.000    clock
    E3                   IBUF (Prop_ibuf_I_O)         1.411     1.411 r  clock_IBUF_inst/O
                         net (fo=1, routed)           1.920     3.331    clock_IBUF
    BUFGCTRL_X0Y16       BUFG (Prop_bufg_I_O)         0.091     3.422 r  clock_IBUF_BUFG_inst/O
                         net (fo=28, routed)          1.605     5.028    clk_div_u/clk_en_reg_0
    SLICE_X0Y96          FDCE                                         r  clk_div_u/counter_reg[23]/C

Slack:                    inf
  Source:                 reset
                            (input port)
  Destination:            clk_div_u/counter_reg[24]/CLR
                            (recovery check against rising-edge clock sys_clk  {rise@0.000ns fall@5.000ns period=10.000ns})
  Path Group:             (none)
  Path Type:              Recovery (Max at Slow Process Corner)
  Data Path Delay:        3.547ns  (logic 1.477ns (41.625%)  route 2.071ns (58.375%))
  Logic Levels:           1  (IBUF=1)
  Clock Path Skew:        5.028ns (DCD - SCD + CPR)
    Destination Clock Delay (DCD):    5.028ns
    Source Clock Delay      (SCD):    0.000ns
    Clock Pessimism Removal (CPR):    0.000ns
  Clock Uncertainty:      0.025ns  ((TSJ^2 + TIJ^2)^1/2 + DJ) / 2 + PE
    Total System Jitter     (TSJ):    0.050ns
    Total Input Jitter      (TIJ):    0.000ns
    Discrete Jitter          (DJ):    0.000ns
    Phase Error              (PE):    0.000ns

    Location             Delay type                Incr(ns)  Path(ns)    Netlist Resource(s)
  -------------------------------------------------------------------    -------------------
    N17                                               0.000     0.000 f  reset (IN)
                         net (fo=0)                   0.000     0.000    reset
    N17                  IBUF (Prop_ibuf_I_O)         1.477     1.477 f  reset_IBUF_inst/O
                         net (fo=41, routed)          2.071     3.547    clk_div_u/reset_IBUF
    SLICE_X0Y96          FDCE                                         f  clk_div_u/counter_reg[24]/CLR
  -------------------------------------------------------------------    -------------------

                         (clock sys_clk rise edge)    0.000     0.000 r  
    E3                                                0.000     0.000 r  clock (IN)
                         net (fo=0)                   0.000     0.000    clock
    E3                   IBUF (Prop_ibuf_I_O)         1.411     1.411 r  clock_IBUF_inst/O
                         net (fo=1, routed)           1.920     3.331    clock_IBUF
    BUFGCTRL_X0Y16       BUFG (Prop_bufg_I_O)         0.091     3.422 r  clock_IBUF_BUFG_inst/O
                         net (fo=28, routed)          1.605     5.028    clk_div_u/clk_en_reg_0
    SLICE_X0Y96          FDCE                                         r  clk_div_u/counter_reg[24]/C

Slack:                    inf
  Source:                 reset
                            (input port)
  Destination:            clk_div_u/counter_reg[0]/CLR
                            (recovery check against rising-edge clock sys_clk  {rise@0.000ns fall@5.000ns period=10.000ns})
  Path Group:             (none)
  Path Type:              Recovery (Max at Slow Process Corner)
  Data Path Delay:        3.543ns  (logic 1.477ns (41.676%)  route 2.066ns (58.324%))
  Logic Levels:           1  (IBUF=1)
  Clock Path Skew:        5.028ns (DCD - SCD + CPR)
    Destination Clock Delay (DCD):    5.028ns
    Source Clock Delay      (SCD):    0.000ns
    Clock Pessimism Removal (CPR):    0.000ns
  Clock Uncertainty:      0.025ns  ((TSJ^2 + TIJ^2)^1/2 + DJ) / 2 + PE
    Total System Jitter     (TSJ):    0.050ns
    Total Input Jitter      (TIJ):    0.000ns
    Discrete Jitter          (DJ):    0.000ns
    Phase Error              (PE):    0.000ns

    Location             Delay type                Incr(ns)  Path(ns)    Netlist Resource(s)
  -------------------------------------------------------------------    -------------------
    N17                                               0.000     0.000 f  reset (IN)
                         net (fo=0)                   0.000     0.000    reset
    N17                  IBUF (Prop_ibuf_I_O)         1.477     1.477 f  reset_IBUF_inst/O
                         net (fo=41, routed)          2.066     3.543    clk_div_u/reset_IBUF
    SLICE_X1Y96          FDCE                                         f  clk_div_u/counter_reg[0]/CLR
  -------------------------------------------------------------------    -------------------

                         (clock sys_clk rise edge)    0.000     0.000 r  
    E3                                                0.000     0.000 r  clock (IN)
                         net (fo=0)                   0.000     0.000    clock
    E3                   IBUF (Prop_ibuf_I_O)         1.411     1.411 r  clock_IBUF_inst/O
                         net (fo=1, routed)           1.920     3.331    clock_IBUF
    BUFGCTRL_X0Y16       BUFG (Prop_bufg_I_O)         0.091     3.422 r  clock_IBUF_BUFG_inst/O
                         net (fo=28, routed)          1.605     5.028    clk_div_u/clk_en_reg_0
    SLICE_X1Y96          FDCE                                         r  clk_div_u/counter_reg[0]/C

Slack:                    inf
  Source:                 reset
                            (input port)
  Destination:            clk_div_u/counter_reg[25]/CLR
                            (recovery check against rising-edge clock sys_clk  {rise@0.000ns fall@5.000ns period=10.000ns})
  Path Group:             (none)
  Path Type:              Recovery (Max at Slow Process Corner)
  Data Path Delay:        3.414ns  (logic 1.477ns (43.256%)  route 1.937ns (56.744%))
  Logic Levels:           1  (IBUF=1)
  Clock Path Skew:        5.028ns (DCD - SCD + CPR)
    Destination Clock Delay (DCD):    5.028ns
    Source Clock Delay      (SCD):    0.000ns
    Clock Pessimism Removal (CPR):    0.000ns
  Clock Uncertainty:      0.025ns  ((TSJ^2 + TIJ^2)^1/2 + DJ) / 2 + PE
    Total System Jitter     (TSJ):    0.050ns
    Total Input Jitter      (TIJ):    0.000ns
    Discrete Jitter          (DJ):    0.000ns
    Phase Error              (PE):    0.000ns

    Location             Delay type                Incr(ns)  Path(ns)    Netlist Resource(s)
  -------------------------------------------------------------------    -------------------
    N17                                               0.000     0.000 f  reset (IN)
                         net (fo=0)                   0.000     0.000    reset
    N17                  IBUF (Prop_ibuf_I_O)         1.477     1.477 f  reset_IBUF_inst/O
                         net (fo=41, routed)          1.937     3.414    clk_div_u/reset_IBUF
    SLICE_X2Y96          FDCE                                         f  clk_div_u/counter_reg[25]/CLR
  -------------------------------------------------------------------    -------------------

                         (clock sys_clk rise edge)    0.000     0.000 r  
    E3                                                0.000     0.000 r  clock (IN)
                         net (fo=0)                   0.000     0.000    clock
    E3                   IBUF (Prop_ibuf_I_O)         1.411     1.411 r  clock_IBUF_inst/O
                         net (fo=1, routed)           1.920     3.331    clock_IBUF
    BUFGCTRL_X0Y16       BUFG (Prop_bufg_I_O)         0.091     3.422 r  clock_IBUF_BUFG_inst/O
                         net (fo=28, routed)          1.605     5.028    clk_div_u/clk_en_reg_0
    SLICE_X2Y96          FDCE                                         r  clk_div_u/counter_reg[25]/C

Slack:                    inf
  Source:                 reset
                            (input port)
  Destination:            clk_div_u/counter_reg[26]/CLR
                            (recovery check against rising-edge clock sys_clk  {rise@0.000ns fall@5.000ns period=10.000ns})
  Path Group:             (none)
  Path Type:              Recovery (Max at Slow Process Corner)
  Data Path Delay:        3.414ns  (logic 1.477ns (43.256%)  route 1.937ns (56.744%))
  Logic Levels:           1  (IBUF=1)
  Clock Path Skew:        5.028ns (DCD - SCD + CPR)
    Destination Clock Delay (DCD):    5.028ns
    Source Clock Delay      (SCD):    0.000ns
    Clock Pessimism Removal (CPR):    0.000ns
  Clock Uncertainty:      0.025ns  ((TSJ^2 + TIJ^2)^1/2 + DJ) / 2 + PE
    Total System Jitter     (TSJ):    0.050ns
    Total Input Jitter      (TIJ):    0.000ns
    Discrete Jitter          (DJ):    0.000ns
    Phase Error              (PE):    0.000ns

    Location             Delay type                Incr(ns)  Path(ns)    Netlist Resource(s)
  -------------------------------------------------------------------    -------------------
    N17                                               0.000     0.000 f  reset (IN)
                         net (fo=0)                   0.000     0.000    reset
    N17                  IBUF (Prop_ibuf_I_O)         1.477     1.477 f  reset_IBUF_inst/O
                         net (fo=41, routed)          1.937     3.414    clk_div_u/reset_IBUF
    SLICE_X2Y96          FDCE                                         f  clk_div_u/counter_reg[26]/CLR
  -------------------------------------------------------------------    -------------------

                         (clock sys_clk rise edge)    0.000     0.000 r  
    E3                                                0.000     0.000 r  clock (IN)
                         net (fo=0)                   0.000     0.000    clock
    E3                   IBUF (Prop_ibuf_I_O)         1.411     1.411 r  clock_IBUF_inst/O
                         net (fo=1, routed)           1.920     3.331    clock_IBUF
    BUFGCTRL_X0Y16       BUFG (Prop_bufg_I_O)         0.091     3.422 r  clock_IBUF_BUFG_inst/O
                         net (fo=28, routed)          1.605     5.028    clk_div_u/clk_en_reg_0
    SLICE_X2Y96          FDCE                                         r  clk_div_u/counter_reg[26]/C

Slack:                    inf
  Source:                 reset
                            (input port)
  Destination:            clk_div_u/clk_en_reg/CLR
                            (recovery check against rising-edge clock sys_clk  {rise@0.000ns fall@5.000ns period=10.000ns})
  Path Group:             (none)
  Path Type:              Recovery (Max at Slow Process Corner)
  Data Path Delay:        3.411ns  (logic 1.477ns (43.288%)  route 1.934ns (56.712%))
  Logic Levels:           1  (IBUF=1)
  Clock Path Skew:        5.028ns (DCD - SCD + CPR)
    Destination Clock Delay (DCD):    5.028ns
    Source Clock Delay      (SCD):    0.000ns
    Clock Pessimism Removal (CPR):    0.000ns
  Clock Uncertainty:      0.025ns  ((TSJ^2 + TIJ^2)^1/2 + DJ) / 2 + PE
    Total System Jitter     (TSJ):    0.050ns
    Total Input Jitter      (TIJ):    0.000ns
    Discrete Jitter          (DJ):    0.000ns
    Phase Error              (PE):    0.000ns

    Location             Delay type                Incr(ns)  Path(ns)    Netlist Resource(s)
  -------------------------------------------------------------------    -------------------
    N17                                               0.000     0.000 f  reset (IN)
                         net (fo=0)                   0.000     0.000    reset
    N17                  IBUF (Prop_ibuf_I_O)         1.477     1.477 f  reset_IBUF_inst/O
                         net (fo=41, routed)          1.934     3.411    clk_div_u/reset_IBUF
    SLICE_X0Y95          FDCE                                         f  clk_div_u/clk_en_reg/CLR
  -------------------------------------------------------------------    -------------------

                         (clock sys_clk rise edge)    0.000     0.000 r  
    E3                                                0.000     0.000 r  clock (IN)
                         net (fo=0)                   0.000     0.000    clock
    E3                   IBUF (Prop_ibuf_I_O)         1.411     1.411 r  clock_IBUF_inst/O
                         net (fo=1, routed)           1.920     3.331    clock_IBUF
    BUFGCTRL_X0Y16       BUFG (Prop_bufg_I_O)         0.091     3.422 r  clock_IBUF_BUFG_inst/O
                         net (fo=28, routed)          1.605     5.028    clk_div_u/clk_en_reg_0
    SLICE_X0Y95          FDCE                                         r  clk_div_u/clk_en_reg/C

Slack:                    inf
  Source:                 reset
                            (input port)
  Destination:            clk_div_u/counter_reg[17]/CLR
                            (recovery check against rising-edge clock sys_clk  {rise@0.000ns fall@5.000ns period=10.000ns})
  Path Group:             (none)
  Path Type:              Recovery (Max at Slow Process Corner)
  Data Path Delay:        3.411ns  (logic 1.477ns (43.288%)  route 1.934ns (56.712%))
  Logic Levels:           1  (IBUF=1)
  Clock Path Skew:        5.028ns (DCD - SCD + CPR)
    Destination Clock Delay (DCD):    5.028ns
    Source Clock Delay      (SCD):    0.000ns
    Clock Pessimism Removal (CPR):    0.000ns
  Clock Uncertainty:      0.025ns  ((TSJ^2 + TIJ^2)^1/2 + DJ) / 2 + PE
    Total System Jitter     (TSJ):    0.050ns
    Total Input Jitter      (TIJ):    0.000ns
    Discrete Jitter          (DJ):    0.000ns
    Phase Error              (PE):    0.000ns

    Location             Delay type                Incr(ns)  Path(ns)    Netlist Resource(s)
  -------------------------------------------------------------------    -------------------
    N17                                               0.000     0.000 f  reset (IN)
                         net (fo=0)                   0.000     0.000    reset
    N17                  IBUF (Prop_ibuf_I_O)         1.477     1.477 f  reset_IBUF_inst/O
                         net (fo=41, routed)          1.934     3.411    clk_div_u/reset_IBUF
    SLICE_X0Y95          FDCE                                         f  clk_div_u/counter_reg[17]/CLR
  -------------------------------------------------------------------    -------------------

                         (clock sys_clk rise edge)    0.000     0.000 r  
    E3                                                0.000     0.000 r  clock (IN)
                         net (fo=0)                   0.000     0.000    clock
    E3                   IBUF (Prop_ibuf_I_O)         1.411     1.411 r  clock_IBUF_inst/O
                         net (fo=1, routed)           1.920     3.331    clock_IBUF
    BUFGCTRL_X0Y16       BUFG (Prop_bufg_I_O)         0.091     3.422 r  clock_IBUF_BUFG_inst/O
                         net (fo=28, routed)          1.605     5.028    clk_div_u/clk_en_reg_0
    SLICE_X0Y95          FDCE                                         r  clk_div_u/counter_reg[17]/C

Slack:                    inf
  Source:                 reset
                            (input port)
  Destination:            clk_div_u/counter_reg[18]/CLR
                            (recovery check against rising-edge clock sys_clk  {rise@0.000ns fall@5.000ns period=10.000ns})
  Path Group:             (none)
  Path Type:              Recovery (Max at Slow Process Corner)
  Data Path Delay:        3.411ns  (logic 1.477ns (43.288%)  route 1.934ns (56.712%))
  Logic Levels:           1  (IBUF=1)
  Clock Path Skew:        5.028ns (DCD - SCD + CPR)
    Destination Clock Delay (DCD):    5.028ns
    Source Clock Delay      (SCD):    0.000ns
    Clock Pessimism Removal (CPR):    0.000ns
  Clock Uncertainty:      0.025ns  ((TSJ^2 + TIJ^2)^1/2 + DJ) / 2 + PE
    Total System Jitter     (TSJ):    0.050ns
    Total Input Jitter      (TIJ):    0.000ns
    Discrete Jitter          (DJ):    0.000ns
    Phase Error              (PE):    0.000ns

    Location             Delay type                Incr(ns)  Path(ns)    Netlist Resource(s)
  -------------------------------------------------------------------    -------------------
    N17                                               0.000     0.000 f  reset (IN)
                         net (fo=0)                   0.000     0.000    reset
    N17                  IBUF (Prop_ibuf_I_O)         1.477     1.477 f  reset_IBUF_inst/O
                         net (fo=41, routed)          1.934     3.411    clk_div_u/reset_IBUF
    SLICE_X0Y95          FDCE                                         f  clk_div_u/counter_reg[18]/CLR
  -------------------------------------------------------------------    -------------------

                         (clock sys_clk rise edge)    0.000     0.000 r  
    E3                                                0.000     0.000 r  clock (IN)
                         net (fo=0)                   0.000     0.000    clock
    E3                   IBUF (Prop_ibuf_I_O)         1.411     1.411 r  clock_IBUF_inst/O
                         net (fo=1, routed)           1.920     3.331    clock_IBUF
    BUFGCTRL_X0Y16       BUFG (Prop_bufg_I_O)         0.091     3.422 r  clock_IBUF_BUFG_inst/O
                         net (fo=28, routed)          1.605     5.028    clk_div_u/clk_en_reg_0
    SLICE_X0Y95          FDCE                                         r  clk_div_u/counter_reg[18]/C





Min Delay Paths
--------------------------------------------------------------------------------------
Slack:                    inf
  Source:                 reset
                            (input port)
  Destination:            clk_div_u/counter_reg[1]/CLR
                            (removal check against rising-edge clock sys_clk  {rise@0.000ns fall@5.000ns period=10.000ns})
  Path Group:             (none)
  Path Type:              Removal (Min at Fast Process Corner)
  Data Path Delay:        0.788ns  (logic 0.244ns (31.021%)  route 0.544ns (68.979%))
  Logic Levels:           1  (IBUF=1)
  Clock Path Skew:        2.041ns (DCD - SCD - CPR)
    Destination Clock Delay (DCD):    2.041ns
    Source Clock Delay      (SCD):    0.000ns
    Clock Pessimism Removal (CPR):    -0.000ns

    Location             Delay type                Incr(ns)  Path(ns)    Netlist Resource(s)
  -------------------------------------------------------------------    -------------------
    N17                                               0.000     0.000 f  reset (IN)
                         net (fo=0)                   0.000     0.000    reset
    N17                  IBUF (Prop_ibuf_I_O)         0.244     0.244 f  reset_IBUF_inst/O
                         net (fo=41, routed)          0.544     0.788    clk_div_u/reset_IBUF
    SLICE_X0Y91          FDCE                                         f  clk_div_u/counter_reg[1]/CLR
  -------------------------------------------------------------------    -------------------

                         (clock sys_clk rise edge)    0.000     0.000 r  
    E3                                                0.000     0.000 r  clock (IN)
                         net (fo=0)                   0.000     0.000    clock
    E3                   IBUF (Prop_ibuf_I_O)         0.438     0.438 r  clock_IBUF_inst/O
                         net (fo=1, routed)           0.699     1.136    clock_IBUF
    BUFGCTRL_X0Y16       BUFG (Prop_bufg_I_O)         0.029     1.165 r  clock_IBUF_BUFG_inst/O
                         net (fo=28, routed)          0.876     2.041    clk_div_u/clk_en_reg_0
    SLICE_X0Y91          FDCE                                         r  clk_div_u/counter_reg[1]/C

Slack:                    inf
  Source:                 reset
                            (input port)
  Destination:            clk_div_u/counter_reg[2]/CLR
                            (removal check against rising-edge clock sys_clk  {rise@0.000ns fall@5.000ns period=10.000ns})
  Path Group:             (none)
  Path Type:              Removal (Min at Fast Process Corner)
  Data Path Delay:        0.788ns  (logic 0.244ns (31.021%)  route 0.544ns (68.979%))
  Logic Levels:           1  (IBUF=1)
  Clock Path Skew:        2.041ns (DCD - SCD - CPR)
    Destination Clock Delay (DCD):    2.041ns
    Source Clock Delay      (SCD):    0.000ns
    Clock Pessimism Removal (CPR):    -0.000ns

    Location             Delay type                Incr(ns)  Path(ns)    Netlist Resource(s)
  -------------------------------------------------------------------    -------------------
    N17                                               0.000     0.000 f  reset (IN)
                         net (fo=0)                   0.000     0.000    reset
    N17                  IBUF (Prop_ibuf_I_O)         0.244     0.244 f  reset_IBUF_inst/O
                         net (fo=41, routed)          0.544     0.788    clk_div_u/reset_IBUF
    SLICE_X0Y91          FDCE                                         f  clk_div_u/counter_reg[2]/CLR
  -------------------------------------------------------------------    -------------------

                         (clock sys_clk rise edge)    0.000     0.000 r  
    E3                                                0.000     0.000 r  clock (IN)
                         net (fo=0)                   0.000     0.000    clock
    E3                   IBUF (Prop_ibuf_I_O)         0.438     0.438 r  clock_IBUF_inst/O
                         net (fo=1, routed)           0.699     1.136    clock_IBUF
    BUFGCTRL_X0Y16       BUFG (Prop_bufg_I_O)         0.029     1.165 r  clock_IBUF_BUFG_inst/O
                         net (fo=28, routed)          0.876     2.041    clk_div_u/clk_en_reg_0
    SLICE_X0Y91          FDCE                                         r  clk_div_u/counter_reg[2]/C

Slack:                    inf
  Source:                 reset
                            (input port)
  Destination:            clk_div_u/counter_reg[3]/CLR
                            (removal check against rising-edge clock sys_clk  {rise@0.000ns fall@5.000ns period=10.000ns})
  Path Group:             (none)
  Path Type:              Removal (Min at Fast Process Corner)
  Data Path Delay:        0.788ns  (logic 0.244ns (31.021%)  route 0.544ns (68.979%))
  Logic Levels:           1  (IBUF=1)
  Clock Path Skew:        2.041ns (DCD - SCD - CPR)
    Destination Clock Delay (DCD):    2.041ns
    Source Clock Delay      (SCD):    0.000ns
    Clock Pessimism Removal (CPR):    -0.000ns

    Location             Delay type                Incr(ns)  Path(ns)    Netlist Resource(s)
  -------------------------------------------------------------------    -------------------
    N17                                               0.000     0.000 f  reset (IN)
                         net (fo=0)                   0.000     0.000    reset
    N17                  IBUF (Prop_ibuf_I_O)         0.244     0.244 f  reset_IBUF_inst/O
                         net (fo=41, routed)          0.544     0.788    clk_div_u/reset_IBUF
    SLICE_X0Y91          FDCE                                         f  clk_div_u/counter_reg[3]/CLR
  -------------------------------------------------------------------    -------------------

                         (clock sys_clk rise edge)    0.000     0.000 r  
    E3                                                0.000     0.000 r  clock (IN)
                         net (fo=0)                   0.000     0.000    clock
    E3                   IBUF (Prop_ibuf_I_O)         0.438     0.438 r  clock_IBUF_inst/O
                         net (fo=1, routed)           0.699     1.136    clock_IBUF
    BUFGCTRL_X0Y16       BUFG (Prop_bufg_I_O)         0.029     1.165 r  clock_IBUF_BUFG_inst/O
                         net (fo=28, routed)          0.876     2.041    clk_div_u/clk_en_reg_0
    SLICE_X0Y91          FDCE                                         r  clk_div_u/counter_reg[3]/C

Slack:                    inf
  Source:                 reset
                            (input port)
  Destination:            clk_div_u/counter_reg[4]/CLR
                            (removal check against rising-edge clock sys_clk  {rise@0.000ns fall@5.000ns period=10.000ns})
  Path Group:             (none)
  Path Type:              Removal (Min at Fast Process Corner)
  Data Path Delay:        0.788ns  (logic 0.244ns (31.021%)  route 0.544ns (68.979%))
  Logic Levels:           1  (IBUF=1)
  Clock Path Skew:        2.041ns (DCD - SCD - CPR)
    Destination Clock Delay (DCD):    2.041ns
    Source Clock Delay      (SCD):    0.000ns
    Clock Pessimism Removal (CPR):    -0.000ns

    Location             Delay type                Incr(ns)  Path(ns)    Netlist Resource(s)
  -------------------------------------------------------------------    -------------------
    N17                                               0.000     0.000 f  reset (IN)
                         net (fo=0)                   0.000     0.000    reset
    N17                  IBUF (Prop_ibuf_I_O)         0.244     0.244 f  reset_IBUF_inst/O
                         net (fo=41, routed)          0.544     0.788    clk_div_u/reset_IBUF
    SLICE_X0Y91          FDCE                                         f  clk_div_u/counter_reg[4]/CLR
  -------------------------------------------------------------------    -------------------

                         (clock sys_clk rise edge)    0.000     0.000 r  
    E3                                                0.000     0.000 r  clock (IN)
                         net (fo=0)                   0.000     0.000    clock
    E3                   IBUF (Prop_ibuf_I_O)         0.438     0.438 r  clock_IBUF_inst/O
                         net (fo=1, routed)           0.699     1.136    clock_IBUF
    BUFGCTRL_X0Y16       BUFG (Prop_bufg_I_O)         0.029     1.165 r  clock_IBUF_BUFG_inst/O
                         net (fo=28, routed)          0.876     2.041    clk_div_u/clk_en_reg_0
    SLICE_X0Y91          FDCE                                         r  clk_div_u/counter_reg[4]/C

Slack:                    inf
  Source:                 reset
                            (input port)
  Destination:            clk_div_u/counter_reg[5]/CLR
                            (removal check against rising-edge clock sys_clk  {rise@0.000ns fall@5.000ns period=10.000ns})
  Path Group:             (none)
  Path Type:              Removal (Min at Fast Process Corner)
  Data Path Delay:        0.863ns  (logic 0.244ns (28.338%)  route 0.618ns (71.662%))
  Logic Levels:           1  (IBUF=1)
  Clock Path Skew:        2.041ns (DCD - SCD - CPR)
    Destination Clock Delay (DCD):    2.041ns
    Source Clock Delay      (SCD):    0.000ns
    Clock Pessimism Removal (CPR):    -0.000ns

    Location             Delay type                Incr(ns)  Path(ns)    Netlist Resource(s)
  -------------------------------------------------------------------    -------------------
    N17                                               0.000     0.000 f  reset (IN)
                         net (fo=0)                   0.000     0.000    reset
    N17                  IBUF (Prop_ibuf_I_O)         0.244     0.244 f  reset_IBUF_inst/O
                         net (fo=41, routed)          0.618     0.863    clk_div_u/reset_IBUF
    SLICE_X0Y92          FDCE                                         f  clk_div_u/counter_reg[5]/CLR
  -------------------------------------------------------------------    -------------------

                         (clock sys_clk rise edge)    0.000     0.000 r  
    E3                                                0.000     0.000 r  clock (IN)
                         net (fo=0)                   0.000     0.000    clock
    E3                   IBUF (Prop_ibuf_I_O)         0.438     0.438 r  clock_IBUF_inst/O
                         net (fo=1, routed)           0.699     1.136    clock_IBUF
    BUFGCTRL_X0Y16       BUFG (Prop_bufg_I_O)         0.029     1.165 r  clock_IBUF_BUFG_inst/O
                         net (fo=28, routed)          0.876     2.041    clk_div_u/clk_en_reg_0
    SLICE_X0Y92          FDCE                                         r  clk_div_u/counter_reg[5]/C

Slack:                    inf
  Source:                 reset
                            (input port)
  Destination:            clk_div_u/counter_reg[6]/CLR
                            (removal check against rising-edge clock sys_clk  {rise@0.000ns fall@5.000ns period=10.000ns})
  Path Group:             (none)
  Path Type:              Removal (Min at Fast Process Corner)
  Data Path Delay:        0.863ns  (logic 0.244ns (28.338%)  route 0.618ns (71.662%))
  Logic Levels:           1  (IBUF=1)
  Clock Path Skew:        2.041ns (DCD - SCD - CPR)
    Destination Clock Delay (DCD):    2.041ns
    Source Clock Delay      (SCD):    0.000ns
    Clock Pessimism Removal (CPR):    -0.000ns

    Location             Delay type                Incr(ns)  Path(ns)    Netlist Resource(s)
  -------------------------------------------------------------------    -------------------
    N17                                               0.000     0.000 f  reset (IN)
                         net (fo=0)                   0.000     0.000    reset
    N17                  IBUF (Prop_ibuf_I_O)         0.244     0.244 f  reset_IBUF_inst/O
                         net (fo=41, routed)          0.618     0.863    clk_div_u/reset_IBUF
    SLICE_X0Y92          FDCE                                         f  clk_div_u/counter_reg[6]/CLR
  -------------------------------------------------------------------    -------------------

                         (clock sys_clk rise edge)    0.000     0.000 r  
    E3                                                0.000     0.000 r  clock (IN)
                         net (fo=0)                   0.000     0.000    clock
    E3                   IBUF (Prop_ibuf_I_O)         0.438     0.438 r  clock_IBUF_inst/O
                         net (fo=1, routed)           0.699     1.136    clock_IBUF
    BUFGCTRL_X0Y16       BUFG (Prop_bufg_I_O)         0.029     1.165 r  clock_IBUF_BUFG_inst/O
                         net (fo=28, routed)          0.876     2.041    clk_div_u/clk_en_reg_0
    SLICE_X0Y92          FDCE                                         r  clk_div_u/counter_reg[6]/C

Slack:                    inf
  Source:                 reset
                            (input port)
  Destination:            clk_div_u/counter_reg[7]/CLR
                            (removal check against rising-edge clock sys_clk  {rise@0.000ns fall@5.000ns period=10.000ns})
  Path Group:             (none)
  Path Type:              Removal (Min at Fast Process Corner)
  Data Path Delay:        0.863ns  (logic 0.244ns (28.338%)  route 0.618ns (71.662%))
  Logic Levels:           1  (IBUF=1)
  Clock Path Skew:        2.041ns (DCD - SCD - CPR)
    Destination Clock Delay (DCD):    2.041ns
    Source Clock Delay      (SCD):    0.000ns
    Clock Pessimism Removal (CPR):    -0.000ns

    Location             Delay type                Incr(ns)  Path(ns)    Netlist Resource(s)
  -------------------------------------------------------------------    -------------------
    N17                                               0.000     0.000 f  reset (IN)
                         net (fo=0)                   0.000     0.000    reset
    N17                  IBUF (Prop_ibuf_I_O)         0.244     0.244 f  reset_IBUF_inst/O
                         net (fo=41, routed)          0.618     0.863    clk_div_u/reset_IBUF
    SLICE_X0Y92          FDCE                                         f  clk_div_u/counter_reg[7]/CLR
  -------------------------------------------------------------------    -------------------

                         (clock sys_clk rise edge)    0.000     0.000 r  
    E3                                                0.000     0.000 r  clock (IN)
                         net (fo=0)                   0.000     0.000    clock
    E3                   IBUF (Prop_ibuf_I_O)         0.438     0.438 r  clock_IBUF_inst/O
                         net (fo=1, routed)           0.699     1.136    clock_IBUF
    BUFGCTRL_X0Y16       BUFG (Prop_bufg_I_O)         0.029     1.165 r  clock_IBUF_BUFG_inst/O
                         net (fo=28, routed)          0.876     2.041    clk_div_u/clk_en_reg_0
    SLICE_X0Y92          FDCE                                         r  clk_div_u/counter_reg[7]/C

Slack:                    inf
  Source:                 reset
                            (input port)
  Destination:            clk_div_u/counter_reg[8]/CLR
                            (removal check against rising-edge clock sys_clk  {rise@0.000ns fall@5.000ns period=10.000ns})
  Path Group:             (none)
  Path Type:              Removal (Min at Fast Process Corner)
  Data Path Delay:        0.863ns  (logic 0.244ns (28.338%)  route 0.618ns (71.662%))
  Logic Levels:           1  (IBUF=1)
  Clock Path Skew:        2.041ns (DCD - SCD - CPR)
    Destination Clock Delay (DCD):    2.041ns
    Source Clock Delay      (SCD):    0.000ns
    Clock Pessimism Removal (CPR):    -0.000ns

    Location             Delay type                Incr(ns)  Path(ns)    Netlist Resource(s)
  -------------------------------------------------------------------    -------------------
    N17                                               0.000     0.000 f  reset (IN)
                         net (fo=0)                   0.000     0.000    reset
    N17                  IBUF (Prop_ibuf_I_O)         0.244     0.244 f  reset_IBUF_inst/O
                         net (fo=41, routed)          0.618     0.863    clk_div_u/reset_IBUF
    SLICE_X0Y92          FDCE                                         f  clk_div_u/counter_reg[8]/CLR
  -------------------------------------------------------------------    -------------------

                         (clock sys_clk rise edge)    0.000     0.000 r  
    E3                                                0.000     0.000 r  clock (IN)
                         net (fo=0)                   0.000     0.000    clock
    E3                   IBUF (Prop_ibuf_I_O)         0.438     0.438 r  clock_IBUF_inst/O
                         net (fo=1, routed)           0.699     1.136    clock_IBUF
    BUFGCTRL_X0Y16       BUFG (Prop_bufg_I_O)         0.029     1.165 r  clock_IBUF_BUFG_inst/O
                         net (fo=28, routed)          0.876     2.041    clk_div_u/clk_en_reg_0
    SLICE_X0Y92          FDCE                                         r  clk_div_u/counter_reg[8]/C

Slack:                    inf
  Source:                 reset
                            (input port)
  Destination:            clk_div_u/counter_reg[10]/CLR
                            (removal check against rising-edge clock sys_clk  {rise@0.000ns fall@5.000ns period=10.000ns})
  Path Group:             (none)
  Path Type:              Removal (Min at Fast Process Corner)
  Data Path Delay:        0.918ns  (logic 0.244ns (26.643%)  route 0.673ns (73.357%))
  Logic Levels:           1  (IBUF=1)
  Clock Path Skew:        2.042ns (DCD - SCD - CPR)
    Destination Clock Delay (DCD):    2.042ns
    Source Clock Delay      (SCD):    0.000ns
    Clock Pessimism Removal (CPR):    -0.000ns

    Location             Delay type                Incr(ns)  Path(ns)    Netlist Resource(s)
  -------------------------------------------------------------------    -------------------
    N17                                               0.000     0.000 f  reset (IN)
                         net (fo=0)                   0.000     0.000    reset
    N17                  IBUF (Prop_ibuf_I_O)         0.244     0.244 f  reset_IBUF_inst/O
                         net (fo=41, routed)          0.673     0.918    clk_div_u/reset_IBUF
    SLICE_X0Y93          FDCE                                         f  clk_div_u/counter_reg[10]/CLR
  -------------------------------------------------------------------    -------------------

                         (clock sys_clk rise edge)    0.000     0.000 r  
    E3                                                0.000     0.000 r  clock (IN)
                         net (fo=0)                   0.000     0.000    clock
    E3                   IBUF (Prop_ibuf_I_O)         0.438     0.438 r  clock_IBUF_inst/O
                         net (fo=1, routed)           0.699     1.136    clock_IBUF
    BUFGCTRL_X0Y16       BUFG (Prop_bufg_I_O)         0.029     1.165 r  clock_IBUF_BUFG_inst/O
                         net (fo=28, routed)          0.877     2.042    clk_div_u/clk_en_reg_0
    SLICE_X0Y93          FDCE                                         r  clk_div_u/counter_reg[10]/C

Slack:                    inf
  Source:                 reset
                            (input port)
  Destination:            clk_div_u/counter_reg[11]/CLR
                            (removal check against rising-edge clock sys_clk  {rise@0.000ns fall@5.000ns period=10.000ns})
  Path Group:             (none)
  Path Type:              Removal (Min at Fast Process Corner)
  Data Path Delay:        0.918ns  (logic 0.244ns (26.643%)  route 0.673ns (73.357%))
  Logic Levels:           1  (IBUF=1)
  Clock Path Skew:        2.042ns (DCD - SCD - CPR)
    Destination Clock Delay (DCD):    2.042ns
    Source Clock Delay      (SCD):    0.000ns
    Clock Pessimism Removal (CPR):    -0.000ns

    Location             Delay type                Incr(ns)  Path(ns)    Netlist Resource(s)
  -------------------------------------------------------------------    -------------------
    N17                                               0.000     0.000 f  reset (IN)
                         net (fo=0)                   0.000     0.000    reset
    N17                  IBUF (Prop_ibuf_I_O)         0.244     0.244 f  reset_IBUF_inst/O
                         net (fo=41, routed)          0.673     0.918    clk_div_u/reset_IBUF
    SLICE_X0Y93          FDCE                                         f  clk_div_u/counter_reg[11]/CLR
  -------------------------------------------------------------------    -------------------

                         (clock sys_clk rise edge)    0.000     0.000 r  
    E3                                                0.000     0.000 r  clock (IN)
                         net (fo=0)                   0.000     0.000    clock
    E3                   IBUF (Prop_ibuf_I_O)         0.438     0.438 r  clock_IBUF_inst/O
                         net (fo=1, routed)           0.699     1.136    clock_IBUF
    BUFGCTRL_X0Y16       BUFG (Prop_bufg_I_O)         0.029     1.165 r  clock_IBUF_BUFG_inst/O
                         net (fo=28, routed)          0.877     2.042    clk_div_u/clk_en_reg_0
    SLICE_X0Y93          FDCE                                         r  clk_div_u/counter_reg[11]/C





